DateTime,Actual,Predicted,Baseline,Error,Absolute_Error,Hour,DayName,Month
2009-03-16 13:00:00,0.2663,1.0151030584320777,1.3517333333333332,-0.7488030584320775,0.7488030584320775,13,Monday,3
2009-03-16 14:00:00,0.2776666666666667,1.1611567213691107,1.0194666666666667,-0.883490054702444,0.883490054702444,14,Monday,3
2009-03-16 15:00:00,0.3155333333333333,0.4950015088816833,0.2663,-0.17946817554835,0.17946817554835,15,Monday,3
2009-03-16 16:00:00,0.2978666666666666,0.5551032202023451,0.2776666666666667,-0.2572365535356785,0.2572365535356785,16,Monday,3
2009-03-16 17:00:00,0.3187333333333333,1.091981747631241,0.3155333333333333,-0.7732484142979077,0.7732484142979077,17,Monday,3
2009-03-16 18:00:00,0.9918,1.1875678538240009,0.2978666666666666,-0.1957678538240008,0.1957678538240008,18,Monday,3
2009-03-16 19:00:00,1.7002,1.5489836344070822,0.3187333333333333,0.1512163655929177,0.1512163655929177,19,Monday,3
2009-03-16 20:00:00,2.8781166666666667,2.001918451443088,0.9918,0.876198215223579,0.876198215223579,20,Monday,3
2009-03-16 21:00:00,1.6568666666666667,1.543454988294532,1.7002,0.1134116783721348,0.1134116783721348,21,Monday,3
2009-03-16 22:00:00,0.3798333333333333,0.8948012893949102,2.8781166666666667,-0.514967956061577,0.514967956061577,22,Monday,3
2009-03-16 23:00:00,0.3024,0.5662504597769809,1.6568666666666667,-0.2638504597769808,0.2638504597769808,23,Monday,3
2009-03-17 00:00:00,0.3151,0.404859445602941,0.3798333333333333,-0.089759445602941,0.089759445602941,0,Tuesday,3
2009-03-17 01:00:00,0.9843333333333334,0.3816047635626288,0.3024,0.6027285697707045,0.6027285697707045,1,Tuesday,3
2009-03-17 02:00:00,0.2637666666666666,0.3720549301127961,0.3151,-0.1082882634461295,0.1082882634461295,2,Tuesday,3
2009-03-17 03:00:00,0.3048666666666667,0.5369207762431448,0.9843333333333334,-0.2320541095764781,0.2320541095764781,3,Tuesday,3
2009-03-17 04:00:00,0.2747,0.3961259169972943,0.2637666666666666,-0.1214259169972943,0.1214259169972943,4,Tuesday,3
2009-03-17 05:00:00,0.6872666666666666,0.9320279152191908,0.3048666666666667,-0.2447612485525241,0.2447612485525241,5,Tuesday,3
2009-03-17 06:00:00,1.7857333333333334,2.0029382292287226,0.2747,-0.2172048958953891,0.2172048958953891,6,Tuesday,3
2009-03-17 07:00:00,2.1597,1.7684808720703935,0.6872666666666666,0.3912191279296062,0.3912191279296062,7,Tuesday,3
2009-03-17 08:00:00,1.6120333333333332,1.6069888961954495,1.7857333333333334,0.0050444371378834,0.0050444371378834,8,Tuesday,3
2009-03-17 09:00:00,1.9627333333333328,1.743975484159903,2.1597,0.2187578491734296,0.2187578491734296,9,Tuesday,3
2009-03-17 10:00:00,1.7051,1.5454151081606464,1.6120333333333332,0.1596848918393536,0.1596848918393536,10,Tuesday,3
2009-03-17 11:00:00,1.4688,1.7396302298778668,1.9627333333333328,-0.2708302298778666,0.2708302298778666,11,Tuesday,3
2009-03-17 12:00:00,1.4798666666666669,1.54834929720453,1.7051,-0.0684826305378631,0.0684826305378631,12,Tuesday,3
2009-03-17 13:00:00,1.5333333333333334,1.3582571408249242,1.4688,0.1750761925084092,0.1750761925084092,13,Tuesday,3
2009-03-17 14:00:00,1.4693,1.265581002691302,1.4798666666666669,0.2037189973086979,0.2037189973086979,14,Tuesday,3
2009-03-17 15:00:00,1.2746333333333333,1.355358793167514,1.5333333333333334,-0.0807254598341806,0.0807254598341806,15,Tuesday,3
2009-03-17 16:00:00,0.3947666666666666,1.142980037963076,1.4693,-0.7482133712964095,0.7482133712964095,16,Tuesday,3
2009-03-17 17:00:00,0.4103,1.0356473993809876,1.2746333333333333,-0.6253473993809876,0.6253473993809876,17,Tuesday,3
2009-03-17 18:00:00,2.3256333333333337,1.733118056470071,0.3947666666666666,0.5925152768632627,0.5925152768632627,18,Tuesday,3
2009-03-17 19:00:00,3.874666666666666,1.9888153154976007,0.4103,1.885851351169065,1.885851351169065,19,Tuesday,3
2009-03-17 20:00:00,2.7364333333333333,2.2570802337578817,2.3256333333333337,0.4793530995754516,0.4793530995754516,20,Tuesday,3
2009-03-17 21:00:00,2.2280333333333333,1.802520910495611,3.874666666666666,0.4255124228377223,0.4255124228377223,21,Tuesday,3
2009-03-17 22:00:00,0.645,0.8549983932428783,2.7364333333333333,-0.2099983932428782,0.2099983932428782,22,Tuesday,3
2009-03-17 23:00:00,0.3221333333333333,0.6663519456008979,2.2280333333333333,-0.3442186122675646,0.3442186122675646,23,Tuesday,3
2009-03-18 00:00:00,0.5601333333333333,0.4710577817009629,0.645,0.0890755516323703,0.0890755516323703,0,Wednesday,3
2009-03-18 01:00:00,0.7177333333333333,0.3877422544374173,0.3221333333333333,0.329991078895916,0.329991078895916,1,Wednesday,3
2009-03-18 02:00:00,0.3154333333333333,0.4918640783244716,0.5601333333333333,-0.1764307449911383,0.1764307449911383,2,Wednesday,3
2009-03-18 03:00:00,0.2697666666666666,0.4899863742798264,0.7177333333333333,-0.2202197076131598,0.2202197076131598,3,Wednesday,3
2009-03-18 04:00:00,0.3032333333333333,0.4177056767466633,0.3154333333333333,-0.11447234341333,0.11447234341333,4,Wednesday,3
2009-03-18 05:00:00,1.1255666666666668,0.9560624544775695,0.2697666666666666,0.1695042121890971,0.1695042121890971,5,Wednesday,3
2009-03-18 06:00:00,1.8550666666666664,2.1616322875218272,0.3032333333333333,-0.3065656208551608,0.3065656208551608,6,Wednesday,3
2009-03-18 07:00:00,1.3858,1.9286987078810256,1.1255666666666668,-0.5428987078810259,0.5428987078810259,7,Wednesday,3
2009-03-18 08:00:00,1.3394,1.6020306234435284,1.8550666666666664,-0.2626306234435285,0.2626306234435285,8,Wednesday,3
2009-03-18 09:00:00,1.4265333333333332,1.508222116407278,1.3858,-0.0816887830739447,0.0816887830739447,9,Wednesday,3
2009-03-18 10:00:00,1.5093,1.2176677717532003,1.3394,0.2916322282467998,0.2916322282467998,10,Wednesday,3
2009-03-18 11:00:00,1.5359,1.4747678909083466,1.4265333333333332,0.0611321090916534,0.0611321090916534,11,Wednesday,3
2009-03-18 12:00:00,1.4208666666666665,1.3713954982399457,1.5093,0.0494711684267208,0.0494711684267208,12,Wednesday,3
2009-03-18 13:00:00,1.4108666666666667,1.3368439694594,1.5359,0.0740226972072668,0.0740226972072668,13,Wednesday,3
2009-03-18 14:00:00,0.7281,1.46871835201988,1.4208666666666665,-0.7406183520198801,0.7406183520198801,14,Wednesday,3
2009-03-18 15:00:00,0.3808999999999999,1.2878930395607455,1.4108666666666667,-0.9069930395607458,0.9069930395607458,15,Wednesday,3
2009-03-18 16:00:00,0.3988666666666666,1.01724379170578,0.7281,-0.6183771250391134,0.6183771250391134,16,Wednesday,3
2009-03-18 17:00:00,0.3384666666666666,1.2084010554273312,0.3808999999999999,-0.8699343887606646,0.8699343887606646,17,Wednesday,3
2009-03-18 18:00:00,1.0045333333333333,1.8663530680236928,0.3988666666666666,-0.8618197346903596,0.8618197346903596,18,Wednesday,3
2009-03-18 19:00:00,1.0276333333333334,2.028692474208849,0.3384666666666666,-1.0010591408755152,1.0010591408755152,19,Wednesday,3
2009-03-18 20:00:00,2.547233333333333,2.223947491062305,1.0045333333333333,0.3232858422710278,0.3232858422710278,20,Wednesday,3
2009-03-18 21:00:00,1.9756,1.2215841578756592,1.0276333333333334,0.7540158421243408,0.7540158421243408,21,Wednesday,3
2009-03-18 22:00:00,0.2789333333333333,0.8926311058960317,2.547233333333333,-0.6136977725626984,0.6136977725626984,22,Wednesday,3
2009-03-18 23:00:00,0.3107333333333333,0.592262491575739,1.9756,-0.2815291582424056,0.2815291582424056,23,Wednesday,3
2009-03-19 00:00:00,0.2673666666666667,0.4177386597998256,0.2789333333333333,-0.1503719931331589,0.1503719931331589,0,Thursday,3
2009-03-19 01:00:00,0.3107,0.4304682875151774,0.3107333333333333,-0.1197682875151774,0.1197682875151774,1,Thursday,3
2009-03-19 02:00:00,0.2903666666666666,0.4383567483612997,0.2673666666666667,-0.147990081694633,0.147990081694633,2,Thursday,3
2009-03-19 03:00:00,0.2712,0.3947299720482449,0.3107,-0.1235299720482449,0.1235299720482449,3,Thursday,3
2009-03-19 04:00:00,0.4847333333333333,0.3938167594195101,0.2903666666666666,0.0909165739138231,0.0909165739138231,4,Thursday,3
2009-03-19 05:00:00,1.2836333333333334,0.9845652895589284,0.2712,0.2990680437744051,0.2990680437744051,5,Thursday,3
2009-03-19 06:00:00,1.8778666666666664,2.0318692332962964,0.4847333333333333,-0.15400256662963,0.15400256662963,6,Thursday,3
2009-03-19 07:00:00,1.3601666666666667,1.733294509215835,1.2836333333333334,-0.3731278425491682,0.3731278425491682,7,Thursday,3
2009-03-19 08:00:00,1.3388,1.5779826757464406,1.8778666666666664,-0.2391826757464406,0.2391826757464406,8,Thursday,3
2009-03-19 09:00:00,1.3481,1.1794189845195853,1.3601666666666667,0.1686810154804148,0.1686810154804148,9,Thursday,3
2009-03-19 10:00:00,1.3181666666666667,1.1177829091591094,1.3388,0.2003837575075573,0.2003837575075573,10,Thursday,3
2009-03-19 11:00:00,1.3547,1.0840535975119554,1.3481,0.2706464024880446,0.2706464024880446,11,Thursday,3
2009-03-19 12:00:00,1.3470666666666666,0.9987772651420432,1.3181666666666667,0.3482894015246235,0.3482894015246235,12,Thursday,3
2009-03-19 13:00:00,1.3564,1.073437504985457,1.3547,0.282962495014543,0.282962495014543,13,Thursday,3
2009-03-19 14:00:00,0.3387,0.9954160716211008,1.3470666666666666,-0.6567160716211007,0.6567160716211007,14,Thursday,3
2009-03-19 15:00:00,0.2688,0.976316909423414,1.3564,-0.7075169094234142,0.7075169094234142,15,Thursday,3
2009-03-19 16:00:00,0.2966666666666667,0.8224808848941153,0.3387,-0.5258142182274486,0.5258142182274486,16,Thursday,3
2009-03-19 17:00:00,0.3803666666666666,0.9738554773417548,0.2688,-0.5934888106750884,0.5934888106750884,17,Thursday,3
2009-03-19 18:00:00,1.0973666666666666,1.3986984943605716,0.2966666666666667,-0.301331827693905,0.301331827693905,18,Thursday,3
2009-03-19 19:00:00,0.6631333333333332,2.121769144853744,0.3803666666666666,-1.4586358115204106,1.4586358115204106,19,Thursday,3
2009-03-19 20:00:00,0.6315333333333334,1.9978785549905635,1.0973666666666666,-1.3663452216572305,1.3663452216572305,20,Thursday,3
2009-03-19 21:00:00,0.7225,1.374169104160974,0.6631333333333332,-0.651669104160974,0.651669104160974,21,Thursday,3
2009-03-19 22:00:00,0.9398,0.8401505764795817,0.6315333333333334,0.0996494235204182,0.0996494235204182,22,Thursday,3
2009-03-19 23:00:00,1.0659333333333334,0.5164987763686987,0.7225,0.5494345569646347,0.5494345569646347,23,Thursday,3
2009-03-20 00:00:00,0.302,0.4446745748247435,0.9398,-0.1426745748247435,0.1426745748247435,0,Friday,3
2009-03-20 01:00:00,0.2722333333333333,0.4514358192405891,1.0659333333333334,-0.1792024859072558,0.1792024859072558,1,Friday,3
2009-03-20 02:00:00,0.2979333333333333,0.3843057657354463,0.302,-0.086372432402113,0.086372432402113,2,Friday,3
2009-03-20 03:00:00,0.2767,0.3763442611631521,0.2722333333333333,-0.0996442611631521,0.0996442611631521,3,Friday,3
2009-03-20 04:00:00,0.2947333333333333,0.3805121119128795,0.2979333333333333,-0.0857787785795462,0.0857787785795462,4,Friday,3
2009-03-20 05:00:00,0.6952666666666667,0.9916604356645904,0.2767,-0.2963937689979238,0.2963937689979238,5,Friday,3
2009-03-20 06:00:00,1.8853,1.7689235865613109,0.2947333333333333,0.1163764134386891,0.1163764134386891,6,Friday,3
2009-03-20 07:00:00,1.4026666666666665,1.58286049985904,0.6952666666666667,-0.1801938331923733,0.1801938331923733,7,Friday,3
2009-03-20 08:00:00,1.3369,1.4774517388672403,1.8853,-0.1405517388672403,0.1405517388672403,8,Friday,3
2009-03-20 09:00:00,1.3806666666666667,1.1955754333240665,1.4026666666666665,0.1850912333426002,0.1850912333426002,9,Friday,3
2009-03-20 10:00:00,1.3480333333333334,1.2344276087706243,1.3369,0.1136057245627089,0.1136057245627089,10,Friday,3
2009-03-20 11:00:00,1.360866666666667,1.167115376246848,1.3806666666666667,0.1937512904198188,0.1937512904198188,11,Friday,3
2009-03-20 12:00:00,1.1711,0.9834659349537744,1.3480333333333334,0.1876340650462257,0.1876340650462257,12,Friday,3
2009-03-20 13:00:00,0.4001666666666666,0.9597011490496452,1.360866666666667,-0.5595344823829786,0.5595344823829786,13,Friday,3
2009-03-20 14:00:00,0.3031333333333333,1.1514050945313608,1.1711,-0.8482717611980275,0.8482717611980275,14,Friday,3
2009-03-20 15:00:00,0.3479333333333333,0.7901290517302746,0.4001666666666666,-0.4421957183969413,0.4421957183969413,15,Friday,3
2009-03-20 16:00:00,1.4697666666666664,0.807832257624909,0.3031333333333333,0.6619344090417575,0.6619344090417575,16,Friday,3
2009-03-20 17:00:00,0.3215,1.0423235670558206,0.3479333333333333,-0.7208235670558206,0.7208235670558206,17,Friday,3
2009-03-20 18:00:00,3.1276333333333333,1.9861604815973184,1.4697666666666664,1.1414728517360146,1.1414728517360146,18,Friday,3
2009-03-20 19:00:00,2.241133333333333,1.5899193934482785,0.3215,0.6512139398850545,0.6512139398850545,19,Friday,3
2009-03-20 20:00:00,1.5201333333333331,2.026252127613424,3.1276333333333333,-0.5061187942800911,0.5061187942800911,20,Friday,3
2009-03-20 21:00:00,0.6531333333333333,1.6298463162144496,2.241133333333333,-0.9767129828811164,0.9767129828811164,21,Friday,3
2009-03-20 22:00:00,0.9235666666666666,0.7482219651512412,1.5201333333333331,0.1753447015154254,0.1753447015154254,22,Friday,3
2009-03-20 23:00:00,0.2804333333333333,0.4472365810990897,0.6531333333333333,-0.1668032477657564,0.1668032477657564,23,Friday,3
2009-03-21 00:00:00,0.2951333333333333,0.493652810384247,0.9235666666666666,-0.1985194770509137,0.1985194770509137,0,Saturday,3
2009-03-21 01:00:00,0.2660666666666667,0.3840545117012221,0.2804333333333333,-0.1179878450345554,0.1179878450345554,1,Saturday,3
2009-03-21 02:00:00,0.3006333333333333,0.361697298008458,0.2951333333333333,-0.0610639646751247,0.0610639646751247,2,Saturday,3
2009-03-21 03:00:00,0.2819,0.381726552326793,0.2660666666666667,-0.099826552326793,0.099826552326793,3,Saturday,3
2009-03-21 04:00:00,0.2709,0.3868434805947467,0.3006333333333333,-0.1159434805947468,0.1159434805947468,4,Saturday,3
2009-03-21 05:00:00,0.3063333333333333,0.6819365206617031,0.2819,-0.3756031873283698,0.3756031873283698,5,Saturday,3
2009-03-21 06:00:00,1.3204333333333331,0.963749316194626,0.2709,0.3566840171387072,0.3566840171387072,6,Saturday,3
2009-03-21 07:00:00,2.746733333333333,1.428058623479876,0.3063333333333333,1.3186747098534568,1.3186747098534568,7,Saturday,3
2009-03-21 08:00:00,1.5446,1.5552355561086573,1.3204333333333331,-0.0106355561086572,0.0106355561086572,8,Saturday,3
2009-03-21 09:00:00,1.8894,1.8578096331422325,2.746733333333333,0.0315903668577675,0.0315903668577675,9,Saturday,3
2009-03-21 10:00:00,0.7334666666666666,1.6401684692231515,1.5446,-0.9067018025564848,0.9067018025564848,10,Saturday,3
2009-03-21 11:00:00,0.9841,1.7361330327023687,1.8894,-0.7520330327023688,0.7520330327023688,11,Saturday,3
2009-03-21 12:00:00,1.1217333333333337,1.3995417574778748,0.7334666666666666,-0.2778084241445411,0.2778084241445411,12,Saturday,3
2009-03-21 13:00:00,0.5018666666666667,1.4061114154926886,0.9841,-0.904244748826022,0.904244748826022,13,Saturday,3
2009-03-21 14:00:00,0.4669333333333333,1.2917189609746935,1.1217333333333337,-0.8247856276413604,0.8247856276413604,14,Saturday,3
2009-03-21 15:00:00,1.6865333333333334,1.2086101163461127,0.5018666666666667,0.4779232169872207,0.4779232169872207,15,Saturday,3
2009-03-21 16:00:00,2.9262333333333337,1.2735205173113762,0.4669333333333333,1.6527128160219575,1.6527128160219575,16,Saturday,3
2009-03-21 17:00:00,2.7129666666666665,2.0985817696799733,1.6865333333333334,0.6143848969866932,0.6143848969866932,17,Saturday,3
2009-03-21 18:00:00,3.594,3.0662414040407824,2.9262333333333337,0.5277585959592175,0.5277585959592175,18,Saturday,3
2009-03-21 19:00:00,2.9764666666666666,3.011856537728924,2.7129666666666665,-0.0353898710622573,0.0353898710622573,19,Saturday,3
2009-03-21 20:00:00,2.6153,2.64188240159487,3.594,-0.0265824015948701,0.0265824015948701,20,Saturday,3
2009-03-21 21:00:00,1.4191,1.762471673631464,2.9764666666666666,-0.343371673631464,0.343371673631464,21,Saturday,3
2009-03-21 22:00:00,0.9257666666666666,1.0902434076503644,2.6153,-0.1644767409836978,0.1644767409836978,22,Saturday,3
2009-03-21 23:00:00,0.3991333333333333,0.5570395205665178,1.4191,-0.1579061872331845,0.1579061872331845,23,Saturday,3
2009-03-22 00:00:00,0.2928,0.5632746783929253,0.9257666666666666,-0.2704746783929253,0.2704746783929253,0,Sunday,3
2009-03-22 01:00:00,0.2763666666666667,0.3914911385749823,0.3991333333333333,-0.1151244719083156,0.1151244719083156,1,Sunday,3
2009-03-22 02:00:00,0.3157666666666667,0.3765222224549291,0.2928,-0.0607555557882624,0.0607555557882624,2,Sunday,3
2009-03-22 03:00:00,0.4565,0.3914829409732675,0.2763666666666667,0.0650170590267325,0.0650170590267325,3,Sunday,3
2009-03-22 04:00:00,0.6347666666666666,0.3932859060382506,0.3157666666666667,0.241480760628416,0.241480760628416,4,Sunday,3
2009-03-22 05:00:00,0.2783333333333333,0.713170458690264,0.4565,-0.4348371253569306,0.4348371253569306,5,Sunday,3
2009-03-22 06:00:00,0.7300666666666668,0.8509840385171193,0.6347666666666666,-0.1209173718504525,0.1209173718504525,6,Sunday,3
2009-03-22 07:00:00,0.3629,0.7753253756997506,0.2783333333333333,-0.4124253756997506,0.4124253756997506,7,Sunday,3
2009-03-22 08:00:00,0.5275,1.4689012288566885,0.7300666666666668,-0.9414012288566884,0.9414012288566884,8,Sunday,3
2009-03-22 09:00:00,0.5509000000000001,1.3596887107756288,0.3629,-0.8087887107756287,0.8087887107756287,9,Sunday,3
2009-03-22 10:00:00,0.3536333333333333,1.256391009379708,0.5275,-0.9027576760463748,0.9027576760463748,10,Sunday,3
2009-03-22 11:00:00,2.9002666666666665,1.2145669827651118,0.5509000000000001,1.6856996839015548,1.6856996839015548,11,Sunday,3
2009-03-22 12:00:00,2.1496666666666666,1.197896113538017,0.3536333333333333,0.9517705531286496,0.9517705531286496,12,Sunday,3
2009-03-22 13:00:00,2.061366666666667,1.8729967916791452,2.9002666666666665,0.1883698749875213,0.1883698749875213,13,Sunday,3
2009-03-22 14:00:00,2.3623666666666665,1.7066967233403645,2.1496666666666666,0.6556699433263022,0.6556699433263022,14,Sunday,3
2009-03-22 15:00:00,3.0285333333333333,1.6367754722776162,2.061366666666667,1.391757861055717,1.391757861055717,15,Sunday,3
2009-03-22 16:00:00,2.483633333333333,1.8735777058647296,2.3623666666666665,0.6100556274686033,0.6100556274686033,16,Sunday,3
2009-03-22 17:00:00,1.5782333333333334,2.704382627271304,3.0285333333333333,-1.1261492939379707,1.1261492939379707,17,Sunday,3
2009-03-22 18:00:00,1.612866666666667,2.8261711120158983,2.483633333333333,-1.2133044453492314,1.2133044453492314,18,Sunday,3
2009-03-22 19:00:00,1.5977333333333334,2.384368916372088,1.5782333333333334,-0.7866355830387539,0.7866355830387539,19,Sunday,3
2009-03-22 20:00:00,1.7200333333333333,2.037603160708114,1.612866666666667,-0.3175698273747813,0.3175698273747813,20,Sunday,3
2009-03-22 21:00:00,1.0205666666666666,1.5689813631042375,1.5977333333333334,-0.5484146964375711,0.5484146964375711,21,Sunday,3
2009-03-22 22:00:00,0.4589,0.8636497156430137,1.7200333333333333,-0.4047497156430137,0.4047497156430137,22,Sunday,3
2009-03-22 23:00:00,0.4633666666666666,0.4083708396780629,1.0205666666666666,0.0549958269886036,0.0549958269886036,23,Sunday,3
2009-03-23 00:00:00,0.4474333333333333,0.3926798989970869,0.4589,0.0547534343362463,0.0547534343362463,0,Monday,3
2009-03-23 01:00:00,0.4755666666666666,0.3938127885162317,0.4633666666666666,0.0817538781504348,0.0817538781504348,1,Monday,3
2009-03-23 02:00:00,0.4313666666666667,0.4075523628429938,0.4474333333333333,0.0238143038236728,0.0238143038236728,2,Monday,3
2009-03-23 03:00:00,0.4372,0.4239565850237053,0.4755666666666666,0.0132434149762946,0.0132434149762946,3,Monday,3
2009-03-23 04:00:00,0.4704666666666667,0.4423409324552778,0.4313666666666667,0.0281257342113888,0.0281257342113888,4,Monday,3
2009-03-23 05:00:00,1.5587000000000002,0.9968264290695504,0.4372,0.5618735709304498,0.5618735709304498,5,Monday,3
2009-03-23 06:00:00,2.627866666666667,1.8376861186021365,0.4704666666666667,0.7901805480645305,0.7901805480645305,6,Monday,3
2009-03-23 07:00:00,1.5143,1.5605061159222289,1.5587000000000002,-0.0462061159222286,0.0462061159222286,7,Monday,3
2009-03-23 08:00:00,1.5055,1.5484573671199775,2.627866666666667,-0.0429573671199776,0.0429573671199776,8,Monday,3
2009-03-23 09:00:00,0.9190666666666666,1.2501382275135065,1.5143,-0.3310715608468398,0.3310715608468398,9,Monday,3
2009-03-23 10:00:00,0.5889666666666666,1.1822353994116666,1.5055,-0.5932687327449999,0.5932687327449999,10,Monday,3
2009-03-23 11:00:00,0.4179666666666666,1.0319018767318655,0.9190666666666666,-0.6139352100651989,0.6139352100651989,11,Monday,3
2009-03-23 12:00:00,0.3558,0.9487464148686082,0.5889666666666666,-0.5929464148686082,0.5929464148686082,12,Monday,3
2009-03-23 13:00:00,0.3695333333333333,0.7652356361127938,0.4179666666666666,-0.3957023027794604,0.3957023027794604,13,Monday,3
2009-03-23 14:00:00,0.3837333333333333,0.4849757255058753,0.3558,-0.101242392172542,0.101242392172542,14,Monday,3
2009-03-23 15:00:00,0.317,0.5604406389236172,0.3695333333333333,-0.2434406389236171,0.2434406389236171,15,Monday,3
2009-03-23 16:00:00,0.4563333333333333,0.6584122821153782,0.3837333333333333,-0.2020789487820448,0.2020789487820448,16,Monday,3
2009-03-23 17:00:00,1.3452,0.9155741989461076,0.317,0.4296258010538922,0.4296258010538922,17,Monday,3
2009-03-23 18:00:00,1.7753333333333332,1.322103060654369,0.4563333333333333,0.4532302726789645,0.4532302726789645,18,Monday,3
2009-03-23 19:00:00,2.294233333333333,1.7514152273902437,1.3452,0.5428181059430894,0.5428181059430894,19,Monday,3
2009-03-23 20:00:00,1.2457,1.960974071441026,1.7753333333333332,-0.715274071441026,0.715274071441026,20,Monday,3
2009-03-23 21:00:00,0.8592333333333334,1.4822663699951146,2.294233333333333,-0.6230330366617812,0.6230330366617812,21,Monday,3
2009-03-23 22:00:00,0.3476333333333333,0.7896354553958829,1.2457,-0.4420021220625496,0.4420021220625496,22,Monday,3
2009-03-23 23:00:00,0.3532666666666666,0.5394727033445327,0.8592333333333334,-0.186206036677866,0.186206036677866,23,Monday,3
2009-03-24 00:00:00,0.3767,0.3980637264223886,0.3476333333333333,-0.0213637264223885,0.0213637264223885,0,Tuesday,3
2009-03-24 01:00:00,0.3474666666666666,0.3980637264223886,0.3532666666666666,-0.0505970597557219,0.0505970597557219,1,Tuesday,3
2009-03-24 02:00:00,0.3580666666666666,0.4082772722107524,0.3767,-0.0502106055440858,0.0502106055440858,2,Tuesday,3
2009-03-24 03:00:00,0.5906,0.4224787610961734,0.3474666666666666,0.1681212389038266,0.1681212389038266,3,Tuesday,3
2009-03-24 04:00:00,0.7295333333333333,0.4461649668636915,0.3580666666666666,0.2833683664696417,0.2833683664696417,4,Tuesday,3
2009-03-24 05:00:00,1.2933666666666668,0.8974943905598792,0.5906,0.3958722761067875,0.3958722761067875,5,Tuesday,3
2009-03-24 06:00:00,2.4899666666666667,1.6689578021344706,0.7295333333333333,0.821008864532196,0.821008864532196,6,Tuesday,3
2009-03-24 07:00:00,1.6719,1.635491514606178,1.2933666666666668,0.0364084853938218,0.0364084853938218,7,Tuesday,3
2009-03-24 08:00:00,1.4031333333333331,1.5639062719759291,2.4899666666666667,-0.160772938642596,0.160772938642596,8,Tuesday,3
2009-03-24 09:00:00,1.7891,1.368976583935765,1.6719,0.4201234160642348,0.4201234160642348,9,Tuesday,3
2009-03-24 10:00:00,1.6305,1.3109256940314669,1.4031333333333331,0.3195743059685332,0.3195743059685332,10,Tuesday,3
2009-03-24 11:00:00,1.3880333333333332,1.5271366319330006,1.7891,-0.1391032985996674,0.1391032985996674,11,Tuesday,3
2009-03-24 12:00:00,1.2815333333333332,1.335978364891777,1.6305,-0.0544450315584434,0.0544450315584434,12,Tuesday,3
2009-03-24 13:00:00,0.3383,1.2050240224904631,1.3880333333333332,-0.8667240224904631,0.8667240224904631,13,Tuesday,3
2009-03-24 14:00:00,0.3204666666666667,1.060022161975075,1.2815333333333332,-0.7395554953084083,0.7395554953084083,14,Tuesday,3
2009-03-24 15:00:00,0.3609,0.8092550990290285,0.3383,-0.4483550990290285,0.4483550990290285,15,Tuesday,3
2009-03-24 16:00:00,0.3856666666666666,0.7477317935610107,0.3204666666666667,-0.3620651268943441,0.3620651268943441,16,Tuesday,3
2009-03-24 17:00:00,0.4916333333333333,1.0332406388250792,0.3609,-0.5416073054917458,0.5416073054917458,17,Tuesday,3
2009-03-24 18:00:00,3.7412,1.4826600096277918,0.3856666666666666,2.258539990372208,2.258539990372208,18,Tuesday,3
2009-03-24 19:00:00,2.300933333333333,1.7785597938077384,0.4916333333333333,0.5223735395255946,0.5223735395255946,19,Tuesday,3
2009-03-24 20:00:00,1.9125333333333328,2.5404835241927954,3.7412,-0.6279501908594627,0.6279501908594627,20,Tuesday,3
2009-03-24 21:00:00,1.7975666666666668,1.559226401467448,2.300933333333333,0.2383402651992188,0.2383402651992188,21,Tuesday,3
2009-03-24 22:00:00,0.3428333333333333,0.8172389439241418,1.9125333333333328,-0.4744056105908084,0.4744056105908084,22,Tuesday,3
2009-03-24 23:00:00,0.3353666666666666,0.6434683129761557,1.7975666666666668,-0.3081016463094891,0.3081016463094891,23,Tuesday,3
2009-03-25 00:00:00,0.2714333333333333,0.3985336024475827,0.3428333333333333,-0.1271002691142493,0.1271002691142493,0,Wednesday,3
2009-03-25 01:00:00,0.3227,0.393161174474514,0.3353666666666666,-0.070461174474514,0.070461174474514,1,Wednesday,3
2009-03-25 02:00:00,0.2843,0.3856266866802016,0.2714333333333333,-0.1013266866802016,0.1013266866802016,2,Wednesday,3
2009-03-25 03:00:00,0.3173666666666667,0.411306244191641,0.3227,-0.0939395775249743,0.0939395775249743,3,Wednesday,3
2009-03-25 04:00:00,0.3608333333333333,0.411055583915437,0.2843,-0.0502222505821037,0.0502222505821037,4,Wednesday,3
2009-03-25 05:00:00,1.7405,1.0021305992843097,0.3173666666666667,0.7383694007156902,0.7383694007156902,5,Wednesday,3
2009-03-25 06:00:00,2.129933333333333,1.8707438985703095,0.3608333333333333,0.259189434763023,0.259189434763023,6,Wednesday,3
2009-03-25 07:00:00,1.9876666666666667,1.5873442284403008,1.7405,0.4003224382263659,0.4003224382263659,7,Wednesday,3
2009-03-25 08:00:00,1.8873666666666664,1.521529333286339,2.129933333333333,0.3658373333803271,0.3658373333803271,8,Wednesday,3
2009-03-25 09:00:00,1.423433333333333,1.4377552325445797,1.9876666666666667,-0.0143218992112466,0.0143218992112466,9,Wednesday,3
2009-03-25 10:00:00,2.0339666666666667,1.4470581665682631,1.8873666666666664,0.5869085000984036,0.5869085000984036,10,Wednesday,3
2009-03-25 11:00:00,1.2708666666666666,1.2400607794462162,1.423433333333333,0.0308058872204504,0.0308058872204504,11,Wednesday,3
2009-03-25 12:00:00,1.5262,1.5244811476140938,2.0339666666666667,0.0017188523859061,0.0017188523859061,12,Wednesday,3
2009-03-25 13:00:00,1.5241,0.9828582188720344,1.2708666666666666,0.5412417811279656,0.5412417811279656,13,Wednesday,3
2009-03-25 14:00:00,0.9084333333333332,1.198546395646097,1.5262,-0.2901130623127639,0.2901130623127639,14,Wednesday,3
2009-03-25 15:00:00,0.4202333333333333,1.1711086310989136,1.5241,-0.7508752977655804,0.7508752977655804,15,Wednesday,3
2009-03-25 16:00:00,0.3155666666666666,0.8837567824983696,0.9084333333333332,-0.5681901158317031,0.5681901158317031,16,Wednesday,3
2009-03-25 17:00:00,0.6858000000000001,1.047721247575591,0.4202333333333333,-0.3619212475755909,0.3619212475755909,17,Wednesday,3
2009-03-25 18:00:00,2.4113666666666664,1.4357783688966577,0.3155666666666666,0.9755882977700088,0.9755882977700088,18,Wednesday,3
2009-03-25 19:00:00,2.9165666666666668,2.132655480058956,0.6858000000000001,0.7839111866077109,0.7839111866077109,19,Wednesday,3
2009-03-25 20:00:00,1.7366333333333337,2.526671990742286,2.4113666666666664,-0.7900386574089522,0.7900386574089522,20,Wednesday,3
2009-03-25 21:00:00,2.155333333333333,1.6119845173682137,2.9165666666666668,0.5433488159651194,0.5433488159651194,21,Wednesday,3
2009-03-25 22:00:00,1.6802666666666668,0.8233394031549045,1.7366333333333337,0.8569272635117623,0.8569272635117623,22,Wednesday,3
2009-03-25 23:00:00,0.2762666666666666,0.6902107010187052,2.155333333333333,-0.4139440343520386,0.4139440343520386,23,Wednesday,3
2009-03-26 00:00:00,0.2935999999999999,0.7341839115064265,1.6802666666666668,-0.4405839115064265,0.4405839115064265,0,Thursday,3
2009-03-26 01:00:00,0.2957666666666666,0.3624184280678764,0.2762666666666666,-0.0666517614012097,0.0666517614012097,1,Thursday,3
2009-03-26 02:00:00,0.2765,0.3847756417606405,0.2935999999999999,-0.1082756417606405,0.1082756417606405,2,Thursday,3
2009-03-26 03:00:00,0.3109666666666666,0.3859012686578306,0.2957666666666666,-0.0749346019911639,0.0749346019911639,3,Thursday,3
2009-03-26 04:00:00,0.2688333333333333,0.3912803426858299,0.2765,-0.1224470093524965,0.1224470093524965,4,Thursday,3
2009-03-26 05:00:00,1.3176666666666668,0.9519612277454692,0.3109666666666666,0.3657054389211975,0.3657054389211975,5,Thursday,3
2009-03-26 06:00:00,1.9842666666666664,1.9498889639939965,0.2688333333333333,0.0343777026726699,0.0343777026726699,6,Thursday,3
2009-03-26 07:00:00,1.3699333333333332,1.8744067674000136,1.3176666666666668,-0.5044734340666803,0.5044734340666803,7,Thursday,3
2009-03-26 08:00:00,1.3738,1.3615208111206014,1.9842666666666664,0.0122791888793984,0.0122791888793984,8,Thursday,3
2009-03-26 09:00:00,1.3356,1.07081571782928,1.3699333333333332,0.2647842821707198,0.2647842821707198,9,Thursday,3
2009-03-26 10:00:00,1.3341,1.108831823995745,1.3738,0.2252681760042547,0.2252681760042547,10,Thursday,3
2009-03-26 11:00:00,1.0803,0.97851387152677,1.3356,0.1017861284732301,0.1017861284732301,11,Thursday,3
2009-03-26 12:00:00,0.2714333333333333,0.952108863428722,1.3341,-0.6806755300953887,0.6806755300953887,12,Thursday,3
2009-03-26 13:00:00,0.3019666666666666,0.9009390652077374,1.0803,-0.5989723985410708,0.5989723985410708,13,Thursday,3
2009-03-26 14:00:00,0.2861333333333333,0.5579100139318535,0.2714333333333333,-0.2717766805985201,0.2717766805985201,14,Thursday,3
2009-03-26 15:00:00,0.2801333333333333,0.4826806355061154,0.3019666666666666,-0.2025473021727821,0.2025473021727821,15,Thursday,3
2009-03-26 16:00:00,0.4380666666666666,0.5883003699147473,0.2861333333333333,-0.1502337032480807,0.1502337032480807,16,Thursday,3
2009-03-26 17:00:00,0.4191333333333333,1.0077026803066194,0.2801333333333333,-0.588569346973286,0.588569346973286,17,Thursday,3
2009-03-26 18:00:00,1.0595666666666663,1.818481969336761,0.4380666666666666,-0.7589153026700952,0.7589153026700952,18,Thursday,3
2009-03-26 19:00:00,2.6075,2.1346149554800298,0.4191333333333333,0.4728850445199701,0.4728850445199701,19,Thursday,3
2009-03-26 20:00:00,1.3908999999999998,1.8848689113578625,1.0595666666666663,-0.4939689113578625,0.4939689113578625,20,Thursday,3
2009-03-26 21:00:00,0.5713666666666666,1.668810746964596,2.6075,-1.0974440802979295,1.0974440802979295,21,Thursday,3
2009-03-26 22:00:00,1.0396,0.8676998033651326,1.3908999999999998,0.1719001966348674,0.1719001966348674,22,Thursday,3
2009-03-26 23:00:00,0.3936666666666666,0.5446388107371,0.5713666666666666,-0.1509721440704333,0.1509721440704333,23,Thursday,3
2009-03-27 00:00:00,0.3782666666666667,0.4505804861041432,1.0396,-0.0723138194374765,0.0723138194374765,0,Friday,3
2009-03-27 01:00:00,0.3772333333333333,0.3936604668279507,0.3936666666666666,-0.0164271334946174,0.0164271334946174,1,Friday,3
2009-03-27 02:00:00,0.3826,0.4074000411547128,0.3782666666666667,-0.0248000411547128,0.0248000411547128,2,Friday,3
2009-03-27 03:00:00,0.3773666666666667,0.4180755015017356,0.3772333333333333,-0.0407088348350689,0.0407088348350689,3,Friday,3
2009-03-27 04:00:00,0.3705,0.4461649668636915,0.3826,-0.0756649668636915,0.0756649668636915,4,Friday,3
2009-03-27 05:00:00,1.2512666666666663,0.908448928316188,0.3773666666666667,0.3428177383504782,0.3428177383504782,5,Friday,3
2009-03-27 06:00:00,2.478533333333333,1.8329922517930164,0.3705,0.6455410815403166,0.6455410815403166,6,Friday,3
2009-03-27 07:00:00,1.7396,1.6821361432092703,1.2512666666666663,0.0574638567907295,0.0574638567907295,7,Friday,3
2009-03-27 08:00:00,1.9663666666666664,1.584877781160654,2.478533333333333,0.3814888855060123,0.3814888855060123,8,Friday,3
2009-03-27 09:00:00,1.421266666666667,1.333896282156717,1.7396,0.0873703845099498,0.0873703845099498,9,Friday,3
2009-03-27 10:00:00,1.4234666666666669,1.5041399071796395,1.9663666666666664,-0.0806732405129726,0.0806732405129726,10,Friday,3
2009-03-27 11:00:00,1.4438,1.1771427485464006,1.421266666666667,0.2666572514535994,0.2666572514535994,11,Friday,3
2009-03-27 12:00:00,1.1387333333333334,1.1094551633456493,1.4234666666666669,0.029278169987684,0.029278169987684,12,Friday,3
2009-03-27 13:00:00,0.5363666666666667,1.117726036345976,1.4438,-0.5813593696793093,0.5813593696793093,13,Friday,3
2009-03-27 14:00:00,0.3642,0.9247570939077914,1.1387333333333334,-0.5605570939077913,0.5605570939077913,14,Friday,3
2009-03-27 15:00:00,0.5945666666666667,0.8326057698614726,0.5363666666666667,-0.2380391031948059,0.2380391031948059,15,Friday,3
2009-03-27 16:00:00,1.6872666666666667,0.8431104683382848,0.3642,0.8441561983283818,0.8441561983283818,16,Friday,3
2009-03-27 17:00:00,1.7323666666666668,1.5202025810440545,0.5945666666666667,0.2121640856226125,0.2121640856226125,17,Friday,3
2009-03-27 18:00:00,1.8700666666666668,2.122869691554235,1.6872666666666667,-0.2528030248875681,0.2528030248875681,18,Friday,3
2009-03-27 19:00:00,2.9014333333333338,2.2430340937198965,1.7323666666666668,0.6583992396134373,0.6583992396134373,19,Friday,3
2009-03-27 20:00:00,2.338866666666666,2.2675925945179367,1.8700666666666668,0.0712740721487295,0.0712740721487295,20,Friday,3
2009-03-27 21:00:00,1.0519666666666667,1.696551602610469,2.9014333333333338,-0.6445849359438023,0.6445849359438023,21,Friday,3
2009-03-27 22:00:00,0.3456666666666667,0.9544778063584812,2.338866666666666,-0.6088111396918146,0.6088111396918146,22,Friday,3
2009-03-27 23:00:00,0.3399,0.4830709239568955,1.0519666666666667,-0.1431709239568955,0.1431709239568955,23,Friday,3
2009-03-28 00:00:00,0.9359333333333332,0.3985336024475827,0.3456666666666667,0.5373997308857505,0.5373997308857505,0,Saturday,3
2009-03-28 01:00:00,0.3347,0.3985336024475827,0.3399,-0.0638336024475826,0.0638336024475826,1,Saturday,3
2009-03-28 02:00:00,0.3521,0.5009376979713897,0.9359333333333332,-0.1488376979713896,0.1488376979713896,2,Saturday,3
2009-03-28 03:00:00,0.3167,0.4194950508497484,0.3347,-0.1027950508497484,0.1027950508497484,3,Saturday,3
2009-03-28 04:00:00,0.3272333333333333,0.4346336127821228,0.3521,-0.1074002794487895,0.1074002794487895,4,Saturday,3
2009-03-28 05:00:00,0.7200000000000001,0.6949564151929247,0.3167,0.0250435848070753,0.0250435848070753,5,Saturday,3
2009-03-28 06:00:00,1.905333333333333,1.0518033995490326,0.3272333333333333,0.8535299337843005,0.8535299337843005,6,Saturday,3
2009-03-28 07:00:00,1.9279333333333333,1.7173534764880916,0.7200000000000001,0.2105798568452417,0.2105798568452417,7,Saturday,3
2009-03-28 08:00:00,1.4643666666666666,1.6608665037204986,1.905333333333333,-0.196499837053832,0.196499837053832,8,Saturday,3
2009-03-28 09:00:00,1.9968666666666663,1.6776706867486575,1.9279333333333333,0.3191959799180088,0.3191959799180088,9,Saturday,3
2009-03-28 10:00:00,1.2955666666666663,1.4979098687908197,1.4643666666666666,-0.2023432021241533,0.2023432021241533,10,Saturday,3
2009-03-28 11:00:00,2.564,1.754089046165245,1.9968666666666663,0.8099109538347551,0.8099109538347551,11,Saturday,3
2009-03-28 12:00:00,1.6202666666666667,1.4659588406118802,1.2955666666666663,0.1543078260547865,0.1543078260547865,12,Saturday,3
2009-03-28 13:00:00,0.8089333333333334,1.9098298679331729,2.564,-1.1008965345998396,1.1008965345998396,13,Saturday,3
2009-03-28 14:00:00,1.0293333333333332,1.528823879582169,1.6202666666666667,-0.4994905462488357,0.4994905462488357,14,Saturday,3
2009-03-28 15:00:00,1.2013666666666665,1.2606704291367594,0.8089333333333334,-0.0593037624700929,0.0593037624700929,15,Saturday,3
2009-03-28 16:00:00,2.2076,1.3346235119548726,1.0293333333333332,0.8729764880451272,0.8729764880451272,16,Saturday,3
2009-03-28 17:00:00,4.3750333333333336,1.66277338712913,1.2013666666666665,2.7122599462042034,2.7122599462042034,17,Saturday,3
2009-03-28 18:00:00,2.8585333333333334,2.7033977474570587,2.2076,0.1551355858762746,0.1551355858762746,18,Saturday,3
2009-03-28 19:00:00,2.2274666666666665,2.9580017690483538,4.3750333333333336,-0.7305351023816873,0.7305351023816873,19,Saturday,3
2009-03-28 20:00:00,1.5022333333333333,2.5273940242428314,2.8585333333333334,-1.025160690909498,1.025160690909498,20,Saturday,3
2009-03-28 21:00:00,2.3856666666666664,1.762967305020246,2.2274666666666665,0.6226993616464205,0.6226993616464205,21,Saturday,3
2009-03-28 22:00:00,2.985866666666667,0.9176081590286064,1.5022333333333333,2.0682585076380606,2.0682585076380606,22,Saturday,3
2009-03-28 23:00:00,1.5793666666666666,1.1711632012300386,2.3856666666666664,0.408203465436628,0.408203465436628,23,Saturday,3
2009-03-29 00:00:00,1.3142333333333334,1.3837562429294428,2.985866666666667,-0.0695229095961094,0.0695229095961094,0,Sunday,3
2009-03-29 01:00:00,1.1252666666666669,0.8413733457445718,1.5793666666666666,0.283893320922095,0.283893320922095,1,Sunday,3
2009-03-29 02:00:00,1.1203666666666665,0.4966712629444606,1.3142333333333334,0.6236954037222059,0.6236954037222059,2,Sunday,3
2009-03-29 03:00:00,1.1575333333333333,0.5375226910981161,1.1252666666666669,0.6200106422352172,0.6200106422352172,3,Sunday,3
2009-03-29 04:00:00,1.1032333333333333,0.5927192688260121,1.1203666666666665,0.5105140645073212,0.5105140645073212,4,Sunday,3
2009-03-29 05:00:00,1.1206666666666665,0.8731477875395819,1.1575333333333333,0.2475188791270846,0.2475188791270846,5,Sunday,3
2009-03-29 06:00:00,1.1501666666666668,0.9631680352973124,1.1032333333333333,0.1869986313693542,0.1869986313693542,6,Sunday,3
2009-03-29 07:00:00,1.8677333333333328,1.275494052763324,1.1206666666666665,0.5922392805700087,0.5922392805700087,7,Sunday,3
2009-03-29 08:00:00,1.448,1.4622572410039507,1.1501666666666668,-0.0142572410039507,0.0142572410039507,8,Sunday,3
2009-03-29 09:00:00,1.8777,1.748769293964058,1.8677333333333328,0.1289307060359419,0.1289307060359419,9,Sunday,3
2009-03-29 10:00:00,0.5844,1.3736578827728565,1.448,-0.7892578827728565,0.7892578827728565,10,Sunday,3
2009-03-29 11:00:00,1.3099333333333334,1.856359919369373,1.8777,-0.5464265860360396,0.5464265860360396,11,Sunday,3
2009-03-29 12:00:00,1.6003,1.4169013350688755,0.5844,0.1833986649311245,0.1833986649311245,12,Sunday,3
2009-03-29 13:00:00,2.819733333333333,1.4821629839714618,1.3099333333333334,1.3375703493618714,1.3375703493618714,13,Sunday,3
2009-03-29 14:00:00,2.569166666666667,1.5800617240858572,1.6003,0.9891049425808096,0.9891049425808096,14,Sunday,3
2009-03-29 15:00:00,1.9120666666666668,1.846293646422183,2.819733333333333,0.0657730202444837,0.0657730202444837,15,Sunday,3
2009-03-29 16:00:00,1.4905333333333333,1.768574996613144,2.569166666666667,-0.2780416632798108,0.2780416632798108,16,Sunday,3
2009-03-29 17:00:00,1.5891,2.501057417359835,1.9120666666666668,-0.911957417359835,0.911957417359835,17,Sunday,3
2009-03-29 18:00:00,1.7694,2.472557211167952,1.4905333333333333,-0.703157211167952,0.703157211167952,18,Sunday,3
2009-03-29 19:00:00,2.0983666666666667,2.141427672461811,1.5891,-0.0430610057951441,0.0430610057951441,19,Sunday,3
2009-03-29 20:00:00,3.2785,2.1892337866575766,1.7694,1.0892662133424236,1.0892662133424236,20,Sunday,3
2009-03-29 21:00:00,0.6232333333333333,1.604530335795767,2.0983666666666667,-0.9812970024624336,0.9812970024624336,21,Sunday,3
2009-03-29 22:00:00,0.4351666666666666,0.9790913919963286,3.2785,-0.543924725329662,0.543924725329662,22,Sunday,3
2009-03-29 23:00:00,0.3516,0.359435541310827,0.6232333333333333,-0.0078355413108269,0.0078355413108269,23,Sunday,3
2009-03-30 00:00:00,0.3273,0.4348128696898588,0.4351666666666666,-0.1075128696898588,0.1075128696898588,0,Monday,3
2009-03-30 01:00:00,0.3694333333333333,0.413267176266329,0.3516,-0.0438338429329956,0.0438338429329956,1,Monday,3
2009-03-30 02:00:00,0.3287666666666666,0.4212908650469598,0.3273,-0.0925241983802932,0.0925241983802932,2,Monday,3
2009-03-30 03:00:00,0.9584666666666668,0.4109304361530688,0.3694333333333333,0.547536230513598,0.547536230513598,3,Monday,3
2009-03-30 04:00:00,0.3343666666666667,0.4308056344646572,0.3287666666666666,-0.0964389677979905,0.0964389677979905,4,Monday,3
2009-03-30 05:00:00,0.7187666666666667,1.0084687561721444,0.9584666666666668,-0.2897020895054777,0.2897020895054777,5,Monday,3
2009-03-30 06:00:00,2.373833333333333,2.1490327070085296,0.3343666666666667,0.2248006263248032,0.2248006263248032,6,Monday,3
2009-03-30 07:00:00,1.5044,1.8163875424107885,0.7187666666666667,-0.3119875424107883,0.3119875424107883,7,Monday,3
2009-03-30 08:00:00,1.4029666666666667,1.5122736066621238,2.373833333333333,-0.1093069399954571,0.1093069399954571,8,Monday,3
2009-03-30 09:00:00,1.4086333333333334,1.26851589555012,1.5044,0.1401174377832135,0.1401174377832135,9,Monday,3
2009-03-30 10:00:00,1.3745666666666667,1.1569016369783207,1.4029666666666667,0.217665029688346,0.217665029688346,10,Monday,3
2009-03-30 11:00:00,1.4201666666666668,1.0442877093891123,1.4086333333333334,0.3758789572775542,0.3758789572775542,11,Monday,3
2009-03-30 12:00:00,1.4157000000000002,0.9120258977678092,1.3745666666666667,0.5036741022321911,0.5036741022321911,12,Monday,3
2009-03-30 13:00:00,0.7206333333333333,0.9078320972696482,1.4201666666666668,-0.1871987639363148,0.1871987639363148,13,Monday,3
2009-03-30 14:00:00,0.3555333333333333,0.8817428058939796,1.4157000000000002,-0.5262094725606463,0.5262094725606463,14,Monday,3
2009-03-30 15:00:00,0.3378333333333333,0.7362808441980538,0.7206333333333333,-0.3984475108647205,0.3984475108647205,15,Monday,3
2009-03-30 16:00:00,0.4047666666666666,0.585156449183471,0.3555333333333333,-0.1803897825168043,0.1803897825168043,16,Monday,3
2009-03-30 17:00:00,0.6621333333333334,1.020316943552181,0.3378333333333333,-0.3581836102188477,0.3581836102188477,17,Monday,3
2009-03-30 18:00:00,1.2072,1.9238586524100183,0.4047666666666666,-0.7166586524100182,0.7166586524100182,18,Monday,3
2009-03-30 19:00:00,2.1454,1.908641094772148,0.6621333333333334,0.236758905227852,0.236758905227852,19,Monday,3
2009-03-30 20:00:00,2.803933333333333,2.0245047369055684,1.2072,0.7794285964277647,0.7794285964277647,20,Monday,3
2009-03-30 21:00:00,1.3173,1.6693122363568489,2.1454,-0.3520122363568487,0.3520122363568487,21,Monday,3
2009-03-30 22:00:00,0.3805,0.8196810484561537,2.803933333333333,-0.4391810484561537,0.4391810484561537,22,Monday,3
2009-03-30 23:00:00,0.3465333333333333,0.4455381450964424,1.3173,-0.0990048117631091,0.0990048117631091,23,Monday,3
2009-03-31 00:00:00,0.3693666666666667,0.4140321103050104,0.3805,-0.0446654436383437,0.0446654436383437,0,Tuesday,3
2009-03-31 01:00:00,0.3480999999999999,0.4045353889516405,0.3465333333333333,-0.0564353889516405,0.0564353889516405,1,Tuesday,3
2009-03-31 02:00:00,0.3433666666666666,0.4277716846317725,0.3693666666666667,-0.0844050179651059,0.0844050179651059,2,Tuesday,3
2009-03-31 03:00:00,0.3613,0.4289504236254253,0.3480999999999999,-0.0676504236254252,0.0676504236254252,3,Tuesday,3
2009-03-31 04:00:00,0.4377666666666666,0.4640268253035987,0.3433666666666666,-0.0262601586369321,0.0262601586369321,4,Tuesday,3
2009-03-31 05:00:00,1.6487333333333334,1.050108283952865,0.3613,0.5986250493804683,0.5986250493804683,5,Tuesday,3
2009-03-31 06:00:00,2.0426,2.137872070529062,0.4377666666666666,-0.0952720705290617,0.0952720705290617,6,Tuesday,3
2009-03-31 07:00:00,1.4817666666666665,1.8659921385301372,1.6487333333333334,-0.384225471863471,0.384225471863471,7,Tuesday,3
2009-03-31 08:00:00,1.7318666666666664,1.6741971649373286,2.0426,0.0576695017293378,0.0576695017293378,8,Tuesday,3
2009-03-31 09:00:00,1.5601333333333334,1.3704298022108898,1.4817666666666665,0.1897035311224435,0.1897035311224435,9,Tuesday,3
2009-03-31 10:00:00,1.5061,1.5829536477297317,1.7318666666666664,-0.0768536477297316,0.0768536477297316,10,Tuesday,3
2009-03-31 11:00:00,1.4093000000000002,1.4915901735809538,1.5601333333333334,-0.0822901735809535,0.0822901735809535,11,Tuesday,3
2009-03-31 12:00:00,2.393533333333333,1.2776168000382595,1.5061,1.1159165332950736,1.1159165332950736,12,Tuesday,3
2009-03-31 13:00:00,2.2642333333333338,1.2056385262698823,1.4093000000000002,1.0585948070634512,1.0585948070634512,13,Tuesday,3
2009-03-31 14:00:00,1.9852333333333327,1.6874157558964589,2.393533333333333,0.2978175774368738,0.2978175774368738,14,Tuesday,3
2009-03-31 15:00:00,1.4422333333333337,1.588937139693708,2.2642333333333338,-0.1467038063603742,0.1467038063603742,15,Tuesday,3
2009-03-31 16:00:00,0.8092,1.519832233417029,1.9852333333333327,-0.7106322334170293,0.7106322334170293,16,Tuesday,3
2009-03-31 17:00:00,0.2971,1.349620764560005,1.4422333333333337,-1.0525207645600048,1.0525207645600048,17,Tuesday,3
2009-03-31 18:00:00,1.0325666666666666,1.6773173842466524,0.8092,-0.6447507175799858,0.6447507175799858,18,Tuesday,3
2009-03-31 19:00:00,3.5067,1.5345765597659795,0.2971,1.97212344023402,1.97212344023402,19,Tuesday,3
2009-03-31 20:00:00,2.0393,1.9880496839733963,1.0325666666666666,0.0512503160266033,0.0512503160266033,20,Tuesday,3
2009-03-31 21:00:00,0.6354333333333333,1.7425295442215252,3.5067,-1.107096210888192,1.107096210888192,21,Tuesday,3
2009-03-31 22:00:00,0.3989,0.7810591573086871,2.0393,-0.3821591573086871,0.3821591573086871,22,Tuesday,3
2009-03-31 23:00:00,0.9850333333333332,0.5219091606671166,0.6354333333333333,0.4631241726662166,0.4631241726662166,23,Tuesday,3
2009-04-01 00:00:00,0.743,0.3699224664794788,0.3989,0.3730775335205212,0.3730775335205212,0,Wednesday,4
2009-04-01 01:00:00,0.7337333333333333,0.4255847351871669,0.9850333333333332,0.3081485981461664,0.3081485981461664,1,Wednesday,4
2009-04-01 02:00:00,0.7024666666666667,0.4221107230734843,0.743,0.2803559435931823,0.2803559435931823,2,Wednesday,4
2009-04-01 03:00:00,1.3834000000000002,0.4397030960513819,0.7337333333333333,0.9436969039486184,0.9436969039486184,3,Wednesday,4
2009-04-01 04:00:00,0.6956666666666667,0.4602416315553023,0.7024666666666667,0.2354250351113643,0.2354250351113643,4,Wednesday,4
2009-04-01 05:00:00,0.9617,1.2030219037588274,1.3834000000000002,-0.2413219037588274,0.2413219037588274,5,Wednesday,4
2009-04-01 06:00:00,2.3700666666666668,1.9948266488018496,0.6956666666666667,0.375240017864817,0.375240017864817,6,Wednesday,4
2009-04-01 07:00:00,2.934066666666667,1.9145505533079683,0.9617,1.0195161133586983,1.0195161133586983,7,Wednesday,4
2009-04-01 08:00:00,1.3754666666666668,1.795633010459646,2.3700666666666668,-0.4201663437929792,0.4201663437929792,8,Wednesday,4
2009-04-01 09:00:00,1.4278000000000002,1.6703637426963849,2.934066666666667,-0.2425637426963844,0.2425637426963844,9,Wednesday,4
2009-04-01 10:00:00,1.453733333333333,1.2160133634867338,1.3754666666666668,0.2377199698465992,0.2377199698465992,10,Wednesday,4
2009-04-01 11:00:00,0.3291,1.38911211540203,1.4278000000000002,-1.06001211540203,1.06001211540203,11,Wednesday,4
2009-04-01 12:00:00,0.9340666666666666,1.1762760295123305,1.453733333333333,-0.2422093628456638,0.2422093628456638,12,Wednesday,4
2009-04-01 13:00:00,0.5283,0.7036573236041231,0.3291,-0.1753573236041231,0.1753573236041231,13,Wednesday,4
2009-04-01 14:00:00,0.3406333333333333,1.07002557204153,0.9340666666666666,-0.7293922387081968,0.7293922387081968,14,Wednesday,4
2009-04-01 15:00:00,0.3680666666666666,0.76786194602838,0.5283,-0.3997952793617134,0.3997952793617134,15,Wednesday,4
2009-04-01 16:00:00,0.3947333333333333,0.6118145106539254,0.3406333333333333,-0.2170811773205921,0.2170811773205921,16,Wednesday,4
2009-04-01 17:00:00,0.3785,0.96062876324729,0.3680666666666666,-0.58212876324729,0.58212876324729,17,Wednesday,4
2009-04-01 18:00:00,2.4267666666666665,1.718959543693238,0.3947333333333333,0.7078071229734284,0.7078071229734284,18,Wednesday,4
2009-04-01 19:00:00,2.1504666666666665,2.0325551954728844,0.3785,0.117911471193782,0.117911471193782,19,Wednesday,4
2009-04-01 20:00:00,2.2806,2.67279346622505,2.4267666666666665,-0.3921934662250499,0.3921934662250499,20,Wednesday,4
2009-04-01 21:00:00,1.1021666666666663,1.6564717706502032,2.1504666666666665,-0.5543051039835369,0.5543051039835369,21,Wednesday,4
2009-04-01 22:00:00,0.3528,0.8708965874459128,2.2806,-0.5180965874459128,0.5180965874459128,22,Wednesday,4
2009-04-01 23:00:00,0.3503333333333333,0.5262937136242218,1.1021666666666663,-0.1759603802908885,0.1759603802908885,23,Wednesday,4
2009-04-02 00:00:00,0.3693666666666667,0.3829032796715194,0.3528,-0.0135366130048527,0.0135366130048527,0,Thursday,4
2009-04-02 01:00:00,0.3372666666666666,0.3924095680555512,0.3503333333333333,-0.0551429013888846,0.0551429013888846,1,Thursday,4
2009-04-02 02:00:00,0.3744666666666666,0.4056254363713948,0.3693666666666667,-0.0311587697047282,0.0311587697047282,2,Thursday,4
2009-04-02 03:00:00,0.3394,0.4168246027293361,0.3372666666666666,-0.0774246027293361,0.0774246027293361,3,Thursday,4
2009-04-02 04:00:00,0.7856666666666666,0.4273629801549422,0.3744666666666666,0.3583036865117244,0.3583036865117244,4,Thursday,4
2009-04-02 05:00:00,0.8084,0.9760586135898516,0.3394,-0.1676586135898515,0.1676586135898515,5,Thursday,4
2009-04-02 06:00:00,2.6133,1.9299828971122843,0.7856666666666666,0.6833171028877156,0.6833171028877156,6,Thursday,4
2009-04-02 07:00:00,1.5963333333333334,1.745233396802033,0.8084,-0.1489000634686996,0.1489000634686996,7,Thursday,4
2009-04-02 08:00:00,1.3990333333333334,1.633562516541274,2.6133,-0.2345291832079405,0.2345291832079405,8,Thursday,4
2009-04-02 09:00:00,1.435466666666667,1.2599896143016884,1.5963333333333334,0.1754770523649784,0.1754770523649784,9,Thursday,4
2009-04-02 10:00:00,1.3870333333333331,1.1529317870795446,1.3990333333333334,0.2341015462537885,0.2341015462537885,10,Thursday,4
2009-04-02 11:00:00,1.4101,1.130653489875015,1.435466666666667,0.2794465101249852,0.2794465101249852,11,Thursday,4
2009-04-02 12:00:00,1.4584,1.0298116875943646,1.3870333333333331,0.4285883124056353,0.4285883124056353,12,Thursday,4
2009-04-02 13:00:00,1.4340333333333333,0.8496594555939735,1.4101,0.5843738777393598,0.5843738777393598,13,Thursday,4
2009-04-02 14:00:00,1.4731666666666667,1.0143114518154568,1.4584,0.4588552148512099,0.4588552148512099,14,Thursday,4
2009-04-02 15:00:00,1.3425,0.8073138316992751,1.4340333333333333,0.535186168300725,0.535186168300725,15,Thursday,4
2009-04-02 16:00:00,0.3363333333333333,0.9899732476399268,1.4731666666666667,-0.6536399143065934,0.6536399143065934,16,Thursday,4
2009-04-02 17:00:00,0.4939333333333333,1.0248191457068163,1.3425,-0.530885812373483,0.530885812373483,17,Thursday,4
2009-04-02 18:00:00,1.4402666666666666,1.4419026125167105,0.3363333333333333,-0.0016359458500438,0.0016359458500438,18,Thursday,4
2009-04-02 19:00:00,2.859166666666667,1.8892467959364847,0.4939333333333333,0.9699198707301822,0.9699198707301822,19,Thursday,4
2009-04-02 20:00:00,1.8531,2.225007485113565,1.4402666666666666,-0.3719074851135651,0.3719074851135651,20,Thursday,4
2009-04-02 21:00:00,1.1376333333333333,1.6617902876791562,2.859166666666667,-0.5241569543458229,0.5241569543458229,21,Thursday,4
2009-04-02 22:00:00,0.3708666666666666,0.8395653463257232,1.8531,-0.4686986796590566,0.4686986796590566,22,Thursday,4
2009-04-02 23:00:00,0.3545666666666667,0.5536723319452738,1.1376333333333333,-0.199105665278607,0.199105665278607,23,Thursday,4
2009-04-03 00:00:00,0.3391333333333333,0.3699224664794788,0.3708666666666666,-0.0307891331461455,0.0307891331461455,0,Friday,4
2009-04-03 01:00:00,0.4987333333333333,0.3704461724903973,0.3545666666666667,0.128287160842936,0.128287160842936,1,Friday,4
2009-04-03 02:00:00,0.7919666666666667,0.3841857468171594,0.3391333333333333,0.4077809198495073,0.4077809198495073,2,Friday,4
2009-04-03 03:00:00,0.3277,0.3981591467690884,0.4987333333333333,-0.0704591467690884,0.0704591467690884,3,Friday,4
2009-04-03 04:00:00,0.3517333333333333,0.4864503467261222,0.7919666666666667,-0.1347170133927889,0.1347170133927889,4,Friday,4
2009-04-03 05:00:00,0.9248333333333334,0.9761149759712692,0.3277,-0.0512816426379356,0.0512816426379356,5,Friday,4
2009-04-03 06:00:00,2.282633333333333,2.1871929811772084,0.3517333333333333,0.0954403521561246,0.0954403521561246,6,Friday,4
2009-04-03 07:00:00,1.4792999999999998,1.9212129226897263,0.9248333333333334,-0.4419129226897267,0.4419129226897267,7,Friday,4
2009-04-03 08:00:00,1.3923,1.6230937844799571,2.282633333333333,-0.2307937844799572,0.2307937844799572,8,Friday,4
2009-04-03 09:00:00,1.4034333333333333,1.398120890551419,1.4792999999999998,0.0053124427819142,0.0053124427819142,9,Friday,4
2009-04-03 10:00:00,0.3488333333333333,1.2553312809955914,1.3923,-0.906497947662258,0.906497947662258,10,Friday,4
2009-04-03 11:00:00,0.3794,1.2445317227676156,1.4034333333333333,-0.8651317227676156,0.8651317227676156,11,Friday,4
2009-04-03 12:00:00,1.1944666666666668,0.8520044867517955,0.3488333333333333,0.3424621799148712,0.3424621799148712,12,Friday,4
2009-04-03 13:00:00,1.7259,0.8974023513272104,0.3794,0.8284976486727896,0.8284976486727896,13,Friday,4
2009-04-03 14:00:00,0.8723333333333334,0.8587524004404459,1.1944666666666668,0.0135809328928875,0.0135809328928875,14,Friday,4
2009-04-03 15:00:00,0.3646333333333333,1.2515557015959284,1.7259,-0.8869223682625951,0.8869223682625951,15,Friday,4
2009-04-03 16:00:00,1.5096999999999998,0.9996549473520407,0.8723333333333334,0.5100450526479591,0.5100450526479591,16,Friday,4
2009-04-03 17:00:00,0.7478666666666667,1.0976505399615502,0.3646333333333333,-0.3497838732948835,0.3497838732948835,17,Friday,4
2009-04-03 18:00:00,0.3576,2.1291618572712983,1.5096999999999998,-1.7715618572712983,1.7715618572712983,18,Friday,4
2009-04-03 19:00:00,1.3089000000000002,1.8584415966636507,0.7478666666666667,-0.5495415966636505,0.5495415966636505,19,Friday,4
2009-04-03 20:00:00,1.647166666666667,1.4923339439508718,0.3576,0.154832722715795,0.154832722715795,20,Friday,4
2009-04-03 21:00:00,1.7453333333333334,1.433366574710454,1.3089000000000002,0.3119667586228793,0.3119667586228793,21,Friday,4
2009-04-03 22:00:00,0.3725333333333333,0.8472940407255766,1.647166666666667,-0.4747607073922432,0.4747607073922432,22,Friday,4
2009-04-03 23:00:00,0.3876333333333333,0.7071672778751407,1.7453333333333334,-0.3195339445418074,0.3195339445418074,23,Friday,4
2009-04-04 00:00:00,0.3545999999999999,0.3727058383000345,0.3725333333333333,-0.0181058383000345,0.0181058383000345,0,Saturday,4
2009-04-04 01:00:00,0.4018666666666667,0.3766552933333477,0.3876333333333333,0.025211373333319,0.025211373333319,1,Saturday,4
2009-04-04 02:00:00,0.359,0.3879429864561466,0.3545999999999999,-0.0289429864561466,0.0289429864561466,2,Saturday,4
2009-04-04 03:00:00,0.3595666666666667,0.4061243938833223,0.4018666666666667,-0.0465577272166556,0.0465577272166556,3,Saturday,4
2009-04-04 04:00:00,0.3837,0.4011907680001275,0.359,-0.0174907680001275,0.0174907680001275,4,Saturday,4
2009-04-04 05:00:00,0.9455333333333332,0.7044494986179869,0.3595666666666667,0.2410838347153463,0.2410838347153463,5,Saturday,4
2009-04-04 06:00:00,1.1467666666666667,1.4332586752797196,0.3837,-0.2864920086130529,0.2864920086130529,6,Saturday,4
2009-04-04 07:00:00,1.7548333333333337,1.7842206136536551,0.9455333333333332,-0.0293872803203214,0.0293872803203214,7,Saturday,4
2009-04-04 08:00:00,1.4988333333333332,1.5644330833825633,1.1467666666666667,-0.06559975004923,0.06559975004923,8,Saturday,4
2009-04-04 09:00:00,1.4814,1.673873155705337,1.7548333333333337,-0.1924731557053369,0.1924731557053369,9,Saturday,4
2009-04-04 10:00:00,2.0973333333333333,1.544309159025377,1.4988333333333332,0.5530241743079563,0.5530241743079563,10,Saturday,4
2009-04-04 11:00:00,2.5877666666666665,1.436624710956203,1.4814,1.1511419557104636,1.1511419557104636,11,Saturday,4
2009-04-04 12:00:00,1.3576666666666666,1.9219562955642548,2.0973333333333333,-0.5642896288975883,0.5642896288975883,12,Saturday,4
2009-04-04 13:00:00,1.5613,1.9192530114844253,2.5877666666666665,-0.3579530114844254,0.3579530114844254,13,Saturday,4
2009-04-04 14:00:00,3.234366666666667,1.393981921609755,1.3576666666666666,1.840384745056912,1.840384745056912,14,Saturday,4
2009-04-04 15:00:00,2.4121666666666663,1.5201656833078705,1.5613,0.8920009833587959,0.8920009833587959,15,Saturday,4
2009-04-04 16:00:00,1.975933333333333,2.055748677862703,3.234366666666667,-0.0798153445293701,0.0798153445293701,16,Saturday,4
2009-04-04 17:00:00,1.8402666666666667,2.4669239189991305,2.4121666666666663,-0.6266572523324638,0.6266572523324638,17,Saturday,4
2009-04-04 18:00:00,2.2813666666666665,2.761673440047444,1.975933333333333,-0.4803067733807773,0.4803067733807773,18,Saturday,4
2009-04-04 19:00:00,3.1152666666666664,2.410716917283203,1.8402666666666667,0.7045497493834634,0.7045497493834634,19,Saturday,4
2009-04-04 20:00:00,1.6919,2.4283399239056505,2.2813666666666665,-0.7364399239056505,0.7364399239056505,20,Saturday,4
2009-04-04 21:00:00,1.8052333333333328,2.184486574558543,3.1152666666666664,-0.3792532412252103,0.3792532412252103,21,Saturday,4
2009-04-04 22:00:00,1.4862333333333333,1.1027349569877851,1.6919,0.3834983763455479,0.3834983763455479,22,Saturday,4
2009-04-04 23:00:00,1.4465666666666666,1.2794082456832576,1.8052333333333328,0.1671584209834089,0.1671584209834089,23,Saturday,4
2009-04-05 00:00:00,0.3765,0.8630501637818492,1.4862333333333333,-0.4865501637818492,0.4865501637818492,0,Sunday,4
2009-04-05 01:00:00,0.3674333333333333,0.7653109434043301,1.4465666666666666,-0.3978776100709968,0.3978776100709968,1,Sunday,4
2009-04-05 02:00:00,0.3913333333333333,0.3526213799805842,0.3765,0.0387119533527491,0.0387119533527491,2,Sunday,4
2009-04-05 03:00:00,0.3513333333333333,0.3558736223633719,0.3674333333333333,-0.0045402890300386,0.0045402890300386,3,Sunday,4
2009-04-05 04:00:00,0.3929,0.3725298056978849,0.3913333333333333,0.0203701943021151,0.0203701943021151,4,Sunday,4
2009-04-05 05:00:00,0.3501666666666667,0.6470789164192117,0.3513333333333333,-0.296912249752545,0.296912249752545,5,Sunday,4
2009-04-05 06:00:00,1.4909666666666666,0.9567473261505554,0.3929,0.5342193405161112,0.5342193405161112,6,Sunday,4
2009-04-05 07:00:00,1.2742,1.063020538853965,0.3501666666666667,0.2111794611460349,0.2111794611460349,7,Sunday,4
2009-04-05 08:00:00,0.9276,1.3913335405808636,1.4909666666666666,-0.4637335405808636,0.4637335405808636,8,Sunday,4
2009-04-05 09:00:00,1.3845999999999998,1.3774614785691883,1.2742,0.0071385214308112,0.0071385214308112,9,Sunday,4
2009-04-05 10:00:00,2.3859666666666666,1.3791073361966404,0.9276,1.0068593304700262,1.0068593304700262,10,Sunday,4
2009-04-05 11:00:00,2.7841666666666667,1.2620803467323969,1.3845999999999998,1.52208631993427,1.52208631993427,11,Sunday,4
2009-04-05 12:00:00,1.1237,1.7989030972184978,2.3859666666666666,-0.6752030972184979,0.6752030972184979,12,Sunday,4
2009-04-05 13:00:00,0.4261666666666667,1.8948316684520228,2.7841666666666667,-1.468665001785356,1.468665001785356,13,Sunday,4
2009-04-05 14:00:00,0.3329,1.1673937107478425,1.1237,-0.8344937107478423,0.8344937107478423,14,Sunday,4
2009-04-05 15:00:00,0.3834333333333333,1.076946812303926,0.4261666666666667,-0.6935134789705928,0.6935134789705928,15,Sunday,4
2009-04-05 16:00:00,0.8690333333333332,1.1732924114638363,0.3329,-0.3042590781305031,0.3042590781305031,16,Sunday,4
2009-04-05 17:00:00,0.7525666666666666,1.2467568352467917,0.3834333333333333,-0.4941901685801251,0.4941901685801251,17,Sunday,4
2009-04-05 18:00:00,0.8464666666666667,2.0052777226953373,0.8690333333333332,-1.1588110560286706,1.1588110560286706,18,Sunday,4
2009-04-05 19:00:00,2.183466666666667,1.9753729596062184,0.7525666666666666,0.2080937070604485,0.2080937070604485,19,Sunday,4
2009-04-05 20:00:00,1.2594999999999998,1.8397397769115,0.8464666666666667,-0.5802397769114997,0.5802397769114997,20,Sunday,4
2009-04-05 21:00:00,0.4369333333333333,1.6051204845063218,2.183466666666667,-1.1681871511729884,1.1681871511729884,21,Sunday,4
2009-04-05 22:00:00,0.3907,0.9412409386517656,1.2594999999999998,-0.5505409386517657,0.5505409386517657,22,Sunday,4
2009-04-05 23:00:00,0.3751,0.6034692175771246,0.4369333333333333,-0.2283692175771245,0.2283692175771245,23,Sunday,4
2009-04-06 00:00:00,0.3374333333333333,0.3679562445774679,0.3907,-0.0305229112441346,0.0305229112441346,0,Monday,4
2009-04-06 01:00:00,0.3757333333333333,0.3580760353985298,0.3751,0.0176572979348035,0.0176572979348035,1,Monday,4
2009-04-06 02:00:00,0.4099666666666666,0.3723393157362104,0.3374333333333333,0.0376273509304562,0.0376273509304562,2,Monday,4
2009-04-06 03:00:00,0.8275333333333333,0.3824910700723146,0.3757333333333333,0.4450422632610187,0.4450422632610187,3,Monday,4
2009-04-06 04:00:00,0.3409,0.4250586632920228,0.4099666666666666,-0.0841586632920228,0.0841586632920228,4,Monday,4
2009-04-06 05:00:00,0.8835666666666667,0.9103421026514512,0.8275333333333333,-0.0267754359847843,0.0267754359847843,5,Monday,4
2009-04-06 06:00:00,1.9852666666666667,1.8541741674460177,0.3409,0.131092499220649,0.131092499220649,6,Monday,4
2009-04-06 07:00:00,1.4852666666666667,1.6748926664314614,0.8835666666666667,-0.1896259997647946,0.1896259997647946,7,Monday,4
2009-04-06 08:00:00,1.4063333333333332,1.458065817047968,1.9852666666666667,-0.0517324837146349,0.0517324837146349,8,Monday,4
2009-04-06 09:00:00,1.4016,1.1435734922886092,1.4852666666666667,0.2580265077113908,0.2580265077113908,9,Monday,4
2009-04-06 10:00:00,1.4481666666666666,1.1230436726968331,1.4063333333333332,0.3251229939698334,0.3251229939698334,10,Monday,4
2009-04-06 11:00:00,1.4066666666666667,1.032788101487875,1.4016,0.3738785651787917,0.3738785651787917,11,Monday,4
2009-04-06 12:00:00,1.4436,1.1278937808442522,1.4481666666666666,0.3157062191557478,0.3157062191557478,12,Monday,4
2009-04-06 13:00:00,1.1090666666666666,0.9809782908460436,1.4066666666666667,0.1280883758206231,0.1280883758206231,13,Monday,4
2009-04-06 14:00:00,0.3494333333333334,0.9284016827179772,1.4436,-0.5789683493846437,0.5789683493846437,14,Monday,4
2009-04-06 15:00:00,0.3544666666666666,0.7008417260439593,1.1090666666666666,-0.3463750593772927,0.3463750593772927,15,Monday,4
2009-04-06 16:00:00,0.3596333333333333,0.620962905335179,0.3494333333333334,-0.2613295720018456,0.2613295720018456,16,Monday,4
2009-04-06 17:00:00,0.3812,0.8482535854253026,0.3544666666666666,-0.4670535854253026,0.4670535854253026,17,Monday,4
2009-04-06 18:00:00,1.6622333333333332,1.4203324518858245,0.3596333333333333,0.2419008814475087,0.2419008814475087,18,Monday,4
2009-04-06 19:00:00,2.1429,1.6038934052079654,0.3812,0.5390065947920346,0.5390065947920346,19,Monday,4
2009-04-06 20:00:00,2.117433333333333,2.001745387354009,1.6622333333333332,0.115687945979324,0.115687945979324,20,Monday,4
2009-04-06 21:00:00,0.8883666666666666,1.513550266306495,2.1429,-0.6251835996398284,0.6251835996398284,21,Monday,4
2009-04-06 22:00:00,0.7187,1.0011210059964963,2.117433333333333,-0.2824210059964963,0.2824210059964963,22,Monday,4
2009-04-06 23:00:00,0.7413333333333333,0.5272379288388792,0.8883666666666666,0.214095404494454,0.214095404494454,23,Monday,4
2009-04-07 00:00:00,0.3752666666666667,0.3799519472661369,0.7187,-0.0046852805994702,0.0046852805994702,0,Tuesday,4
2009-04-07 01:00:00,0.3480666666666667,0.3799519472661369,0.7413333333333333,-0.0318852805994702,0.0318852805994702,1,Tuesday,4
2009-04-07 02:00:00,0.3725666666666666,0.3931683291902727,0.3752666666666667,-0.0206016625236061,0.0206016625236061,2,Tuesday,4
2009-04-07 03:00:00,0.3500333333333333,0.3916525180660128,0.3480666666666667,-0.0416191847326795,0.0416191847326795,3,Tuesday,4
2009-04-07 04:00:00,0.371,0.4241244547401369,0.3725666666666666,-0.0531244547401368,0.0531244547401368,4,Tuesday,4
2009-04-07 05:00:00,1.3242666666666667,1.004133929987268,0.3500333333333333,0.3201327366793987,0.3201327366793987,5,Tuesday,4
2009-04-07 06:00:00,2.2093333333333334,2.084807834361655,0.371,0.1245254989716784,0.1245254989716784,6,Tuesday,4
2009-04-07 07:00:00,1.506233333333333,1.7588447763983246,1.3242666666666667,-0.2526114430649915,0.2526114430649915,7,Tuesday,4
2009-04-07 08:00:00,1.5154666666666663,1.6527757855248857,2.2093333333333334,-0.1373091188582194,0.1373091188582194,8,Tuesday,4
2009-04-07 09:00:00,1.5235999999999998,1.3324386159393775,1.506233333333333,0.1911613840606223,0.1911613840606223,9,Tuesday,4
2009-04-07 10:00:00,1.5989,1.392975986819834,1.5154666666666663,0.205924013180166,0.205924013180166,10,Tuesday,4
2009-04-07 11:00:00,1.4202666666666666,1.3378614001712752,1.5235999999999998,0.0824052664953913,0.0824052664953913,11,Tuesday,4
2009-04-07 12:00:00,0.7572333333333333,1.2999965576659835,1.5989,-0.5427632243326502,0.5427632243326502,12,Tuesday,4
2009-04-07 13:00:00,0.3392,1.4357066778784673,1.4202666666666666,-1.0965066778784671,1.0965066778784671,13,Tuesday,4
2009-04-07 14:00:00,0.3449666666666667,1.1205449347737602,0.7572333333333333,-0.7755782681070935,0.7755782681070935,14,Tuesday,4
2009-04-07 15:00:00,0.3351333333333333,0.8240832465351824,0.3392,-0.4889499132018491,0.4889499132018491,15,Tuesday,4
2009-04-07 16:00:00,0.3699666666666666,0.8241680534750396,0.3449666666666667,-0.454201386808373,0.454201386808373,16,Tuesday,4
2009-04-07 17:00:00,0.4602,0.9234801482354452,0.3351333333333333,-0.4632801482354453,0.4632801482354453,17,Tuesday,4
2009-04-07 18:00:00,0.7072333333333333,1.2760250453121955,0.3699666666666666,-0.5687917119788622,0.5687917119788622,18,Tuesday,4
2009-04-07 19:00:00,2.1162666666666667,1.69606814229445,0.4602,0.4201985243722166,0.4201985243722166,19,Tuesday,4
2009-04-07 20:00:00,2.309433333333333,1.7992358701676987,0.7072333333333333,0.5101974631656341,0.5101974631656341,20,Tuesday,4
2009-04-07 21:00:00,1.9565666666666668,1.656427080867366,2.1162666666666667,0.3001395857993008,0.3001395857993008,21,Tuesday,4
2009-04-07 22:00:00,0.6489999999999999,0.8835010360388781,2.309433333333333,-0.2345010360388781,0.2345010360388781,22,Tuesday,4
2009-04-07 23:00:00,1.1636666666666668,0.6704896672332442,1.9565666666666668,0.4931769994334226,0.4931769994334226,23,Tuesday,4
2009-04-08 00:00:00,0.4228666666666666,0.4367454890345416,0.6489999999999999,-0.013878822367875,0.013878822367875,0,Wednesday,4
2009-04-08 01:00:00,0.4484333333333333,0.411125294168377,1.1636666666666668,0.0373080391649562,0.0373080391649562,1,Wednesday,4
2009-04-08 02:00:00,0.4064333333333333,0.3839334388732479,0.4228666666666666,0.0224998944600854,0.0224998944600854,2,Wednesday,4
2009-04-08 03:00:00,0.3995333333333333,0.3946088992202706,0.4484333333333333,0.0049244341130626,0.0049244341130626,3,Wednesday,4
2009-04-08 04:00:00,0.4098,0.4156168025923279,0.4064333333333333,-0.0058168025923279,0.0058168025923279,4,Wednesday,4
2009-04-08 05:00:00,0.8245333333333333,0.9431201286817508,0.3995333333333333,-0.1185867953484173,0.1185867953484173,5,Wednesday,4
2009-04-08 06:00:00,2.2129666666666665,1.886602132788428,0.4098,0.3263645338782384,0.3263645338782384,6,Wednesday,4
2009-04-08 07:00:00,1.4776,1.6624988209765887,0.8245333333333333,-0.1848988209765887,0.1848988209765887,7,Wednesday,4
2009-04-08 08:00:00,1.5108,1.713205313477812,2.2129666666666665,-0.2024053134778121,0.2024053134778121,8,Wednesday,4
2009-04-08 09:00:00,1.5343000000000002,1.2174739489152635,1.4776,0.3168260510847365,0.3168260510847365,9,Wednesday,4
2009-04-08 10:00:00,1.5227666666666666,1.276968381535418,1.5108,0.2457982851312485,0.2457982851312485,10,Wednesday,4
2009-04-08 11:00:00,0.5649,1.2977061869751494,1.5343000000000002,-0.7328061869751494,0.7328061869751494,11,Wednesday,4
2009-04-08 12:00:00,0.5756,1.1671856859965009,1.5227666666666666,-0.5915856859965009,0.5915856859965009,12,Wednesday,4
2009-04-08 13:00:00,2.254566666666667,0.8481310560952994,0.5649,1.4064356105713671,1.4064356105713671,13,Wednesday,4
2009-04-08 14:00:00,0.987,0.7543021815613445,0.5756,0.2326978184386554,0.2326978184386554,14,Wednesday,4
2009-04-08 15:00:00,0.8788333333333332,1.544276783755122,2.254566666666667,-0.6654434504217887,0.6654434504217887,15,Wednesday,4
2009-04-08 16:00:00,0.7892666666666667,0.7842159879065678,0.987,0.0050506787600989,0.0050506787600989,16,Wednesday,4
2009-04-08 17:00:00,0.4328333333333333,0.947095617322214,0.8788333333333332,-0.5142622839888807,0.5142622839888807,17,Wednesday,4
2009-04-08 18:00:00,0.4591,1.563262270246768,0.7892666666666667,-1.104162270246768,1.104162270246768,18,Wednesday,4
2009-04-08 19:00:00,2.0883,2.003750743939997,0.4328333333333333,0.0845492560600029,0.0845492560600029,19,Wednesday,4
2009-04-08 20:00:00,2.445066666666667,1.899228399294715,0.4591,0.545838267371952,0.545838267371952,20,Wednesday,4
2009-04-08 21:00:00,1.3433,1.655382597499273,2.0883,-0.3120825974992731,0.3120825974992731,21,Wednesday,4
2009-04-08 22:00:00,0.4241999999999999,0.9224270429723644,2.445066666666667,-0.4982270429723644,0.4982270429723644,22,Wednesday,4
2009-04-08 23:00:00,0.4315,0.4641999624252771,1.3433,-0.0326999624252771,0.0326999624252771,23,Wednesday,4
2009-04-09 00:00:00,0.5021,0.381565795625409,0.4241999999999999,0.1205342043745909,0.1205342043745909,0,Thursday,4
2009-04-09 01:00:00,0.3596,0.3789593869953737,0.4315,-0.0193593869953737,0.0193593869953737,1,Thursday,4
2009-04-09 02:00:00,0.3633333333333333,0.3926989613221358,0.5021,-0.0293656279888025,0.0293656279888025,2,Thursday,4
2009-04-09 03:00:00,0.3767,0.4038437895372955,0.3596,-0.0271437895372955,0.0271437895372955,3,Thursday,4
2009-04-09 04:00:00,1.0031666666666663,0.4173367115269604,0.3633333333333333,0.5858299551397059,0.5858299551397059,4,Thursday,4
2009-04-09 05:00:00,1.5582,0.962283398676428,0.3767,0.5959166013235719,0.5959166013235719,5,Thursday,4
2009-04-09 06:00:00,3.0013666666666667,1.7704165681198802,1.0031666666666663,1.2309500985467865,1.2309500985467865,6,Thursday,4
2009-04-09 07:00:00,1.5161666666666669,1.7220906142151606,1.5582,-0.2059239475484937,0.2059239475484937,7,Thursday,4
2009-04-09 08:00:00,1.4061666666666668,1.5069701626418408,3.0013666666666667,-0.100803495975174,0.100803495975174,8,Thursday,4
2009-04-09 09:00:00,1.5118333333333331,1.1784935276838064,1.5161666666666669,0.3333398056495267,0.3333398056495267,9,Thursday,4
2009-04-09 10:00:00,1.5624,1.0918553879483115,1.4061666666666668,0.4705446120516885,0.4705446120516885,10,Thursday,4
2009-04-09 11:00:00,1.5432333333333332,1.0894075208485985,1.5118333333333331,0.4538258124847347,0.4538258124847347,11,Thursday,4
2009-04-09 12:00:00,1.2177666666666669,1.095141899956413,1.5624,0.1226247667102538,0.1226247667102538,12,Thursday,4
2009-04-09 13:00:00,0.4274,1.0532696592939603,1.5432333333333332,-0.6258696592939603,0.6258696592939603,13,Thursday,4
2009-04-09 14:00:00,0.3524,0.8100483846749967,1.2177666666666669,-0.4576483846749967,0.4576483846749967,14,Thursday,4
2009-04-09 15:00:00,0.3906333333333333,0.6429852469112385,0.4274,-0.2523519135779052,0.2523519135779052,15,Thursday,4
2009-04-09 16:00:00,0.5079,0.7259819951203157,0.3524,-0.2180819951203156,0.2180819951203156,16,Thursday,4
2009-04-09 17:00:00,1.1678666666666666,0.9915852525312177,0.3906333333333333,0.1762814141354489,0.1762814141354489,17,Thursday,4
2009-04-09 18:00:00,3.396866666666667,1.3967837672522798,0.5079,2.0000828994143878,2.0000828994143878,18,Thursday,4
2009-04-09 19:00:00,3.170733333333333,1.8830088756225112,1.1678666666666666,1.287724457710822,1.287724457710822,19,Thursday,4
2009-04-09 20:00:00,3.416633333333333,2.4321887069086854,3.396866666666667,0.9844446264246476,0.9844446264246476,20,Thursday,4
2009-04-09 21:00:00,1.6903333333333337,1.6524399014925015,3.170733333333333,0.0378934318408321,0.0378934318408321,21,Thursday,4
2009-04-09 22:00:00,0.6335666666666667,0.9037820537612354,3.416633333333333,-0.2702153870945687,0.2702153870945687,22,Thursday,4
2009-04-09 23:00:00,0.4321333333333333,0.5840003828122747,1.6903333333333337,-0.1518670494789414,0.1518670494789414,23,Thursday,4
2009-04-10 00:00:00,0.331,0.3858216602106387,0.6335666666666667,-0.0548216602106387,0.0548216602106387,0,Friday,4
2009-04-10 01:00:00,0.7373999999999999,0.373087990276106,0.4321333333333333,0.3643120097238939,0.3643120097238939,1,Friday,4
2009-04-10 02:00:00,0.625,0.3875513218319418,0.331,0.2374486781680581,0.2374486781680581,2,Friday,4
2009-04-10 03:00:00,0.3944333333333333,0.4199074453018223,0.7373999999999999,-0.0254741119684889,0.0254741119684889,3,Friday,4
2009-04-10 04:00:00,0.3400999999999999,0.429450912258174,0.625,-0.0893509122581741,0.0893509122581741,4,Friday,4
2009-04-10 05:00:00,0.8863666666666667,0.9758056479948134,0.3944333333333333,-0.0894389813281466,0.0894389813281466,5,Friday,4
2009-04-10 06:00:00,2.6104,1.976460542129112,0.3400999999999999,0.6339394578708881,0.6339394578708881,6,Friday,4
2009-04-10 07:00:00,2.1925000000000003,1.7185080608568473,0.8863666666666667,0.4739919391431531,0.4739919391431531,7,Friday,4
2009-04-10 08:00:00,2.041533333333333,1.6114469978828496,2.6104,0.4300863354504836,0.4300863354504836,8,Friday,4
2009-04-10 09:00:00,1.4770666666666663,1.549580192027603,2.1925000000000003,-0.0725135253609368,0.0725135253609368,9,Friday,4
2009-04-10 10:00:00,1.4534333333333334,1.5634533815541003,2.041533333333333,-0.1100200482207669,0.1100200482207669,10,Friday,4
2009-04-10 11:00:00,1.6635333333333333,1.1089970227272443,1.4770666666666663,0.5545363106060888,0.5545363106060888,11,Friday,4
2009-04-10 12:00:00,1.5188333333333333,1.0463076693506204,1.4534333333333334,0.4725256639827129,0.4725256639827129,12,Friday,4
2009-04-10 13:00:00,1.5885,1.232184495418887,1.6635333333333333,0.356315504581113,0.356315504581113,13,Friday,4
2009-04-10 14:00:00,0.5604666666666667,1.202805380413959,1.5188333333333333,-0.642338713747292,0.642338713747292,14,Friday,4
2009-04-10 15:00:00,0.4045666666666667,1.0761903755188804,1.5885,-0.6716237088522137,0.6716237088522137,15,Friday,4
2009-04-10 16:00:00,0.6892333333333334,0.707655958725003,0.5604666666666667,-0.0184226253916696,0.0184226253916696,16,Friday,4
2009-04-10 17:00:00,1.3646333333333334,1.219399954441834,0.4045666666666667,0.1452333788914992,0.1452333788914992,17,Friday,4
2009-04-10 18:00:00,2.5269,1.873666551410392,0.6892333333333334,0.6532334485896081,0.6532334485896081,18,Friday,4
2009-04-10 19:00:00,2.594666666666667,1.7149938100238684,1.3646333333333334,0.8796728566427985,0.8796728566427985,19,Friday,4
2009-04-10 20:00:00,1.9003333333333328,2.415643207855185,2.5269,-0.5153098745218521,0.5153098745218521,20,Friday,4
2009-04-10 21:00:00,1.7995666666666668,1.690586283986056,2.594666666666667,0.1089803826806106,0.1089803826806106,21,Friday,4
2009-04-10 22:00:00,0.5693,0.8440930174972406,1.9003333333333328,-0.2747930174972406,0.2747930174972406,22,Friday,4
2009-04-10 23:00:00,0.4202,0.6214017082344595,1.7995666666666668,-0.2012017082344595,0.2012017082344595,23,Friday,4
2009-04-11 00:00:00,0.3612,0.3762704421430398,0.5693,-0.0150704421430397,0.0150704421430397,0,Saturday,4
2009-04-11 01:00:00,0.4386333333333334,0.3699224664794788,0.4202,0.0687108668538545,0.0687108668538545,1,Saturday,4
2009-04-11 02:00:00,0.3224333333333333,0.396119147987363,0.3612,-0.0736858146540297,0.0736858146540297,2,Saturday,4
2009-04-11 03:00:00,0.3971333333333333,0.4028716541946297,0.4386333333333334,-0.0057383208612964,0.0057383208612964,3,Saturday,4
2009-04-11 04:00:00,0.3164666666666667,0.3848821562307901,0.3224333333333333,-0.0684154895641234,0.0684154895641234,4,Saturday,4
2009-04-11 05:00:00,0.6199666666666667,0.685329489270623,0.3971333333333333,-0.0653628226039563,0.0653628226039563,5,Saturday,4
2009-04-11 06:00:00,2.147066666666667,1.3173104447720452,0.3164666666666667,0.8297562218946217,0.8297562218946217,6,Saturday,4
2009-04-11 07:00:00,1.5560666666666667,1.7083691644938082,0.6199666666666667,-0.1523024978271414,0.1523024978271414,7,Saturday,4
2009-04-11 08:00:00,1.4780666666666666,1.7018169453995418,2.147066666666667,-0.2237502787328751,0.2237502787328751,8,Saturday,4
2009-04-11 09:00:00,1.6386666666666665,1.4672503674334307,1.5560666666666667,0.1714162992332357,0.1714162992332357,9,Saturday,4
2009-04-11 10:00:00,3.4521666666666664,1.4185989211483716,1.4780666666666666,2.033567745518295,2.033567745518295,10,Saturday,4
2009-04-11 11:00:00,1.6152666666666666,1.6307888208665215,1.6386666666666665,-0.0155221541998549,0.0155221541998549,11,Saturday,4
2009-04-11 12:00:00,1.7110333333333332,2.168091564689174,3.4521666666666664,-0.4570582313558409,0.4570582313558409,12,Saturday,4
2009-04-11 13:00:00,1.5913666666666666,1.4804152228646896,1.6152666666666666,0.1109514438019769,0.1109514438019769,13,Saturday,4
2009-04-11 14:00:00,1.5229,1.4307361601853257,1.7110333333333332,0.0921638398146744,0.0921638398146744,14,Saturday,4
2009-04-11 15:00:00,1.9821333333333333,1.41291555455705,1.5913666666666666,0.5692177787762833,0.5692177787762833,15,Saturday,4
2009-04-11 16:00:00,1.6053666666666666,1.4263141718830352,1.5229,0.1790524947836314,0.1790524947836314,16,Saturday,4
2009-04-11 17:00:00,2.0102333333333333,2.266572133187512,1.9821333333333333,-0.2563387998541784,0.2563387998541784,17,Saturday,4
2009-04-11 18:00:00,4.304733333333333,2.087403688938303,1.6053666666666666,2.21732964439503,2.21732964439503,18,Saturday,4
2009-04-11 19:00:00,4.145133333333333,2.1421995618270766,2.0102333333333333,2.0029337715062563,2.0029337715062563,19,Saturday,4
2009-04-11 20:00:00,2.7389333333333337,2.6140424549720045,4.304733333333333,0.1248908783613291,0.1248908783613291,20,Saturday,4
2009-04-11 21:00:00,3.0515,2.0052527756809133,4.145133333333333,1.0462472243190866,1.0462472243190866,21,Saturday,4
2009-04-11 22:00:00,1.6141,1.3682704387139568,2.7389333333333337,0.2458295612860432,0.2458295612860432,22,Saturday,4
2009-04-11 23:00:00,1.4864666666666666,1.4078340230926776,3.0515,0.078632643573989,0.078632643573989,23,Saturday,4
2009-04-12 00:00:00,1.4682333333333333,1.064669668651071,1.6141,0.4035636646822622,0.4035636646822622,0,Sunday,4
2009-04-12 01:00:00,1.4626666666666668,0.659430946194529,1.4864666666666666,0.8032357204721378,0.8032357204721378,1,Sunday,4
2009-04-12 02:00:00,1.0891333333333333,0.7974544902849232,1.4682333333333333,0.2916788430484101,0.2916788430484101,2,Sunday,4
2009-04-12 03:00:00,0.3583666666666666,0.8282740754405591,1.4626666666666668,-0.4699074087738925,0.4699074087738925,3,Sunday,4
2009-04-12 04:00:00,0.4491,0.5107908991759791,1.0891333333333333,-0.061690899175979,0.061690899175979,4,Sunday,4
2009-04-12 05:00:00,0.3089333333333333,0.6746518540880314,0.3583666666666666,-0.3657185207546981,0.3657185207546981,5,Sunday,4
2009-04-12 06:00:00,1.776,0.657719783696755,0.4491,1.118280216303245,1.118280216303245,6,Sunday,4
2009-04-12 07:00:00,1.973933333333333,1.177814770851299,0.3089333333333333,0.7961185624820342,0.7961185624820342,7,Sunday,4
2009-04-12 08:00:00,1.5353333333333334,1.775375916485864,1.776,-0.2400425831525305,0.2400425831525305,8,Sunday,4
2009-04-12 09:00:00,1.4614333333333334,1.7262135951153308,1.973933333333333,-0.2647802617819974,0.2647802617819974,9,Sunday,4
2009-04-12 10:00:00,0.9088,1.453356639824821,1.5353333333333334,-0.5445566398248209,0.5445566398248209,10,Sunday,4
2009-04-12 11:00:00,0.5246,1.571811991687447,1.4614333333333334,-1.0472119916874467,1.0472119916874467,11,Sunday,4
2009-04-12 12:00:00,0.7162666666666666,1.2923973624510698,0.9088,-0.5761306957844032,0.5761306957844032,12,Sunday,4
2009-04-12 13:00:00,1.5608,1.1947610792187149,0.5246,0.3660389207812853,0.3660389207812853,13,Sunday,4
2009-04-12 14:00:00,0.4926666666666666,1.1498952221608023,0.7162666666666666,-0.657228555494136,0.657228555494136,14,Sunday,4
2009-04-12 15:00:00,0.5899,1.2569423652289042,1.5608,-0.6670423652289043,0.6670423652289043,15,Sunday,4
2009-04-12 16:00:00,0.6931999999999999,1.1375639570618412,0.4926666666666666,-0.4443639570618413,0.4443639570618413,16,Sunday,4
2009-04-12 17:00:00,1.7679,1.5514067913898983,0.5899,0.2164932086101016,0.2164932086101016,17,Sunday,4
2009-04-12 18:00:00,2.6531666666666665,1.9451914812712872,0.6931999999999999,0.7079751853953793,0.7079751853953793,18,Sunday,4
2009-04-12 19:00:00,5.0983,2.177724038371692,1.7679,2.9205759616283085,2.9205759616283085,19,Sunday,4
2009-04-12 20:00:00,5.133966666666667,2.2678620261931632,2.6531666666666665,2.866104640473504,2.866104640473504,20,Sunday,4
2009-04-12 21:00:00,1.4839666666666669,2.190128115920059,5.0983,-0.7061614492533921,0.7061614492533921,21,Sunday,4
2009-04-12 22:00:00,0.6904,1.4527596090872832,5.133966666666667,-0.7623596090872832,0.7623596090872832,22,Sunday,4
2009-04-12 23:00:00,0.4184666666666666,0.5953963372944188,1.4839666666666669,-0.1769296706277521,0.1769296706277521,23,Sunday,4
2009-04-13 00:00:00,0.457,0.457324923031573,0.6904,-0.000324923031573,0.000324923031573,0,Monday,4
2009-04-13 01:00:00,0.4132999999999999,0.3696840797710444,0.4184666666666666,0.0436159202289554,0.0436159202289554,1,Monday,4
2009-04-13 02:00:00,0.7914333333333333,0.3611906780169892,0.457,0.4302426553163441,0.4302426553163441,2,Monday,4
2009-04-13 03:00:00,0.5960666666666667,0.3904834124109317,0.4132999999999999,0.2055832542557349,0.2055832542557349,3,Monday,4
2009-04-13 04:00:00,0.4284,0.4865237905213285,0.7914333333333333,-0.0581237905213285,0.0581237905213285,4,Monday,4
2009-04-13 05:00:00,0.9427,0.9709862848319846,0.5960666666666667,-0.0282862848319845,0.0282862848319845,5,Monday,4
2009-04-13 06:00:00,0.9303666666666668,1.9398144270117663,0.4284,-1.0094477603450998,1.0094477603450998,6,Monday,4
2009-04-13 07:00:00,2.986133333333333,1.875694970290281,0.9427,1.110438363043052,1.110438363043052,7,Monday,4
2009-04-13 08:00:00,1.7325666666666668,1.2570808213710822,0.9303666666666668,0.4754858452955846,0.4754858452955846,8,Monday,4
2009-04-13 09:00:00,0.7960333333333334,1.6687030618565886,2.986133333333333,-0.8726697285232552,0.8726697285232552,9,Monday,4
2009-04-13 10:00:00,0.5765333333333333,1.392621128429959,1.7325666666666668,-0.8160877950966257,0.8160877950966257,10,Monday,4
2009-04-13 11:00:00,0.5705333333333333,1.0554428977134365,0.7960333333333334,-0.4849095643801031,0.4849095643801031,11,Monday,4
2009-04-13 12:00:00,0.8043333333333333,0.91357423472346,0.5765333333333333,-0.1092409013901265,0.1092409013901265,12,Monday,4
2009-04-13 13:00:00,0.5689333333333334,0.8075582633966983,0.5705333333333333,-0.2386249300633649,0.2386249300633649,13,Monday,4
2009-04-13 14:00:00,0.4572333333333333,0.8716407979284018,0.8043333333333333,-0.4144074645950684,0.4144074645950684,14,Monday,4
2009-04-13 15:00:00,1.2121666666666668,0.6122879112298184,0.5689333333333334,0.5998787554368484,0.5998787554368484,15,Monday,4
2009-04-13 16:00:00,0.4633333333333333,0.5711309038144086,0.4572333333333333,-0.1077975704810752,0.1077975704810752,16,Monday,4
2009-04-13 17:00:00,1.1889333333333334,1.0197628866911248,1.2121666666666668,0.1691704466422086,0.1691704466422086,17,Monday,4
2009-04-13 18:00:00,0.8418,1.421314903850703,0.4633333333333333,-0.5795149038507029,0.5795149038507029,18,Monday,4
2009-04-13 19:00:00,3.4581666666666666,1.859278781854387,1.1889333333333334,1.5988878848122796,1.5988878848122796,19,Monday,4
2009-04-13 20:00:00,2.6157666666666666,2.2645342188270208,0.8418,0.3512324478396458,0.3512324478396458,20,Monday,4
2009-04-13 21:00:00,2.0567333333333333,1.8241622566302915,3.4581666666666666,0.232571076703042,0.232571076703042,21,Monday,4
2009-04-13 22:00:00,1.3571333333333333,0.81133056064886,2.6157666666666666,0.5458027726844733,0.5458027726844733,22,Monday,4
2009-04-13 23:00:00,0.4273,0.6118909229827841,2.0567333333333333,-0.1845909229827841,0.1845909229827841,23,Monday,4
2009-04-14 00:00:00,0.4592,0.5336432218034912,1.3571333333333333,-0.0744432218034912,0.0744432218034912,0,Tuesday,4
2009-04-14 01:00:00,0.448,0.3820547832325461,0.4273,0.0659452167674539,0.0659452167674539,1,Tuesday,4
2009-04-14 02:00:00,0.4037666666666666,0.3957943575593082,0.4592,0.0079723091073584,0.0079723091073584,2,Tuesday,4
2009-04-14 03:00:00,0.4554,0.4201225423342424,0.448,0.0352774576657576,0.0352774576657576,3,Tuesday,4
2009-04-14 04:00:00,0.3937666666666667,0.4371119527565675,0.4037666666666666,-0.0433452860899008,0.0433452860899008,4,Tuesday,4
2009-04-14 05:00:00,0.9626666666666668,0.9458080383597276,0.4554,0.016858628306939,0.016858628306939,5,Tuesday,4
2009-04-14 06:00:00,2.0542,2.1599656206374185,0.3937666666666667,-0.1057656206374186,0.1057656206374186,6,Tuesday,4
2009-04-14 07:00:00,1.6678666666666666,1.9487799773704768,0.9626666666666668,-0.28091331070381,0.28091331070381,7,Tuesday,4
2009-04-14 08:00:00,1.4265333333333332,1.6187077247438646,2.0542,-0.1921743914105314,0.1921743914105314,8,Tuesday,4
2009-04-14 09:00:00,1.7533666666666667,1.4605959734460936,1.6678666666666666,0.2927706932205731,0.2927706932205731,9,Tuesday,4
2009-04-14 10:00:00,1.2905333333333333,1.338740149998242,1.4265333333333332,-0.0482068166649087,0.0482068166649087,10,Tuesday,4
2009-04-14 11:00:00,1.3833,1.5937203246417195,1.7533666666666667,-0.2104203246417195,0.2104203246417195,11,Tuesday,4
2009-04-14 12:00:00,0.4327666666666667,1.061940517834513,1.2905333333333333,-0.6291738511678462,0.6291738511678462,12,Tuesday,4
2009-04-14 13:00:00,0.4228333333333333,1.097061680284428,1.3833,-0.6742283469510947,0.6742283469510947,13,Tuesday,4
2009-04-14 14:00:00,0.4231333333333333,0.647831577039428,0.4327666666666667,-0.2246982437060946,0.2246982437060946,14,Tuesday,4
2009-04-14 15:00:00,0.4550333333333333,0.6340924196853118,0.4228333333333333,-0.1790590863519785,0.1790590863519785,15,Tuesday,4
2009-04-14 16:00:00,0.4276999999999999,0.61638071744179,0.4231333333333333,-0.1886807174417901,0.1886807174417901,16,Tuesday,4
2009-04-14 17:00:00,0.4631,0.8723132731390068,0.4550333333333333,-0.4092132731390067,0.4092132731390067,17,Tuesday,4
2009-04-14 18:00:00,2.6756333333333333,1.6076035997035754,0.4276999999999999,1.068029733629758,1.068029733629758,18,Tuesday,4
2009-04-14 19:00:00,2.2335,1.9400594520114,0.4631,0.2934405479886,0.2934405479886,19,Tuesday,4
2009-04-14 20:00:00,1.8708,2.427278905892016,2.6756333333333333,-0.5564789058920159,0.5564789058920159,20,Tuesday,4
2009-04-14 21:00:00,1.802333333333333,1.7014099304950343,2.2335,0.1009234028382985,0.1009234028382985,21,Tuesday,4
2009-04-14 22:00:00,0.6929,0.8746111813510823,1.8708,-0.1817111813510823,0.1817111813510823,22,Tuesday,4
2009-04-14 23:00:00,0.5005666666666666,0.6501277296595237,1.802333333333333,-0.1495610629928571,0.1495610629928571,23,Tuesday,4
2009-04-15 00:00:00,0.5789333333333333,0.4289923151029118,0.6929,0.1499410182304214,0.1499410182304214,0,Wednesday,4
2009-04-15 01:00:00,0.6049,0.3837163837955134,0.5005666666666666,0.2211836162044865,0.2211836162044865,1,Wednesday,4
2009-04-15 02:00:00,0.5354,0.4032294677562394,0.5789333333333333,0.1321705322437605,0.1321705322437605,2,Wednesday,4
2009-04-15 03:00:00,0.5331,0.4203291390083506,0.6049,0.1127708609916494,0.1127708609916494,3,Wednesday,4
2009-04-15 04:00:00,0.5196,0.4233579136909551,0.5354,0.0962420863090448,0.0962420863090448,4,Wednesday,4
2009-04-15 05:00:00,0.9036333333333334,0.8902250418494454,0.5331,0.013408291483888,0.013408291483888,5,Wednesday,4
2009-04-15 06:00:00,1.6484666666666667,2.090300966634198,0.5196,-0.4418342999675313,0.4418342999675313,6,Wednesday,4
2009-04-15 07:00:00,1.2019,1.9003053039961808,0.9036333333333334,-0.6984053039961806,0.6984053039961806,7,Wednesday,4
2009-04-15 08:00:00,0.4638333333333334,1.4483314938094962,1.6484666666666667,-0.9844981604761628,0.9844981604761628,8,Wednesday,4
2009-04-15 09:00:00,0.3712333333333333,1.1959180118533008,1.2019,-0.8246846785199675,0.8246846785199675,9,Wednesday,4
2009-04-15 10:00:00,0.4628333333333333,0.935073208638394,0.4638333333333334,-0.4722398753050606,0.4722398753050606,10,Wednesday,4
2009-04-15 11:00:00,0.3924666666666666,0.9422429306040356,0.3712333333333333,-0.5497762639373691,0.5497762639373691,11,Wednesday,4
2009-04-15 12:00:00,0.4390666666666666,0.7161322949673868,0.4628333333333333,-0.2770656283007202,0.2770656283007202,12,Wednesday,4
2009-04-15 13:00:00,0.4113666666666666,0.7484204482610893,0.3924666666666666,-0.3370537815944227,0.3370537815944227,13,Wednesday,4
2009-04-15 14:00:00,0.4313,1.0161692344954614,0.4390666666666666,-0.5848692344954614,0.5848692344954614,14,Wednesday,4
2009-04-15 15:00:00,0.667,0.816583091155444,0.4113666666666666,-0.149583091155444,0.149583091155444,15,Wednesday,4
2009-04-15 16:00:00,0.7982333333333334,0.827148365494971,0.4313,-0.0289150321616376,0.0289150321616376,16,Wednesday,4
2009-04-15 17:00:00,0.7113999999999999,1.1357930637300817,0.667,-0.4243930637300815,0.4243930637300815,17,Wednesday,4
2009-04-15 18:00:00,1.8409666666666664,1.3159958021376252,0.7982333333333334,0.5249708645290412,0.5249708645290412,18,Wednesday,4
2009-04-15 19:00:00,2.0873666666666666,1.483409176350556,0.7113999999999999,0.6039574903161107,0.6039574903161107,19,Wednesday,4
2009-04-15 20:00:00,2.434466666666667,2.2392182131604303,1.8409666666666664,0.1952484535062364,0.1952484535062364,20,Wednesday,4
2009-04-15 21:00:00,1.299,1.6618724691985585,2.0873666666666666,-0.3628724691985585,0.3628724691985585,21,Wednesday,4
2009-04-15 22:00:00,0.4306666666666666,0.9164968876998456,2.434466666666667,-0.4858302210331791,0.4858302210331791,22,Wednesday,4
2009-04-15 23:00:00,0.4703,0.5743630237356842,1.299,-0.1040630237356841,0.1040630237356841,23,Wednesday,4
2009-04-16 00:00:00,0.4357666666666667,0.3782185890846931,0.4306666666666666,0.0575480775819736,0.0575480775819736,0,Thursday,4
2009-04-16 01:00:00,0.4065333333333333,0.3899743489816132,0.4703,0.01655898435172,0.01655898435172,1,Thursday,4
2009-04-16 02:00:00,0.4497,0.402052322745408,0.4357666666666667,0.047647677254592,0.047647677254592,2,Thursday,4
2009-04-16 03:00:00,1.0084,0.4101017547233953,0.4065333333333333,0.5982982452766047,0.5982982452766047,3,Thursday,4
2009-04-16 04:00:00,0.4641,0.4229475522575144,0.4497,0.0411524477424856,0.0411524477424856,4,Thursday,4
2009-04-16 05:00:00,0.3916666666666666,0.949430897254468,1.0084,-0.5577642305878013,0.5577642305878013,5,Thursday,4
2009-04-16 06:00:00,1.8636,1.869519013239256,0.4641,-0.0059190132392561,0.0059190132392561,6,Thursday,4
2009-04-16 07:00:00,1.5457333333333334,1.6918153347950442,0.3916666666666666,-0.1460820014617108,0.1460820014617108,7,Thursday,4
2009-04-16 08:00:00,1.4974666666666667,1.4598420186532757,1.8636,0.0376246480133912,0.0376246480133912,8,Thursday,4
2009-04-16 09:00:00,1.4121666666666668,1.2617327543671757,1.5457333333333334,0.1504339122994911,0.1504339122994911,9,Thursday,4
2009-04-16 10:00:00,1.5397333333333334,1.212095704354837,1.4974666666666667,0.3276376289784963,0.3276376289784963,10,Thursday,4
2009-04-16 11:00:00,0.5854,1.208493873440779,1.4121666666666668,-0.623093873440779,0.623093873440779,11,Thursday,4
2009-04-16 12:00:00,0.4573333333333333,1.215768480142042,1.5397333333333334,-0.7584351468087085,0.7584351468087085,12,Thursday,4
2009-04-16 13:00:00,0.3694333333333333,0.8879638523762506,0.5854,-0.5185305190429174,0.5185305190429174,13,Thursday,4
2009-04-16 14:00:00,0.4696333333333333,0.6391639513897027,0.4573333333333333,-0.1695306180563694,0.1695306180563694,14,Thursday,4
2009-04-16 15:00:00,0.3676666666666666,0.6006023648575843,0.3694333333333333,-0.2329356981909177,0.2329356981909177,15,Thursday,4
2009-04-16 16:00:00,0.482,0.65196292698546,0.4696333333333333,-0.16996292698546,0.16996292698546,16,Thursday,4
2009-04-16 17:00:00,0.8083333333333333,1.0018673330827192,0.3676666666666666,-0.1935339997493859,0.1935339997493859,17,Thursday,4
2009-04-16 18:00:00,2.838833333333333,1.9388292648344223,0.482,0.9000040684989106,0.9000040684989106,18,Thursday,4
2009-04-16 19:00:00,1.5067333333333333,1.8825050761059483,0.8083333333333333,-0.375771742772615,0.375771742772615,19,Thursday,4
2009-04-16 20:00:00,2.5700333333333334,2.4152588798521006,2.838833333333333,0.1547744534812327,0.1547744534812327,20,Thursday,4
2009-04-16 21:00:00,2.160433333333333,1.4383986974267196,1.5067333333333333,0.7220346359066137,0.7220346359066137,21,Thursday,4
2009-04-16 22:00:00,1.9744,0.9335673942846048,2.5700333333333334,1.0408326057153952,1.0408326057153952,22,Thursday,4
2009-04-16 23:00:00,1.4524333333333332,0.6470920486368675,2.160433333333333,0.8053412846964657,0.8053412846964657,23,Thursday,4
2009-04-17 00:00:00,1.4478333333333333,0.809895073902811,1.9744,0.6379382594305223,0.6379382594305223,0,Friday,4
2009-04-17 01:00:00,1.4468,0.7699596350664999,1.4524333333333332,0.6768403649335002,0.6768403649335002,1,Friday,4
2009-04-17 02:00:00,1.4059666666666668,0.9390389990195106,1.4478333333333333,0.4669276676471562,0.4669276676471562,2,Friday,4
2009-04-17 03:00:00,1.4853666666666667,0.9100628338688126,1.4468,0.5753038327978541,0.5753038327978541,3,Friday,4
2009-04-17 04:00:00,1.5668666666666666,0.8776281120101138,1.4059666666666668,0.6892385546565528,0.6892385546565528,4,Friday,4
2009-04-17 05:00:00,2.7146,1.205909962313004,1.4853666666666667,1.5086900376869958,1.5086900376869958,5,Friday,4
2009-04-17 06:00:00,2.5113,1.7477911911494723,1.5668666666666666,0.7635088088505275,0.7635088088505275,6,Friday,4
2009-04-17 07:00:00,1.4969,2.280284471079244,2.7146,-0.7833844710792441,0.7833844710792441,7,Friday,4
2009-04-17 08:00:00,0.9141666666666668,1.6568986413131317,2.5113,-0.7427319746464647,0.7427319746464647,8,Friday,4
2009-04-17 09:00:00,0.3841333333333334,1.3816051949783852,1.4969,-0.9974718616450516,0.9974718616450516,9,Friday,4
2009-04-17 10:00:00,0.3963333333333333,1.2425800011626835,0.9141666666666668,-0.8462466678293504,0.8462466678293504,10,Friday,4
2009-04-17 11:00:00,0.4283,1.006945327004352,0.3841333333333334,-0.578645327004352,0.578645327004352,11,Friday,4
2009-04-17 12:00:00,0.4108,0.9699126500284944,0.3963333333333333,-0.5591126500284944,0.5591126500284944,12,Friday,4
2009-04-17 13:00:00,0.7655333333333334,0.8906871085403925,0.4283,-0.125153775207059,0.125153775207059,13,Friday,4
2009-04-17 14:00:00,0.8125,0.8537555374555621,0.4108,-0.0412555374555621,0.0412555374555621,14,Friday,4
2009-04-17 15:00:00,0.6557666666666667,0.7422605082372686,0.7655333333333334,-0.0864938415706019,0.0864938415706019,15,Friday,4
2009-04-17 16:00:00,1.549,0.7597718136990032,0.8125,0.7892281863009968,0.7892281863009968,16,Friday,4
2009-04-17 17:00:00,0.8715666666666666,1.20311312036978,0.6557666666666667,-0.3315464537031134,0.3315464537031134,17,Friday,4
2009-04-17 18:00:00,1.1328666666666665,1.9284939832916623,1.549,-0.7956273166249961,0.7956273166249961,18,Friday,4
2009-04-17 19:00:00,2.811433333333333,1.8286891946155717,0.8715666666666666,0.9827441387177616,0.9827441387177616,19,Friday,4
2009-04-17 20:00:00,2.7611,1.9863311742901588,1.1328666666666665,0.7747688257098411,0.7747688257098411,20,Friday,4
2009-04-17 21:00:00,1.5393,1.7484514663679682,2.811433333333333,-0.2091514663679683,0.2091514663679683,21,Friday,4
2009-04-17 22:00:00,3.0859666666666663,0.9561091075739964,2.7611,2.1298575590926703,2.1298575590926703,22,Friday,4
2009-04-17 23:00:00,0.7856666666666666,0.5562588563087472,1.5393,0.2294078103579194,0.2294078103579194,23,Friday,4
2009-04-18 00:00:00,0.472,1.6449864240419247,3.0859666666666663,-1.1729864240419248,1.1729864240419248,0,Saturday,4
2009-04-18 01:00:00,0.4679666666666666,0.4801315018304903,0.7856666666666666,-0.0121648351638237,0.0121648351638237,1,Saturday,4
2009-04-18 02:00:00,0.4336333333333333,0.4104876607636448,0.472,0.0231456725696884,0.0231456725696884,2,Saturday,4
2009-04-18 03:00:00,0.9759,0.4229648469069559,0.4679666666666666,0.5529351530930441,0.5529351530930441,3,Saturday,4
2009-04-18 04:00:00,0.4409,0.4212978399699036,0.4336333333333333,0.0196021600300963,0.0196021600300963,4,Saturday,4
2009-04-18 05:00:00,0.4067666666666666,0.8130163224554937,0.9759,-0.4062496557888271,0.4062496557888271,5,Saturday,4
2009-04-18 06:00:00,1.520333333333333,1.399699568655825,0.4409,0.1206337646775081,0.1206337646775081,6,Saturday,4
2009-04-18 07:00:00,1.5947333333333331,1.7782532875511317,0.4067666666666666,-0.1835199542177985,0.1835199542177985,7,Saturday,4
2009-04-18 08:00:00,1.8246666666666669,1.572956091360172,1.520333333333333,0.251710575306495,0.251710575306495,8,Saturday,4
2009-04-18 09:00:00,1.697466666666667,1.6912503137883883,1.5947333333333331,0.0062163528782785,0.0062163528782785,9,Saturday,4
2009-04-18 10:00:00,2.2621666666666664,1.8565336952387093,1.8246666666666669,0.4056329714279572,0.4056329714279572,10,Saturday,4
2009-04-18 11:00:00,1.9509666666666663,1.7953169528545518,1.697466666666667,0.1556497138121144,0.1556497138121144,11,Saturday,4
2009-04-18 12:00:00,1.5367333333333333,1.901816058909064,2.2621666666666664,-0.3650827255757303,0.3650827255757303,12,Saturday,4
2009-04-18 13:00:00,1.4623333333333333,1.7954645548941734,1.9509666666666663,-0.3331312215608402,0.3331312215608402,13,Saturday,4
2009-04-18 14:00:00,1.5288,1.4296414895938825,1.5367333333333333,0.0991585104061174,0.0991585104061174,14,Saturday,4
2009-04-18 15:00:00,0.7238666666666667,1.3264878447325037,1.4623333333333333,-0.6026211780658368,0.6026211780658368,15,Saturday,4
2009-04-18 16:00:00,0.4347333333333333,1.5107555841157518,1.5288,-1.0760222507824184,1.0760222507824184,16,Saturday,4
2009-04-18 17:00:00,0.6551333333333333,1.6078742302580842,0.7238666666666667,-0.9527408969247508,0.9527408969247508,17,Saturday,4
2009-04-18 18:00:00,2.0712,1.8503189601929169,0.4347333333333333,0.2208810398070833,0.2208810398070833,18,Saturday,4
2009-04-18 19:00:00,0.496,1.6804472781039173,0.6551333333333333,-1.1844472781039173,1.1844472781039173,19,Saturday,4
2009-04-18 20:00:00,0.4919,2.445081275723063,2.0712,-1.953181275723063,1.953181275723063,20,Saturday,4
2009-04-18 21:00:00,0.5017,1.1314444447568812,0.496,-0.6297444447568812,0.6297444447568812,21,Saturday,4
2009-04-18 22:00:00,0.4688666666666667,0.8896190713872038,0.4919,-0.420752404720537,0.420752404720537,22,Saturday,4
2009-04-18 23:00:00,0.3778333333333333,0.533724169931712,0.5017,-0.1558908365983787,0.1558908365983787,23,Saturday,4
2009-04-19 00:00:00,0.4087333333333333,0.4042475329722747,0.4688666666666667,0.0044858003610585,0.0044858003610585,0,Sunday,4
2009-04-19 01:00:00,0.3742333333333333,0.3922597936592895,0.3778333333333333,-0.0180264603259561,0.0180264603259561,1,Sunday,4
2009-04-19 02:00:00,0.3580333333333333,0.4059993679860516,0.4087333333333333,-0.0479660346527182,0.0479660346527182,2,Sunday,4
2009-04-19 03:00:00,0.9023666666666668,0.4043396582989895,0.3742333333333333,0.4980270083676772,0.4980270083676772,3,Sunday,4
2009-04-19 04:00:00,0.6914333333333332,0.410105562401118,0.3580333333333333,0.2813277709322152,0.2813277709322152,4,Sunday,4
2009-04-19 05:00:00,0.3981333333333333,0.81088076120296,0.9023666666666668,-0.4127474278696267,0.4127474278696267,5,Sunday,4
2009-04-19 06:00:00,0.3973666666666666,0.7844725630115552,0.6914333333333332,-0.3871058963448886,0.3871058963448886,6,Sunday,4
2009-04-19 07:00:00,0.4701,1.087586038665601,0.3981333333333333,-0.6174860386656014,0.6174860386656014,7,Sunday,4
2009-04-19 08:00:00,0.4485,1.3706657346930815,0.3973666666666666,-0.9221657346930816,0.9221657346930816,8,Sunday,4
2009-04-19 09:00:00,1.4810333333333332,1.3025002134907986,0.4701,0.1785331198425346,0.1785331198425346,9,Sunday,4
2009-04-19 10:00:00,1.4126,1.315051743036986,0.4485,0.0975482569630139,0.0975482569630139,10,Sunday,4
2009-04-19 11:00:00,1.3973666666666666,1.3735629507763174,1.4810333333333332,0.0238037158903492,0.0238037158903492,11,Sunday,4
2009-04-19 12:00:00,1.4002666666666668,1.2341832464342162,1.4126,0.1660834202324506,0.1660834202324506,12,Sunday,4
2009-04-19 13:00:00,1.3006,1.2258494508457254,1.3973666666666666,0.0747505491542745,0.0747505491542745,13,Sunday,4
2009-04-19 14:00:00,0.3466333333333333,1.219406122019454,1.4002666666666668,-0.8727727886861205,0.8727727886861205,14,Sunday,4
2009-04-19 15:00:00,0.3679666666666666,1.2845827075883234,1.3006,-0.9166160409216568,0.9166160409216568,15,Sunday,4
2009-04-19 16:00:00,0.3342,1.112436243077719,0.3466333333333333,-0.778236243077719,0.778236243077719,16,Sunday,4
2009-04-19 17:00:00,0.3699,1.257008679844538,0.3679666666666666,-0.8871086798445379,0.8871086798445379,17,Sunday,4
2009-04-19 18:00:00,0.4871666666666667,1.6588125946417769,0.3342,-1.17164592797511,1.17164592797511,18,Sunday,4
2009-04-19 19:00:00,2.038533333333333,1.7891025769901774,0.3699,0.2494307563431557,0.2494307563431557,19,Sunday,4
2009-04-19 20:00:00,3.1869333333333336,1.4693303483814812,0.4871666666666667,1.7176029849518524,1.7176029849518524,20,Sunday,4
2009-04-19 21:00:00,1.8147666666666664,1.737159050466007,2.038533333333333,0.0776076162006593,0.0776076162006593,21,Sunday,4
2009-04-19 22:00:00,0.6764333333333333,1.0673050940893576,3.1869333333333336,-0.3908717607560242,0.3908717607560242,22,Sunday,4
2009-04-19 23:00:00,0.4199,0.7653980326805864,1.8147666666666664,-0.3454980326805864,0.3454980326805864,23,Sunday,4
2009-04-20 00:00:00,0.3473666666666666,0.3713142052833572,0.6764333333333333,-0.0239475386166905,0.0239475386166905,0,Monday,4
2009-04-20 01:00:00,0.4007333333333333,0.3597376359614971,0.4199,0.0409956973718361,0.0409956973718361,1,Monday,4
2009-04-20 02:00:00,0.3071333333333333,0.3723393157362104,0.3473666666666666,-0.065205982402877,0.065205982402877,2,Monday,4
2009-04-20 03:00:00,0.3515333333333333,0.3844746974815066,0.4007333333333333,-0.0329413641481733,0.0329413641481733,3,Monday,4
2009-04-20 04:00:00,0.4949,0.3678089803429794,0.3071333333333333,0.1270910196570205,0.1270910196570205,4,Monday,4
2009-04-20 05:00:00,1.5691,0.8823697312907821,0.3515333333333333,0.6867302687092178,0.6867302687092178,5,Monday,4
2009-04-20 06:00:00,1.7262333333333333,1.4111021599279443,0.4949,0.3151311734053887,0.3151311734053887,6,Monday,4
2009-04-20 07:00:00,1.4436,1.3743747468440617,1.5691,0.0692252531559385,0.0692252531559385,7,Monday,4
2009-04-20 08:00:00,2.273033333333333,1.360948447965302,1.7262333333333333,0.9120848853680308,0.9120848853680308,8,Monday,4
2009-04-20 09:00:00,1.9417666666666664,1.145371067470923,1.4436,0.7963955991957434,0.7963955991957434,9,Monday,4
2009-04-20 10:00:00,1.3824333333333334,1.3820844486080142,2.273033333333333,0.0003488847253192,0.0003488847253192,10,Monday,4
2009-04-20 11:00:00,1.4544666666666666,1.280182665077545,1.9417666666666664,0.1742840015891216,0.1742840015891216,11,Monday,4
2009-04-20 12:00:00,1.0993,0.8580194884807943,1.3824333333333334,0.2412805115192056,0.2412805115192056,12,Monday,4
2009-04-20 13:00:00,0.3331,1.006309617579137,1.4544666666666666,-0.6732096175791371,0.6732096175791371,13,Monday,4
2009-04-20 14:00:00,0.4074666666666667,0.6661865237006085,1.0993,-0.2587198570339418,0.2587198570339418,14,Monday,4
2009-04-20 15:00:00,0.4341666666666667,0.6076969361210226,0.3331,-0.1735302694543559,0.1735302694543559,15,Monday,4
2009-04-20 16:00:00,1.8701,0.7608368950846037,0.4074666666666667,1.1092631049153965,1.1092631049153965,16,Monday,4
2009-04-20 17:00:00,0.7107333333333333,0.8874669202507662,0.4341666666666667,-0.1767335869174329,0.1767335869174329,17,Monday,4
2009-04-20 18:00:00,1.3571,1.7240015830907722,1.8701,-0.3669015830907722,0.3669015830907722,18,Monday,4
2009-04-20 19:00:00,1.2735333333333334,1.4632650626678292,0.7107333333333333,-0.1897317293344957,0.1897317293344957,19,Monday,4
2009-04-20 20:00:00,1.2166,1.911921932404592,1.3571,-0.6953219324045923,0.6953219324045923,20,Monday,4
2009-04-20 21:00:00,1.0658333333333334,1.3227162809365445,1.2735333333333334,-0.256882947603211,0.256882947603211,21,Monday,4
2009-04-20 22:00:00,0.8950333333333333,0.8807351662063325,1.2166,0.0142981671270008,0.0142981671270008,22,Monday,4
2009-04-20 23:00:00,1.669266666666667,0.4438343503916249,1.0658333333333334,1.225432316275042,1.225432316275042,23,Monday,4
2009-04-21 00:00:00,1.578733333333333,0.4102794019078735,0.8950333333333333,1.1684539314254596,1.1684539314254596,0,Tuesday,4
2009-04-21 01:00:00,1.3600666666666668,0.700843598175295,1.669266666666667,0.6592230684913718,0.6592230684913718,1,Tuesday,4
2009-04-21 02:00:00,1.4614666666666667,0.7997858681980566,1.578733333333333,0.66168079846861,0.66168079846861,2,Tuesday,4
2009-04-21 03:00:00,1.3493333333333333,0.6206180966767723,1.3600666666666668,0.728715236656561,0.728715236656561,3,Tuesday,4
2009-04-21 04:00:00,1.4141,0.7598385027733733,1.4614666666666667,0.6542614972266266,0.6542614972266266,4,Tuesday,4
2009-04-21 05:00:00,2.3529,1.1309221563577794,1.3493333333333333,1.2219778436422206,1.2219778436422206,5,Tuesday,4
2009-04-21 06:00:00,2.6491666666666664,1.6885416686596773,1.4141,0.9606249980069892,0.9606249980069892,6,Tuesday,4
2009-04-21 07:00:00,1.3128666666666668,1.8802600609673497,2.3529,-0.567393394300683,0.567393394300683,7,Tuesday,4
2009-04-21 08:00:00,0.3899333333333333,1.683637036975087,2.6491666666666664,-1.2937037036417538,1.2937037036417538,8,Tuesday,4
2009-04-21 09:00:00,0.8093,1.1022377659194105,1.3128666666666668,-0.2929377659194104,0.2929377659194104,9,Tuesday,4
2009-04-21 10:00:00,1.6359,0.8998825262935498,0.3899333333333333,0.7360174737064501,0.7360174737064501,10,Tuesday,4
2009-04-21 11:00:00,1.0095,0.9957058029368344,0.8093,0.0137941970631657,0.0137941970631657,11,Tuesday,4
2009-04-21 12:00:00,0.7187,1.2158755480344343,1.6359,-0.4971755480344343,0.4971755480344343,12,Tuesday,4
2009-04-21 13:00:00,0.7085333333333333,0.7882448304685182,1.0095,-0.0797114971351848,0.0797114971351848,13,Tuesday,4
2009-04-21 14:00:00,0.3537666666666667,0.7326001990927037,0.7187,-0.378833532426037,0.378833532426037,14,Tuesday,4
2009-04-21 15:00:00,0.4490333333333333,0.7001351522869605,0.7085333333333333,-0.2511018189536272,0.2511018189536272,15,Tuesday,4
2009-04-21 16:00:00,0.4000666666666667,0.6300772043677132,0.3537666666666667,-0.2300105377010465,0.2300105377010465,16,Tuesday,4
2009-04-21 17:00:00,0.9351333333333331,0.9237925801710448,0.4490333333333333,0.0113407531622882,0.0113407531622882,17,Tuesday,4
2009-04-21 18:00:00,1.9892,1.6284017454858215,0.4000666666666667,0.3607982545141783,0.3607982545141783,18,Tuesday,4
2009-04-21 19:00:00,2.7931000000000004,1.952499752088032,0.9351333333333331,0.8406002479119687,0.8406002479119687,19,Tuesday,4
2009-04-21 20:00:00,1.8101,2.0580557762166203,1.9892,-0.2479557762166202,0.2479557762166202,20,Tuesday,4
2009-04-21 21:00:00,1.7596333333333334,1.639112521181738,2.7931000000000004,0.1205208121515954,0.1205208121515954,21,Tuesday,4
2009-04-21 22:00:00,0.6668333333333333,0.8369568097663833,1.8101,-0.17012347643305,0.17012347643305,22,Tuesday,4
2009-04-21 23:00:00,0.4622,0.6382772715994188,1.7596333333333334,-0.1760772715994188,0.1760772715994188,23,Tuesday,4
2009-04-22 00:00:00,0.3343666666666667,0.4456720574084268,0.6668333333333333,-0.1113053907417601,0.1113053907417601,0,Wednesday,4
2009-04-22 01:00:00,0.3784666666666666,0.383990650895553,0.4622,-0.0055239842288864,0.0055239842288864,1,Wednesday,4
2009-04-22 02:00:00,0.3510333333333333,0.4080121690295412,0.3343666666666667,-0.0569788356962078,0.0569788356962078,2,Wednesday,4
2009-04-22 03:00:00,0.9418,0.4158760688952996,0.3784666666666666,0.5259239311047004,0.5259239311047004,3,Wednesday,4
2009-04-22 04:00:00,0.3550333333333333,0.4365939002430835,0.3510333333333333,-0.0815605669097501,0.0815605669097501,4,Wednesday,4
2009-04-22 05:00:00,0.5965,0.8767016767953794,0.9418,-0.2802016767953793,0.2802016767953793,5,Wednesday,4
2009-04-22 06:00:00,1.6780666666666666,1.9715678057008696,0.3550333333333333,-0.293501139034203,0.293501139034203,6,Wednesday,4
2009-04-22 07:00:00,1.4639333333333333,1.7077336823617826,0.5965,-0.2438003490284492,0.2438003490284492,7,Wednesday,4
2009-04-22 08:00:00,1.5855666666666666,1.3049026082790838,1.6780666666666666,0.2806640583875828,0.2806640583875828,8,Wednesday,4
2009-04-22 09:00:00,1.5841,1.2454666458295112,1.4639333333333333,0.3386333541704889,0.3386333541704889,9,Wednesday,4
2009-04-22 10:00:00,2.1674333333333333,1.268533219940322,1.5855666666666666,0.8989001133930115,0.8989001133930115,10,Wednesday,4
2009-04-22 11:00:00,2.3040666666666665,1.2061964935110685,1.5841,1.097870173155598,1.097870173155598,11,Wednesday,4
2009-04-22 12:00:00,1.5479999999999998,1.6510000367042414,2.1674333333333333,-0.1030000367042416,0.1030000367042416,12,Wednesday,4
2009-04-22 13:00:00,2.0289333333333333,1.576709513001077,2.3040666666666665,0.4522238203322561,0.4522238203322561,13,Wednesday,4
2009-04-22 14:00:00,1.9935333333333327,1.0860493995082672,1.5479999999999998,0.9074839338250656,0.9074839338250656,14,Wednesday,4
2009-04-22 15:00:00,1.4875333333333332,1.3877358990575936,2.0289333333333333,0.0997974342757395,0.0997974342757395,15,Wednesday,4
2009-04-22 16:00:00,0.7869333333333334,1.333041432140733,1.9935333333333327,-0.5461080988073995,0.5461080988073995,16,Wednesday,4
2009-04-22 17:00:00,0.5041,1.3643980399412945,1.4875333333333332,-0.8602980399412945,0.8602980399412945,17,Wednesday,4
2009-04-22 18:00:00,0.4009,1.9411055648466171,0.7869333333333334,-1.5402055648466173,1.5402055648466173,18,Wednesday,4
2009-04-22 19:00:00,0.4475333333333333,1.8994956655814843,0.5041,-1.451962332248151,1.451962332248151,19,Wednesday,4
2009-04-22 20:00:00,0.3797333333333333,1.72555971477953,0.4009,-1.3458263814461968,1.3458263814461968,20,Wednesday,4
2009-04-22 21:00:00,0.6466,1.2740513003749048,0.4475333333333333,-0.6274513003749048,0.6274513003749048,21,Wednesday,4
2009-04-22 22:00:00,0.5102666666666666,0.8173795961452193,0.3797333333333333,-0.3071129294785526,0.3071129294785526,22,Wednesday,4
2009-04-22 23:00:00,0.9312,0.4930117398263363,0.6466,0.4381882601736637,0.4381882601736637,23,Wednesday,4
2009-04-23 00:00:00,0.9258333333333332,0.380620987558341,0.5102666666666666,0.5452123457749921,0.5452123457749921,0,Thursday,4
2009-04-23 01:00:00,0.4177666666666667,0.4215524171802324,0.9312,-0.0037857505135657,0.0037857505135657,1,Thursday,4
2009-04-23 02:00:00,0.4257333333333333,0.4352919915069945,0.9258333333333332,-0.0095586581736611,0.0095586581736611,2,Thursday,4
2009-04-23 03:00:00,0.4014,0.4055053901002628,0.4177666666666667,-0.0041053901002628,0.0041053901002628,3,Thursday,4
2009-04-23 04:00:00,0.4245333333333334,0.4332739058732588,0.4257333333333333,-0.0087405725399254,0.0087405725399254,4,Thursday,4
2009-04-23 05:00:00,0.773,0.9433944954180336,0.4014,-0.1703944954180336,0.1703944954180336,5,Thursday,4
2009-04-23 06:00:00,1.1192333333333333,1.7350908451451417,0.4245333333333334,-0.6158575118118084,0.6158575118118084,6,Thursday,4
2009-04-23 07:00:00,1.2092666666666667,1.763322203861005,0.773,-0.5540555371943383,0.5540555371943383,7,Thursday,4
2009-04-23 08:00:00,0.4318333333333333,1.2393949343822486,1.1192333333333333,-0.8075616010489153,0.8075616010489153,8,Thursday,4
2009-04-23 09:00:00,0.3703333333333333,1.0030287144684489,1.2092666666666667,-0.6326953811351156,0.6326953811351156,9,Thursday,4
2009-04-23 10:00:00,0.3883333333333333,0.8388215146383722,0.4318333333333333,-0.4504881813050388,0.4504881813050388,10,Thursday,4
2009-04-23 11:00:00,0.4275,0.774440960799863,0.3703333333333333,-0.346940960799863,0.346940960799863,11,Thursday,4
2009-04-23 12:00:00,0.4017333333333333,0.6040427265398088,0.3883333333333333,-0.2023093932064755,0.2023093932064755,12,Thursday,4
2009-04-23 13:00:00,0.4186666666666667,0.5960888554352157,0.4275,-0.177422188768549,0.177422188768549,13,Thursday,4
2009-04-23 14:00:00,0.4159,0.5658048295815137,0.4017333333333333,-0.1499048295815137,0.1499048295815137,14,Thursday,4
2009-04-23 15:00:00,0.4030333333333333,0.5868741322554558,0.4186666666666667,-0.1838407989221225,0.1838407989221225,15,Thursday,4
2009-04-23 16:00:00,1.2603,0.5102332988320477,0.4159,0.7500667011679523,0.7500667011679523,16,Thursday,4
2009-04-23 17:00:00,0.3796333333333333,0.876364622967942,0.4030333333333333,-0.4967312896346087,0.4967312896346087,17,Thursday,4
2009-04-23 18:00:00,0.7076,1.3084169967558033,1.2603,-0.6008169967558032,0.6008169967558032,18,Thursday,4
2009-04-23 19:00:00,1.1707,0.8491859838101254,0.3796333333333333,0.3215140161898746,0.3215140161898746,19,Thursday,4
2009-04-23 20:00:00,3.0596666666666668,1.071877572158503,0.7076,1.987789094508164,1.987789094508164,20,Thursday,4
2009-04-23 21:00:00,2.0396666666666667,1.0303453892344296,1.1707,1.009321277432237,1.009321277432237,21,Thursday,4
2009-04-23 22:00:00,0.5214666666666666,0.8963649581140611,3.0596666666666668,-0.3748982914473945,0.3748982914473945,22,Thursday,4
2009-04-23 23:00:00,0.4399,0.6465925687222844,2.0396666666666667,-0.2066925687222844,0.2066925687222844,23,Thursday,4
2009-04-24 00:00:00,0.3879666666666666,0.3878376940539774,0.5214666666666666,0.0001289726126891,0.0001289726126891,0,Friday,4
2009-04-24 01:00:00,0.4471333333333333,0.3878376940539774,0.4399,0.0592956392793558,0.0592956392793558,1,Friday,4
2009-04-24 02:00:00,0.3746333333333334,0.3895895290677542,0.3879666666666666,-0.0149561957344208,0.0149561957344208,2,Friday,4
2009-04-24 03:00:00,1.0975,0.3909140377841744,0.4471333333333333,0.7065859622158255,0.7065859622158255,3,Friday,4
2009-04-24 04:00:00,0.4225333333333333,0.4092891413330713,0.3746333333333334,0.0132441920002619,0.0132441920002619,4,Friday,4
2009-04-24 05:00:00,0.4199666666666666,0.9681391739511988,1.0975,-0.5481725072845323,0.5481725072845323,5,Friday,4
2009-04-24 06:00:00,1.4694,1.4597365596694083,0.4225333333333333,0.0096634403305917,0.0096634403305917,6,Friday,4
2009-04-24 07:00:00,1.4682666666666668,1.447838118361355,0.4199666666666666,0.0204285483053119,0.0204285483053119,7,Friday,4
2009-04-24 08:00:00,1.6405333333333334,1.2343955753936562,1.4694,0.4061377579396772,0.4061377579396772,8,Friday,4
2009-04-24 09:00:00,1.5243666666666666,1.0705658651116448,1.4682666666666668,0.4538008015550219,0.4538008015550219,9,Friday,4
2009-04-24 10:00:00,1.427433333333333,1.1805589347145606,1.6405333333333334,0.2468743986187724,0.2468743986187724,10,Friday,4
2009-04-24 11:00:00,0.6663333333333334,1.1177321002401892,1.5243666666666666,-0.4513987669068557,0.4513987669068557,11,Friday,4
2009-04-24 12:00:00,0.4454666666666667,0.9265617024034354,1.427433333333333,-0.4810950357367687,0.4810950357367687,12,Friday,4
2009-04-24 13:00:00,0.4921333333333333,0.7791046787068228,0.6663333333333334,-0.2869713453734894,0.2869713453734894,13,Friday,4
2009-04-24 14:00:00,0.7277666666666666,0.7592304118119081,0.4454666666666667,-0.0314637451452415,0.0314637451452415,14,Friday,4
2009-04-24 15:00:00,1.0307333333333333,0.7577320398235947,0.4921333333333333,0.2730012935097385,0.2730012935097385,15,Friday,4
2009-04-24 16:00:00,1.3047333333333335,0.8393261561730613,0.7277666666666666,0.4654071771602722,0.4654071771602722,16,Friday,4
2009-04-24 17:00:00,1.2719333333333334,1.2049666317679666,1.0307333333333333,0.0669667015653667,0.0669667015653667,17,Friday,4
2009-04-24 18:00:00,0.5487333333333333,1.6009169908488436,1.3047333333333335,-1.0521836575155104,1.0521836575155104,18,Friday,4
2009-04-24 19:00:00,0.5036666666666666,1.6276016069259396,1.2719333333333334,-1.1239349402592729,1.1239349402592729,19,Friday,4
2009-04-24 20:00:00,0.4979333333333333,1.489537835021565,0.5487333333333333,-0.9916045016882312,0.9916045016882312,20,Friday,4
2009-04-24 21:00:00,0.6469333333333334,1.2288122729544024,0.5036666666666666,-0.5818789396210691,0.5818789396210691,21,Friday,4
2009-04-24 22:00:00,0.6448,0.8140073049994749,0.4979333333333333,-0.1692073049994749,0.1692073049994749,22,Friday,4
2009-04-24 23:00:00,0.4064666666666667,0.5227679394126432,0.6469333333333334,-0.1163012727459765,0.1163012727459765,23,Friday,4
2009-04-25 00:00:00,0.9446666666666668,0.3814692896322472,0.6448,0.5631973770344195,0.5631973770344195,0,Saturday,4
2009-04-25 01:00:00,0.3961666666666666,0.3758814416661193,0.4064666666666667,0.0202852250005472,0.0202852250005472,1,Saturday,4
2009-04-25 02:00:00,0.3678666666666667,0.4608637352689669,0.9446666666666668,-0.0929970686023002,0.0929970686023002,2,Saturday,4
2009-04-25 03:00:00,0.3741666666666666,0.396842890068285,0.3961666666666666,-0.0226762234016184,0.0226762234016184,3,Saturday,4
2009-04-25 04:00:00,0.3514333333333333,0.4071541346958578,0.3678666666666667,-0.0557208013625245,0.0557208013625245,4,Saturday,4
2009-04-25 05:00:00,0.3918,0.7073794934821342,0.3741666666666666,-0.3155794934821342,0.3155794934821342,5,Saturday,4
2009-04-25 06:00:00,0.7174999999999999,0.8629153995253954,0.3514333333333333,-0.1454153995253955,0.1454153995253955,6,Saturday,4
2009-04-25 07:00:00,0.872,1.227179076072882,0.3918,-0.355179076072882,0.355179076072882,7,Saturday,4
2009-04-25 08:00:00,1.7865666666666666,1.201670246997082,0.7174999999999999,0.5848964196695845,0.5848964196695845,8,Saturday,4
2009-04-25 09:00:00,3.222833333333333,1.2039968608007157,0.872,2.0188364725326173,2.0188364725326173,9,Saturday,4
2009-04-25 10:00:00,2.9252,1.5962108950973302,1.7865666666666666,1.3289891049026696,1.3289891049026696,10,Saturday,4
2009-04-25 11:00:00,1.7786666666666666,1.854986433400227,3.222833333333333,-0.0763197667335604,0.0763197667335604,11,Saturday,4
2009-04-25 12:00:00,2.154133333333333,1.7492075898668171,2.9252,0.4049257434665156,0.4049257434665156,12,Saturday,4
2009-04-25 13:00:00,2.220266666666667,1.663205921521043,1.7786666666666666,0.5570607451456238,0.5570607451456238,13,Saturday,4
2009-04-25 14:00:00,1.6086666666666667,1.7131963541616817,2.154133333333333,-0.104529687495015,0.104529687495015,14,Saturday,4
2009-04-25 15:00:00,1.7730333333333337,1.621540117679771,2.220266666666667,0.1514932156535626,0.1514932156535626,15,Saturday,4
2009-04-25 16:00:00,1.7562,1.4403527672546752,1.6086666666666667,0.3158472327453248,0.3158472327453248,16,Saturday,4
2009-04-25 17:00:00,1.1641,1.9504375018722853,1.7730333333333337,-0.7863375018722853,0.7863375018722853,17,Saturday,4
2009-04-25 18:00:00,0.9529,2.146325446853939,1.7562,-1.1934254468539387,1.1934254468539387,18,Saturday,4
2009-04-25 19:00:00,1.1529666666666667,1.748355686482317,1.1641,-0.5953890198156504,0.5953890198156504,19,Saturday,4
2009-04-25 20:00:00,1.6486333333333334,1.499375327908775,0.9529,0.1492580054245584,0.1492580054245584,20,Saturday,4
2009-04-25 21:00:00,3.0034666666666667,1.3470480922659749,1.1529666666666667,1.6564185744006918,1.6564185744006918,21,Saturday,4
2009-04-25 22:00:00,1.7350333333333334,1.2059396202069197,1.6486333333333334,0.5290937131264137,0.5290937131264137,22,Saturday,4
2009-04-25 23:00:00,0.8737999999999999,1.4114144545654714,3.0034666666666667,-0.5376144545654715,0.5376144545654715,23,Saturday,4
2009-04-26 00:00:00,0.6185333333333334,0.8447968417998728,1.7350333333333334,-0.2262635084665394,0.2262635084665394,0,Sunday,4
2009-04-26 01:00:00,0.5280666666666667,0.3814930585833275,0.8737999999999999,0.1465736080833392,0.1465736080833392,1,Sunday,4
2009-04-26 02:00:00,0.3647333333333333,0.3738031691743623,0.6185333333333334,-0.0090698358410289,0.0090698358410289,2,Sunday,4
2009-04-26 03:00:00,0.3727333333333333,0.3595456507358343,0.5280666666666667,0.013187682597499,0.013187682597499,3,Sunday,4
2009-04-26 04:00:00,0.4012,0.3777399261421564,0.3647333333333333,0.0234600738578436,0.0234600738578436,4,Sunday,4
2009-04-26 05:00:00,1.1038,0.7213518218430979,0.3727333333333333,0.382448178156902,0.382448178156902,5,Sunday,4
2009-04-26 06:00:00,0.685,0.6358973905018456,0.4012,0.0491026094981544,0.0491026094981544,6,Sunday,4
2009-04-26 07:00:00,0.5583666666666667,0.900536533303905,1.1038,-0.3421698666372383,0.3421698666372383,7,Sunday,4
2009-04-26 08:00:00,1.6872333333333331,1.0770398392501888,0.685,0.6101934940831444,0.6101934940831444,8,Sunday,4
2009-04-26 09:00:00,2.2005666666666666,1.159075941313023,0.5583666666666667,1.0414907253536436,1.0414907253536436,9,Sunday,4
2009-04-26 10:00:00,1.6929666666666667,1.4321372422810672,1.6872333333333331,0.2608294243855995,0.2608294243855995,10,Sunday,4
2009-04-26 11:00:00,3.2172666666666667,1.8927770341289027,2.2005666666666666,1.324489632537764,1.324489632537764,11,Sunday,4
2009-04-26 12:00:00,2.2118333333333333,1.5120828019166377,1.6929666666666667,0.6997505314166959,0.6997505314166959,12,Sunday,4
2009-04-26 13:00:00,1.6780666666666666,2.0044838527713367,3.2172666666666667,-0.3264171861046701,0.3264171861046701,13,Sunday,4
2009-04-26 14:00:00,2.0118666666666667,1.7669137134672988,2.2118333333333333,0.2449529531993679,0.2449529531993679,14,Sunday,4
2009-04-26 15:00:00,2.1656,1.3872048738258782,1.6780666666666666,0.7783951261741218,0.7783951261741218,15,Sunday,4
2009-04-26 16:00:00,2.2073666666666667,1.7452599748496471,2.0118666666666667,0.4621066918170196,0.4621066918170196,16,Sunday,4
2009-04-26 17:00:00,0.5728333333333333,2.044471890983503,2.1656,-1.4716385576501698,1.4716385576501698,17,Sunday,4
2009-04-26 18:00:00,0.6751666666666666,2.34228194216642,2.2073666666666667,-1.6671152754997531,1.6671152754997531,18,Sunday,4
2009-04-26 19:00:00,1.7928666666666666,1.6755996454264814,0.5728333333333333,0.1172670212401851,0.1172670212401851,19,Sunday,4
2009-04-26 20:00:00,1.0247333333333333,1.921344090050972,0.6751666666666666,-0.8966107567176385,0.8966107567176385,20,Sunday,4
2009-04-26 21:00:00,0.5758,1.6351676295005282,1.7928666666666666,-1.059367629500528,1.059367629500528,21,Sunday,4
2009-04-26 22:00:00,0.4733666666666666,0.8024930300821803,1.0247333333333333,-0.3291263634155137,0.3291263634155137,22,Sunday,4
2009-04-26 23:00:00,0.4120333333333333,0.5079766612599067,0.5758,-0.0959433279265734,0.0959433279265734,23,Sunday,4
2009-04-27 00:00:00,0.4067,0.3589452454537962,0.4733666666666666,0.0477547545462037,0.0477547545462037,0,Monday,4
2009-04-27 01:00:00,0.4278,0.3577530127589657,0.4120333333333333,0.0700469872410342,0.0700469872410342,1,Monday,4
2009-04-27 02:00:00,0.8892333333333333,0.3717651076199574,0.4067,0.5174682257133759,0.5174682257133759,2,Monday,4
2009-04-27 03:00:00,0.4208333333333333,0.3789870763493978,0.4278,0.0418462569839354,0.0418462569839354,3,Monday,4
2009-04-27 04:00:00,0.3969,0.4903594238759533,0.8892333333333333,-0.0934594238759533,0.0934594238759533,4,Monday,4
2009-04-27 05:00:00,1.1141666666666663,0.9127641754150836,0.4208333333333333,0.2014024912515827,0.2014024912515827,5,Monday,4
2009-04-27 06:00:00,2.1490666666666667,2.0256402170571755,0.3969,0.1234264496094912,0.1234264496094912,6,Monday,4
2009-04-27 07:00:00,2.0602666666666667,1.766628500151629,1.1141666666666663,0.2936381665150376,0.2936381665150376,7,Monday,4
2009-04-27 08:00:00,1.6667333333333334,1.4802510194608345,2.1490666666666667,0.1864823138724989,0.1864823138724989,8,Monday,4
2009-04-27 09:00:00,0.4399333333333333,1.435572250764516,2.0602666666666667,-0.9956389174311828,0.9956389174311828,9,Monday,4
2009-04-27 10:00:00,0.3634333333333333,1.164230317907721,1.6667333333333334,-0.8007969845743876,0.8007969845743876,10,Monday,4
2009-04-27 11:00:00,0.4065333333333333,0.8272598691696557,0.4399333333333333,-0.4207265358363223,0.4207265358363223,11,Monday,4
2009-04-27 12:00:00,0.4120999999999999,0.6598687471293986,0.3634333333333333,-0.2477687471293986,0.2477687471293986,12,Monday,4
2009-04-27 13:00:00,0.3982333333333334,0.6560784050265108,0.4065333333333333,-0.2578450716931774,0.2578450716931774,13,Monday,4
2009-04-27 14:00:00,0.4210333333333333,0.5223128955140934,0.4120999999999999,-0.1012795621807601,0.1012795621807601,14,Monday,4
2009-04-27 15:00:00,0.4077,0.5463241734509656,0.3982333333333334,-0.1386241734509656,0.1386241734509656,15,Monday,4
2009-04-27 16:00:00,1.1860666666666666,0.6394156680785791,0.4210333333333333,0.5466509985880875,0.5466509985880875,16,Monday,4
2009-04-27 17:00:00,0.7418,0.8856183647473158,0.4077,-0.1438183647473158,0.1438183647473158,17,Monday,4
2009-04-27 18:00:00,1.1037333333333337,1.4545679349640828,1.1860666666666666,-0.3508346016307491,0.3508346016307491,18,Monday,4
2009-04-27 19:00:00,2.227933333333333,1.4438165038767905,0.7418,0.7841168294565428,0.7841168294565428,19,Monday,4
2009-04-27 20:00:00,2.8862666666666663,1.6396428850052909,1.1037333333333337,1.2466237816613757,1.2466237816613757,20,Monday,4
2009-04-27 21:00:00,1.1214333333333333,1.563401597422948,2.227933333333333,-0.4419682640896147,0.4419682640896147,21,Monday,4
2009-04-27 22:00:00,0.4672,0.852872868032342,2.8862666666666663,-0.3856728680323419,0.3856728680323419,22,Monday,4
2009-04-27 23:00:00,1.0823666666666665,0.482494990551449,1.1214333333333333,0.5998716761152174,0.5998716761152174,23,Monday,4
2009-04-28 00:00:00,0.4209666666666666,0.3826177610890831,0.4672,0.0383489055775834,0.0383489055775834,0,Tuesday,4
2009-04-28 01:00:00,0.4380333333333333,0.5187880389816255,1.0823666666666665,-0.0807547056482922,0.0807547056482922,1,Tuesday,4
2009-04-28 02:00:00,0.8797999999999999,0.3899254997919729,0.4209666666666666,0.489874500208027,0.489874500208027,2,Tuesday,4
2009-04-28 03:00:00,0.5302,0.4219396510825834,0.4380333333333333,0.1082603489174165,0.1082603489174165,3,Tuesday,4
2009-04-28 04:00:00,0.4448666666666667,0.4602700831700644,0.8797999999999999,-0.0154034165033977,0.0154034165033977,4,Tuesday,4
2009-04-28 05:00:00,0.7586333333333334,0.9035558462501002,0.5302,-0.1449225129167668,0.1449225129167668,5,Tuesday,4
2009-04-28 06:00:00,2.253333333333333,1.7033209496747623,0.4448666666666667,0.5500123836585706,0.5500123836585706,6,Tuesday,4
2009-04-28 07:00:00,2.2389666666666668,1.5384132624988478,0.7586333333333334,0.700553404167819,0.700553404167819,7,Tuesday,4
2009-04-28 08:00:00,2.093433333333333,1.5158685622931751,2.253333333333333,0.5775647710401579,0.5775647710401579,8,Tuesday,4
2009-04-28 09:00:00,1.6592,1.5221210808297083,2.2389666666666668,0.1370789191702917,0.1370789191702917,9,Tuesday,4
2009-04-28 10:00:00,1.4896333333333334,1.5113160547547135,2.093433333333333,-0.0216827214213801,0.0216827214213801,10,Tuesday,4
2009-04-28 11:00:00,1.7739333333333331,1.3215258520478412,1.6592,0.4524074812854919,0.4524074812854919,11,Tuesday,4
2009-04-28 12:00:00,1.9465,1.0956398429468384,1.4896333333333334,0.8508601570531615,0.8508601570531615,12,Tuesday,4
2009-04-28 13:00:00,1.7526,1.3496642146379167,1.7739333333333331,0.4029357853620832,0.4029357853620832,13,Tuesday,4
2009-04-28 14:00:00,0.4525666666666667,1.321732695550958,1.9465,-0.8691660288842914,0.8691660288842914,14,Tuesday,4
2009-04-28 15:00:00,0.4337666666666667,1.245672111810505,1.7526,-0.8119054451438383,0.8119054451438383,15,Tuesday,4
2009-04-28 16:00:00,0.4543,0.6528531418028605,0.4525666666666667,-0.1985531418028605,0.1985531418028605,16,Tuesday,4
2009-04-28 17:00:00,0.7213999999999999,0.8556824681109861,0.4337666666666667,-0.1342824681109862,0.1342824681109862,17,Tuesday,4
2009-04-28 18:00:00,1.4173666666666669,1.615981141793661,0.4543,-0.198614475126994,0.198614475126994,18,Tuesday,4
2009-04-28 19:00:00,1.6629,1.6474406340959131,0.7213999999999999,0.0154593659040869,0.0154593659040869,19,Tuesday,4
2009-04-28 20:00:00,1.502133333333333,1.8272555117309124,1.4173666666666669,-0.3251221783975793,0.3251221783975793,20,Tuesday,4
2009-04-28 21:00:00,1.3540666666666668,1.6259324233972567,1.6629,-0.27186575673059,0.27186575673059,21,Tuesday,4
2009-04-28 22:00:00,0.6788000000000001,0.7724438416950814,1.502133333333333,-0.0936438416950813,0.0936438416950813,22,Tuesday,4
2009-04-28 23:00:00,0.4524666666666667,0.4945484612714516,1.3540666666666668,-0.0420817946047848,0.0420817946047848,23,Tuesday,4
2009-04-29 00:00:00,0.3981,0.3979901146450366,0.6788000000000001,0.0001098853549634,0.0001098853549634,0,Wednesday,4
2009-04-29 01:00:00,0.3794666666666667,0.3694530986113419,0.4524666666666667,0.0100135680553247,0.0100135680553247,1,Wednesday,4
2009-04-29 02:00:00,0.4347666666666667,0.3836620408062409,0.3981,0.0511046258604258,0.0511046258604258,2,Wednesday,4
2009-04-29 03:00:00,0.3631666666666666,0.4067946083343858,0.3794666666666667,-0.0436279416677192,0.0436279416677192,3,Wednesday,4
2009-04-29 04:00:00,0.4132333333333333,0.431085751537712,0.4347666666666667,-0.0178524182043787,0.0178524182043787,4,Wednesday,4
2009-04-29 05:00:00,1.5125666666666668,0.96662198921895,0.3631666666666666,0.5459446774477168,0.5459446774477168,5,Wednesday,4
2009-04-29 06:00:00,2.1048,1.9054352472991127,0.4132333333333333,0.1993647527008872,0.1993647527008872,6,Wednesday,4
2009-04-29 07:00:00,1.4955333333333334,1.5340707358539198,1.5125666666666668,-0.0385374025205864,0.0385374025205864,7,Wednesday,4
2009-04-29 08:00:00,1.3323666666666665,1.4495357436258394,2.1048,-0.1171690769591728,0.1171690769591728,8,Wednesday,4
2009-04-29 09:00:00,0.8103333333333332,1.2796202154554952,1.4955333333333334,-0.4692868821221619,0.4692868821221619,9,Wednesday,4
2009-04-29 10:00:00,1.9905666666666664,1.0785473945923898,1.3323666666666665,0.9120192720742766,0.9120192720742766,10,Wednesday,4
2009-04-29 11:00:00,2.024566666666667,1.2103096323237512,0.8103333333333332,0.8142570343429156,0.8142570343429156,11,Wednesday,4
2009-04-29 12:00:00,1.5835,1.46560861911931,1.9905666666666664,0.1178913808806898,0.1178913808806898,12,Wednesday,4
2009-04-29 13:00:00,0.9816,1.436280512892839,2.024566666666667,-0.454680512892839,0.454680512892839,13,Wednesday,4
2009-04-29 14:00:00,0.5388000000000001,1.31102294803419,1.5835,-0.7722229480341899,0.7722229480341899,14,Wednesday,4
2009-04-29 15:00:00,0.4239333333333333,0.9528468681852404,0.9816,-0.5289135348519071,0.5289135348519071,15,Wednesday,4
2009-04-29 16:00:00,0.9377333333333334,0.8697809906058778,0.5388000000000001,0.0679523427274556,0.0679523427274556,16,Wednesday,4
2009-04-29 17:00:00,0.7641666666666667,1.0046789980981348,0.4239333333333333,-0.2405123314314681,0.2405123314314681,17,Wednesday,4
2009-04-29 18:00:00,1.5350666666666666,1.6106466904995325,0.9377333333333334,-0.0755800238328658,0.0755800238328658,18,Wednesday,4
2009-04-29 19:00:00,1.1052666666666666,1.685028944153658,0.7641666666666667,-0.5797622774869913,0.5797622774869913,19,Wednesday,4
2009-04-29 20:00:00,2.351766666666667,2.078491184900357,1.5350666666666666,0.2732754817663099,0.2732754817663099,20,Wednesday,4
2009-04-29 21:00:00,2.8628,1.3030997437668248,1.1052666666666666,1.5597002562331752,1.5597002562331752,21,Wednesday,4
2009-04-29 22:00:00,0.9481,0.9234500584179334,2.351766666666667,0.0246499415820666,0.0246499415820666,22,Wednesday,4
2009-04-29 23:00:00,0.5711666666666667,0.6992690487306134,2.8628,-0.1281023820639466,0.1281023820639466,23,Wednesday,4
2009-04-30 00:00:00,0.5411,0.4030609679941874,0.9481,0.1380390320058125,0.1380390320058125,0,Thursday,4
2009-04-30 01:00:00,0.9289333333333332,0.3802198971763529,0.5711666666666667,0.5487134361569802,0.5487134361569802,1,Thursday,4
2009-04-30 02:00:00,0.4135333333333333,0.3793904498697525,0.5411,0.0341428834635807,0.0341428834635807,2,Thursday,4
2009-04-30 03:00:00,0.3537333333333333,0.4517847526256008,0.9289333333333332,-0.0980514192922675,0.0980514192922675,3,Thursday,4
2009-04-30 04:00:00,0.4271,0.4078304231429285,0.4135333333333333,0.0192695768570714,0.0192695768570714,4,Thursday,4
2009-04-30 05:00:00,0.6386333333333333,0.9606207965538532,0.3537333333333333,-0.3219874632205199,0.3219874632205199,5,Thursday,4
2009-04-30 06:00:00,2.0443,1.7509005302032516,0.4271,0.2933994697967481,0.2933994697967481,6,Thursday,4
2009-04-30 07:00:00,1.9639,1.6073304377229507,0.6386333333333333,0.3565695622770493,0.3565695622770493,7,Thursday,4
2009-04-30 08:00:00,1.9772333333333327,1.3605496273780364,2.0443,0.6166837059552963,0.6166837059552963,8,Thursday,4
2009-04-30 09:00:00,1.488033333333333,1.2720285875126902,1.9639,0.2160047458206428,0.2160047458206428,9,Thursday,4
2009-04-30 10:00:00,1.4291333333333334,1.2882933671004986,1.9772333333333327,0.1408399662328348,0.1408399662328348,10,Thursday,4
2009-04-30 11:00:00,1.4434,1.0003128628538285,1.488033333333333,0.4430871371461715,0.4430871371461715,11,Thursday,4
2009-04-30 12:00:00,1.4801666666666666,0.8495873082530467,1.4291333333333334,0.6305793584136199,0.6305793584136199,12,Thursday,4
2009-04-30 13:00:00,1.4585,0.829191075484834,1.4434,0.629308924515166,0.629308924515166,13,Thursday,4
2009-04-30 14:00:00,0.6148666666666667,0.8778230560064835,1.4801666666666666,-0.2629563893398168,0.2629563893398168,14,Thursday,4
2009-04-30 15:00:00,0.5218,0.8449712484208032,1.4585,-0.3231712484208031,0.3231712484208031,15,Thursday,4
2009-04-30 16:00:00,0.9580333333333332,0.6791799863858163,0.6148666666666667,0.2788533469475168,0.2788533469475168,16,Thursday,4
2009-04-30 17:00:00,1.792433333333333,1.1335817375105444,0.5218,0.6588515958227887,0.6588515958227887,17,Thursday,4
2009-04-30 18:00:00,1.7662666666666669,1.8800864766033525,0.9580333333333332,-0.1138198099366853,0.1138198099366853,18,Thursday,4
2009-04-30 19:00:00,1.0921333333333334,2.0469321751881897,1.792433333333333,-0.9547988418548564,0.9547988418548564,19,Thursday,4
2009-04-30 20:00:00,1.4772666666666665,2.004255598410752,1.7662666666666669,-0.5269889317440852,0.5269889317440852,20,Thursday,4
2009-04-30 21:00:00,3.0745,1.3796826893015135,1.0921333333333334,1.6948173106984863,1.6948173106984863,21,Thursday,4
2009-04-30 22:00:00,2.1232,0.8667857097088928,1.4772666666666665,1.2564142902911075,1.2564142902911075,22,Thursday,4
2009-04-30 23:00:00,1.4047333333333332,0.7259068317175809,3.0745,0.6788265016157523,0.6788265016157523,23,Thursday,4
2009-05-01 00:00:00,1.4004,0.8562092187331852,2.1232,0.5441907812668149,0.5441907812668149,0,Friday,5
2009-05-01 01:00:00,1.4649666666666663,0.5997885561101775,1.4047333333333332,0.8651781105564889,0.8651781105564889,1,Friday,5
2009-05-01 02:00:00,1.354,0.6945782082665724,1.4004,0.6594217917334277,0.6594217917334277,2,Friday,5
2009-05-01 03:00:00,0.3312333333333333,0.8260860713250354,1.4649666666666663,-0.4948527379917021,0.4948527379917021,3,Friday,5
2009-05-01 04:00:00,1.5524,0.6899642950250086,1.354,0.8624357049749914,0.8624357049749914,4,Friday,5
2009-05-01 05:00:00,1.1707333333333334,0.9214790962832686,0.3312333333333333,0.2492542370500647,0.2492542370500647,5,Friday,5
2009-05-01 06:00:00,0.7577666666666667,1.4996478137582243,1.5524,-0.7418811470915578,0.7418811470915578,6,Friday,5
2009-05-01 07:00:00,0.859,1.7557826200244775,1.1707333333333334,-0.8967826200244777,0.8967826200244777,7,Friday,5
2009-05-01 08:00:00,1.4891333333333334,1.2836963150185303,0.7577666666666667,0.2054370183148031,0.2054370183148031,8,Friday,5
2009-05-01 09:00:00,0.8887666666666667,1.2586184457133784,0.859,-0.3698517790467117,0.3698517790467117,9,Friday,5
2009-05-01 10:00:00,0.6318666666666667,1.3181284573817051,1.4891333333333334,-0.6862617907150385,0.6862617907150385,10,Friday,5
2009-05-01 11:00:00,1.1035,1.204333044258648,0.8887666666666667,-0.100833044258648,0.100833044258648,11,Friday,5
2009-05-01 12:00:00,0.6839999999999999,0.8269795053555131,0.6318666666666667,-0.1429795053555131,0.1429795053555131,12,Friday,5
2009-05-01 13:00:00,0.4790999999999999,0.863086413421001,1.1035,-0.3839864134210011,0.3839864134210011,13,Friday,5
2009-05-01 14:00:00,1.0329666666666666,0.7917584200715138,0.6839999999999999,0.2412082465951528,0.2412082465951528,14,Friday,5
2009-05-01 15:00:00,1.8699,0.7734431957817596,0.4790999999999999,1.0964568042182403,1.0964568042182403,15,Friday,5
2009-05-01 16:00:00,1.1232,1.0138620646862062,1.0329666666666666,0.1093379353137937,0.1093379353137937,16,Friday,5
2009-05-01 17:00:00,0.7175333333333334,1.6583072740648923,1.8699,-0.940773940731559,0.940773940731559,17,Friday,5
2009-05-01 18:00:00,0.5022666666666666,2.003870456399756,1.1232,-1.5016037897330887,1.5016037897330887,18,Friday,5
2009-05-01 19:00:00,1.1478666666666666,1.6378497300765795,0.7175333333333334,-0.4899830634099129,0.4899830634099129,19,Friday,5
2009-05-01 20:00:00,1.9122666666666668,1.4036300082072004,0.5022666666666666,0.5086366584594664,0.5086366584594664,20,Friday,5
2009-05-01 21:00:00,1.0233,1.2670871017731835,1.1478666666666666,-0.2437871017731836,0.2437871017731836,21,Friday,5
2009-05-01 22:00:00,0.3124666666666666,0.86574626497746,1.9122666666666668,-0.5532795983107934,0.5532795983107934,22,Friday,5
2009-05-01 23:00:00,0.3699666666666666,0.4333798069519196,1.0233,-0.063413140285253,0.063413140285253,23,Friday,5
2009-05-02 00:00:00,0.3608333333333333,0.3843817501958207,0.3124666666666666,-0.0235484168624874,0.0235484168624874,0,Saturday,5
2009-05-02 01:00:00,0.3421333333333333,0.4460372613994083,0.3699666666666666,-0.103903928066075,0.103903928066075,1,Saturday,5
2009-05-02 02:00:00,0.3908666666666667,0.4063223798058652,0.3608333333333333,-0.0154557131391985,0.0154557131391985,2,Saturday,5
2009-05-02 03:00:00,0.3252666666666667,0.4143192139264115,0.3421333333333333,-0.0890525472597448,0.0890525472597448,3,Saturday,5
2009-05-02 04:00:00,0.6018,0.4031660984162444,0.3908666666666667,0.1986339015837555,0.1986339015837555,4,Saturday,5
2009-05-02 05:00:00,0.8126333333333332,0.6821798036113224,0.3252666666666667,0.1304535297220108,0.1304535297220108,5,Saturday,5
2009-05-02 06:00:00,1.2243333333333333,1.0088520831936438,0.6018,0.2154812501396894,0.2154812501396894,6,Saturday,5
2009-05-02 07:00:00,1.7249,1.3584784080970442,0.8126333333333332,0.3664215919029558,0.3664215919029558,7,Saturday,5
2009-05-02 08:00:00,1.5988,1.4406391740276885,1.2243333333333333,0.1581608259723117,0.1581608259723117,8,Saturday,5
2009-05-02 09:00:00,1.5260333333333334,1.5468810620457294,1.7249,-0.020847728712396,0.020847728712396,9,Saturday,5
2009-05-02 10:00:00,1.5207000000000002,1.5940278964699566,1.5988,-0.0733278964699564,0.0733278964699564,10,Saturday,5
2009-05-02 11:00:00,1.5104666666666666,1.5125662293595807,1.5260333333333334,-0.0020995626929141,0.0020995626929141,11,Saturday,5
2009-05-02 12:00:00,1.4943333333333333,1.4792551164725136,1.5207000000000002,0.0150782168608196,0.0150782168608196,12,Saturday,5
2009-05-02 13:00:00,0.9025,1.604638717157078,1.5104666666666666,-0.702138717157078,0.702138717157078,13,Saturday,5
2009-05-02 14:00:00,0.8336666666666666,1.577506278080275,1.4943333333333333,-0.7438396114136085,0.7438396114136085,14,Saturday,5
2009-05-02 15:00:00,1.0456666666666667,1.33212199552232,0.9025,-0.2864553288556533,0.2864553288556533,15,Saturday,5
2009-05-02 16:00:00,1.1483,1.331416184184408,0.8336666666666666,-0.183116184184408,0.183116184184408,16,Saturday,5
2009-05-02 17:00:00,0.4462666666666666,1.5101680305340517,1.0456666666666667,-1.063901363867385,1.063901363867385,17,Saturday,5
2009-05-02 18:00:00,0.3946333333333333,1.942619255213901,1.1483,-1.5479859218805676,1.5479859218805676,18,Saturday,5
2009-05-02 19:00:00,0.6137666666666667,1.798932312052289,0.4462666666666666,-1.1851656453856227,1.1851656453856227,19,Saturday,5
2009-05-02 20:00:00,1.1865333333333332,1.5863982249483717,0.3946333333333333,-0.3998648916150384,0.3998648916150384,20,Saturday,5
2009-05-02 21:00:00,2.2051666666666665,1.3156630590774443,0.6137666666666667,0.8895036075892222,0.8895036075892222,21,Saturday,5
2009-05-02 22:00:00,0.6522666666666667,0.8231627705672292,1.1865333333333332,-0.1708961039005625,0.1708961039005625,22,Saturday,5
2009-05-02 23:00:00,0.3712333333333333,0.9528381844843742,2.2051666666666665,-0.5816048511510409,0.5816048511510409,23,Saturday,5
2009-05-03 00:00:00,0.3102,0.3898934632181751,0.6522666666666667,-0.0796934632181751,0.0796934632181751,0,Sunday,5
2009-05-03 01:00:00,0.4030666666666667,0.3766552933333477,0.3712333333333333,0.026411373333319,0.026411373333319,1,Sunday,5
2009-05-03 02:00:00,0.2900999999999999,0.3611331841869781,0.3102,-0.0710331841869782,0.0710331841869782,2,Sunday,5
2009-05-03 03:00:00,0.3695,0.3936672867022002,0.4030666666666667,-0.0241672867022001,0.0241672867022001,3,Sunday,5
2009-05-03 04:00:00,0.3383,0.3718103859673681,0.2900999999999999,-0.0335103859673681,0.0335103859673681,4,Sunday,5
2009-05-03 05:00:00,0.3417,0.6582991722398979,0.3695,-0.3165991722398978,0.3165991722398978,5,Sunday,5
2009-05-03 06:00:00,1.0893666666666666,0.9646771576366856,0.3383,0.1246895090299808,0.1246895090299808,6,Sunday,5
2009-05-03 07:00:00,1.0766666666666669,1.0491905305251827,0.3417,0.0274761361414841,0.0274761361414841,7,Sunday,5
2009-05-03 08:00:00,1.245766666666667,1.2095753566417955,1.0893666666666666,0.0361913100248714,0.0361913100248714,8,Sunday,5
2009-05-03 09:00:00,1.6178666666666668,1.3835675829324037,1.0766666666666669,0.2342990837342633,0.2342990837342633,9,Sunday,5
2009-05-03 10:00:00,2.6576,1.4560197928160412,1.245766666666667,1.2015802071839587,1.2015802071839587,10,Sunday,5
2009-05-03 11:00:00,1.481666666666667,1.50452287375222,1.6178666666666668,-0.0228562070855531,0.0228562070855531,11,Sunday,5
2009-05-03 12:00:00,0.5520666666666667,1.7884623217791549,2.6576,-1.2363956551124882,1.2363956551124882,12,Sunday,5
2009-05-03 13:00:00,0.6093333333333334,1.6463836426362537,1.481666666666667,-1.0370503093029204,1.0370503093029204,13,Sunday,5
2009-05-03 14:00:00,0.6012333333333333,1.1400105903721935,0.5520666666666667,-0.5387772570388603,0.5387772570388603,14,Sunday,5
2009-05-03 15:00:00,1.0289666666666666,1.2209092906988024,0.6093333333333334,-0.1919426240321358,0.1919426240321358,15,Sunday,5
2009-05-03 16:00:00,0.5145333333333333,1.1539441011175535,0.6012333333333333,-0.6394107677842202,0.6394107677842202,16,Sunday,5
2009-05-03 17:00:00,1.363033333333333,1.257643188636462,1.0289666666666666,0.1053901446968712,0.1053901446968712,17,Sunday,5
2009-05-03 18:00:00,0.7539666666666667,1.2413594631802634,0.5145333333333333,-0.4873927965135967,0.4873927965135967,18,Sunday,5
2009-05-03 19:00:00,4.2653,1.5590002824149207,1.363033333333333,2.706299717585079,2.706299717585079,19,Sunday,5
2009-05-03 20:00:00,3.1061666666666667,1.543871941678992,0.7539666666666667,1.5622947249876749,1.5622947249876749,20,Sunday,5
2009-05-03 21:00:00,1.6028999999999998,1.948344341254112,4.2653,-0.3454443412541124,0.3454443412541124,21,Sunday,5
2009-05-03 22:00:00,0.8240999999999999,1.0405712128981044,3.1061666666666667,-0.2164712128981044,0.2164712128981044,22,Sunday,5
2009-05-03 23:00:00,0.9642333333333332,0.6758663474550665,1.6028999999999998,0.2883669858782667,0.2883669858782667,23,Sunday,5
2009-05-04 00:00:00,0.9137666666666668,0.3860474538305733,0.8240999999999999,0.5277192128360935,0.5277192128360935,0,Monday,5
2009-05-04 01:00:00,0.9373666666666666,0.4040267232133052,0.9642333333333332,0.5333399434533614,0.5333399434533614,1,Monday,5
2009-05-04 02:00:00,0.8852666666666666,0.4109046461872337,0.9137666666666668,0.4743620204794329,0.4743620204794329,2,Monday,5
2009-05-04 03:00:00,0.9277666666666666,0.4156183073868447,0.9373666666666666,0.5121483592798219,0.5121483592798219,3,Monday,5
2009-05-04 04:00:00,0.8148666666666666,0.4903594238759533,0.8852666666666666,0.3245072427907133,0.3245072427907133,4,Monday,5
2009-05-04 05:00:00,1.2602666666666666,0.99064760679412,0.9277666666666666,0.2696190598725467,0.2696190598725467,5,Monday,5
2009-05-04 06:00:00,2.357933333333333,1.8886995347643556,0.8148666666666666,0.4692337985689776,0.4692337985689776,6,Monday,5
2009-05-04 07:00:00,1.5611,1.8361650877625155,1.2602666666666666,-0.2750650877625153,0.2750650877625153,7,Monday,5
2009-05-04 08:00:00,1.4597666666666669,1.4136044503671366,2.357933333333333,0.0461622162995303,0.0461622162995303,8,Monday,5
2009-05-04 09:00:00,1.4333333333333331,1.2381069392529858,1.5611,0.1952263940803473,0.1952263940803473,9,Monday,5
2009-05-04 10:00:00,1.4296333333333335,1.0800123036435296,1.4597666666666669,0.3496210296898039,0.3496210296898039,10,Monday,5
2009-05-04 11:00:00,1.3778,0.9383658964671172,1.4333333333333331,0.4394341035328826,0.4394341035328826,11,Monday,5
2009-05-04 12:00:00,1.3517333333333332,0.8238316373884915,1.4296333333333335,0.5279016959448417,0.5279016959448417,12,Monday,5
2009-05-04 13:00:00,0.3112666666666666,0.8184647055201058,1.3778,-0.5071980388534392,0.5071980388534392,13,Monday,5
2009-05-04 14:00:00,0.3409,0.7070110751180305,1.3517333333333332,-0.3661110751180305,0.3661110751180305,14,Monday,5
2009-05-04 15:00:00,0.3834333333333333,0.424885406103562,0.3112666666666666,-0.0414520727702287,0.0414520727702287,15,Monday,5
2009-05-04 16:00:00,0.4498333333333333,0.4990850766563852,0.3409,-0.0492517433230519,0.0492517433230519,16,Monday,5
2009-05-04 17:00:00,0.8375,1.0177319797342737,0.3834333333333333,-0.1802319797342736,0.1802319797342736,17,Monday,5
2009-05-04 18:00:00,0.6524666666666668,1.6818215940453354,0.4498333333333333,-1.0293549273786686,1.0293549273786686,18,Monday,5
2009-05-04 19:00:00,1.9763333333333333,1.7890680146121132,0.8375,0.1872653187212201,0.1872653187212201,19,Monday,5
2009-05-04 20:00:00,2.7685000000000004,2.169028463871125,0.6524666666666668,0.5994715361288749,0.5994715361288749,20,Monday,5
2009-05-04 21:00:00,1.9589333333333327,1.5229049739533995,1.9763333333333333,0.436028359379933,0.436028359379933,21,Monday,5
2009-05-04 22:00:00,0.4440333333333333,0.8645816570668794,2.7685000000000004,-0.4205483237335461,0.4205483237335461,22,Monday,5
2009-05-04 23:00:00,0.3599666666666666,0.5874619564748104,1.9589333333333327,-0.2274952898081437,0.2274952898081437,23,Monday,5
2009-05-05 00:00:00,0.3802666666666666,0.3858596608257772,0.4440333333333333,-0.0055929941591106,0.0055929941591106,0,Tuesday,5
2009-05-05 01:00:00,0.3398,0.3840411742235683,0.3599666666666666,-0.0442411742235683,0.0442411742235683,1,Tuesday,5
2009-05-05 02:00:00,0.3136333333333334,0.4072870369343622,0.3802666666666666,-0.0936537036010288,0.0936537036010288,2,Tuesday,5
2009-05-05 03:00:00,0.3798,0.4207740577626493,0.3398,-0.0409740577626492,0.0409740577626492,3,Tuesday,5
2009-05-05 04:00:00,0.3200666666666666,0.4148318839943045,0.3136333333333334,-0.0947652173276379,0.0947652173276379,4,Tuesday,5
2009-05-05 05:00:00,0.9154333333333332,1.002192544492977,0.3798,-0.0867592111596436,0.0867592111596436,5,Tuesday,5
2009-05-05 06:00:00,2.1467,1.9583381838874607,0.3200666666666666,0.1883618161125393,0.1883618161125393,6,Tuesday,5
2009-05-05 07:00:00,1.7336999999999998,1.6747632670959107,0.9154333333333332,0.058936732904089,0.058936732904089,7,Tuesday,5
2009-05-05 08:00:00,1.8774666666666664,1.6236067050857117,2.1467,0.2538599615809547,0.2538599615809547,8,Tuesday,5
2009-05-05 09:00:00,1.5013666666666663,1.5263754993023406,1.7336999999999998,-0.0250088326356743,0.0250088326356743,9,Tuesday,5
2009-05-05 10:00:00,1.5069333333333332,1.5800494216670644,1.8774666666666664,-0.0731160883337311,0.0731160883337311,10,Tuesday,5
2009-05-05 11:00:00,1.5439,1.2462443201387734,1.5013666666666663,0.2976556798612266,0.2976556798612266,11,Tuesday,5
2009-05-05 12:00:00,2.868033333333333,1.2377636125517115,1.5069333333333332,1.6302697207816217,1.6302697207816217,12,Tuesday,5
2009-05-05 13:00:00,2.057333333333333,1.2564872389399389,1.5439,0.8008460943933939,0.8008460943933939,13,Tuesday,5
2009-05-05 14:00:00,0.5573,1.4939538957966694,2.868033333333333,-0.9366538957966694,0.9366538957966694,14,Tuesday,5
2009-05-05 15:00:00,0.4743333333333333,1.358092484353394,2.057333333333333,-0.8837591510200606,0.8837591510200606,15,Tuesday,5
2009-05-05 16:00:00,0.4192666666666666,0.6863612995012011,0.5573,-0.2670946328345344,0.2670946328345344,16,Tuesday,5
2009-05-05 17:00:00,0.7972666666666667,0.8729814344007903,0.4743333333333333,-0.0757147677341236,0.0757147677341236,17,Tuesday,5
2009-05-05 18:00:00,1.9743333333333333,1.8395285418530607,0.4192666666666666,0.1348047914802725,0.1348047914802725,18,Tuesday,5
2009-05-05 19:00:00,1.1945,1.8637503655501184,0.7972666666666667,-0.6692503655501183,0.6692503655501183,19,Tuesday,5
2009-05-05 20:00:00,2.7112,1.997565496762588,1.9743333333333333,0.7136345032374118,0.7136345032374118,20,Tuesday,5
2009-05-05 21:00:00,1.9349333333333327,1.439913510554263,1.1945,0.4950198227790696,0.4950198227790696,21,Tuesday,5
2009-05-05 22:00:00,0.5503666666666667,0.9215941107106206,2.7112,-0.3712274440439539,0.3712274440439539,22,Tuesday,5
2009-05-05 23:00:00,0.4619999999999999,0.6357238340963741,1.9349333333333327,-0.1737238340963742,0.1737238340963742,23,Tuesday,5
2009-05-06 00:00:00,0.3419,0.3673124761059578,0.5503666666666667,-0.0254124761059578,0.0254124761059578,0,Wednesday,5
2009-05-06 01:00:00,0.4426,0.3694530986113419,0.4619999999999999,0.073146901388658,0.073146901388658,1,Wednesday,5
2009-05-06 02:00:00,0.3538,0.3841857468171594,0.3419,-0.0303857468171593,0.0303857468171593,2,Wednesday,5
2009-05-06 03:00:00,0.4172666666666667,0.3955297338480941,0.4426,0.0217369328185725,0.0217369328185725,3,Wednesday,5
2009-05-06 04:00:00,0.3620666666666666,0.4153997426681025,0.3538,-0.0533330760014359,0.0533330760014359,4,Wednesday,5
2009-05-06 05:00:00,0.9346666666666666,0.949632870070224,0.4172666666666667,-0.0149662034035572,0.0149662034035572,5,Wednesday,5
2009-05-06 06:00:00,1.9164333333333328,2.0820633347490087,0.3620666666666666,-0.1656300014156759,0.1656300014156759,6,Wednesday,5
2009-05-06 07:00:00,1.4660666666666666,1.7323307030120791,0.9346666666666666,-0.2662640363454125,0.2662640363454125,7,Wednesday,5
2009-05-06 08:00:00,1.4511,1.462983974797092,1.9164333333333328,-0.011883974797092,0.011883974797092,8,Wednesday,5
2009-05-06 09:00:00,1.4559,1.1617196198930515,1.4660666666666666,0.2941803801069482,0.2941803801069482,9,Wednesday,5
2009-05-06 10:00:00,1.4848333333333334,1.1584854168643868,1.4511,0.3263479164689467,0.3263479164689467,10,Wednesday,5
2009-05-06 11:00:00,1.1846333333333334,1.2949140639433931,1.4559,-0.1102807306100597,0.1102807306100597,11,Wednesday,5
2009-05-06 12:00:00,0.6272,1.3124077211022684,1.4848333333333334,-0.6852077211022685,0.6852077211022685,12,Wednesday,5
2009-05-06 13:00:00,0.7248666666666667,0.9596087507283002,1.1846333333333334,-0.2347420840616335,0.2347420840616335,13,Wednesday,5
2009-05-06 14:00:00,0.6378333333333334,0.7966342129432513,0.6272,-0.1588008796099179,0.1588008796099179,14,Wednesday,5
2009-05-06 15:00:00,0.4327333333333333,0.7498749355048556,0.7248666666666667,-0.3171416021715223,0.3171416021715223,15,Wednesday,5
2009-05-06 16:00:00,0.545,0.8021042964034386,0.6378333333333334,-0.2571042964034385,0.2571042964034385,16,Wednesday,5
2009-05-06 17:00:00,1.3384333333333334,1.0886738011278383,0.4327333333333333,0.249759532205495,0.249759532205495,17,Wednesday,5
2009-05-06 18:00:00,1.2773666666666663,1.8715755878857008,0.545,-0.5942089212190342,0.5942089212190342,18,Wednesday,5
2009-05-06 19:00:00,0.6197,1.995442288726564,1.3384333333333334,-1.3757422887265638,1.3757422887265638,19,Wednesday,5
2009-05-06 20:00:00,2.332866666666667,1.866834332622387,1.2773666666666663,0.4660323340442798,0.4660323340442798,20,Wednesday,5
2009-05-06 21:00:00,1.3130333333333333,1.4003882524646132,0.6197,-0.0873549191312799,0.0873549191312799,21,Wednesday,5
2009-05-06 22:00:00,0.3760666666666666,0.8543456601947963,2.332866666666667,-0.4782789935281297,0.4782789935281297,22,Wednesday,5
2009-05-06 23:00:00,0.3929333333333333,0.456168593507203,1.3130333333333333,-0.0632352601738697,0.0632352601738697,23,Wednesday,5
2009-05-07 00:00:00,0.3383333333333333,0.3719176907244085,0.3760666666666666,-0.0335843573910751,0.0335843573910751,0,Thursday,5
2009-05-07 01:00:00,0.3490333333333333,0.3719176907244085,0.3929333333333333,-0.0228843573910751,0.0228843573910751,1,Thursday,5
2009-05-07 02:00:00,0.3567666666666666,0.3884688255324349,0.3383333333333333,-0.0317021588657683,0.0317021588657683,2,Thursday,5
2009-05-07 03:00:00,0.3476333333333333,0.3951948308461445,0.3490333333333333,-0.0475614975128112,0.0475614975128112,3,Thursday,5
2009-05-07 04:00:00,0.3484,0.4086877528358094,0.3567666666666666,-0.0602877528358094,0.0602877528358094,4,Thursday,5
2009-05-07 05:00:00,0.7630666666666667,0.9609544202358156,0.3476333333333333,-0.1978877535691489,0.1978877535691489,5,Thursday,5
2009-05-07 06:00:00,1.693,1.827442776070545,0.3484,-0.1344427760705449,0.1344427760705449,6,Thursday,5
2009-05-07 07:00:00,1.4599,1.6395384882459434,0.7630666666666667,-0.1796384882459434,0.1796384882459434,7,Thursday,5
2009-05-07 08:00:00,1.4223333333333334,1.325347381523427,1.693,0.0969859518099065,0.0969859518099065,8,Thursday,5
2009-05-07 09:00:00,1.1442,1.286405719690878,1.4599,-0.1422057196908779,0.1422057196908779,9,Thursday,5
2009-05-07 10:00:00,0.3734,1.109905717494701,1.4223333333333334,-0.736505717494701,0.736505717494701,10,Thursday,5
2009-05-07 11:00:00,0.3694666666666666,0.9618980713694958,1.1442,-0.5924314047028292,0.5924314047028292,11,Thursday,5
2009-05-07 12:00:00,0.3606999999999999,0.7120256493279656,0.3734,-0.3513256493279657,0.3513256493279657,12,Thursday,5
2009-05-07 13:00:00,0.3329666666666667,0.6971935802476797,0.3694666666666666,-0.364226913581013,0.364226913581013,13,Thursday,5
2009-05-07 14:00:00,0.3895666666666666,0.6779576276005147,0.3606999999999999,-0.2883909609338481,0.2883909609338481,14,Thursday,5
2009-05-07 15:00:00,0.3696333333333333,0.5714309083546397,0.3329666666666667,-0.2017975750213064,0.2017975750213064,15,Thursday,5
2009-05-07 16:00:00,0.4561,0.6925561079697479,0.3895666666666666,-0.2364561079697478,0.2364561079697478,16,Thursday,5
2009-05-07 17:00:00,1.1188,0.9609106628643082,0.3696333333333333,0.1578893371356918,0.1578893371356918,17,Thursday,5
2009-05-07 18:00:00,1.1869333333333332,1.499282918439934,0.4561,-0.3123495851066009,0.3123495851066009,18,Thursday,5
2009-05-07 19:00:00,0.5374666666666666,1.698343333034196,1.1188,-1.1608766663675292,1.1608766663675292,19,Thursday,5
2009-05-07 20:00:00,0.5463,1.520511619363878,1.1869333333333332,-0.974211619363878,0.974211619363878,20,Thursday,5
2009-05-07 21:00:00,0.751,1.296201293644457,0.5374666666666666,-0.5452012936444567,0.5452012936444567,21,Thursday,5
2009-05-07 22:00:00,1.4695333333333334,0.8179676227594135,0.5463,0.6515657105739199,0.6515657105739199,22,Thursday,5
2009-05-07 23:00:00,0.3434,0.6089509607325337,0.751,-0.2655509607325337,0.2655509607325337,23,Thursday,5
2009-05-08 00:00:00,0.3672666666666667,0.6082652192186689,1.4695333333333334,-0.2409985525520022,0.2409985525520022,0,Friday,5
2009-05-08 01:00:00,0.359,0.3657955079775759,0.3434,-0.0067955079775758,0.0067955079775758,1,Friday,5
2009-05-08 02:00:00,0.4712333333333333,0.3878929600558851,0.3672666666666667,0.0833403732774481,0.0833403732774481,2,Friday,5
2009-05-08 03:00:00,0.3704,0.3896868366404422,0.359,-0.0192868366404422,0.0192868366404422,3,Friday,5
2009-05-08 04:00:00,0.3780666666666666,0.4054930908152253,0.4712333333333333,-0.0274264241485586,0.0274264241485586,4,Friday,5
2009-05-08 05:00:00,0.3520333333333333,0.8984512599164096,0.3704,-0.5464179265830763,0.5464179265830763,5,Friday,5
2009-05-08 06:00:00,0.8465666666666667,1.493857867834961,0.3780666666666666,-0.6472912011682943,0.6472912011682943,6,Friday,5
2009-05-08 07:00:00,1.3146666666666669,1.42680255993625,0.3520333333333333,-0.112135893269583,0.112135893269583,7,Friday,5
2009-05-08 08:00:00,1.7735333333333332,1.1184599804316293,0.8465666666666667,0.6550733529017039,0.6550733529017039,8,Friday,5
2009-05-08 09:00:00,1.572733333333333,1.1445991699366913,1.3146666666666669,0.4281341633966418,0.4281341633966418,9,Friday,5
2009-05-08 10:00:00,1.0975,1.372182106136494,1.7735333333333332,-0.2746821061364941,0.2746821061364941,10,Friday,5
2009-05-08 11:00:00,1.838566666666667,1.1119492057233735,1.572733333333333,0.7266174609432934,0.7266174609432934,11,Friday,5
2009-05-08 12:00:00,1.4799333333333335,0.9289586302306304,1.0975,0.5509747031027032,0.5509747031027032,12,Friday,5
2009-05-08 13:00:00,2.323,1.3265740694067858,1.838566666666667,0.9964259305932142,0.9964259305932142,13,Friday,5
2009-05-08 14:00:00,2.3411,1.0090855132114216,1.4799333333333335,1.3320144867885784,1.3320144867885784,14,Friday,5
2009-05-08 15:00:00,1.6147,1.3589191002778498,2.323,0.2557808997221502,0.2557808997221502,15,Friday,5
2009-05-08 16:00:00,1.6079666666666663,1.4891409499148598,2.3411,0.1188257167518065,0.1188257167518065,16,Friday,5
2009-05-08 17:00:00,2.9731333333333336,1.526743033322174,1.6147,1.4463903000111595,1.4463903000111595,17,Friday,5
2009-05-08 18:00:00,1.6407,1.915862542711521,1.6079666666666663,-0.2751625427115209,0.2751625427115209,18,Friday,5
2009-05-08 19:00:00,1.6824666666666668,2.209792035007037,2.9731333333333336,-0.5273253683403702,0.5273253683403702,19,Friday,5
2009-05-08 20:00:00,1.961633333333333,1.823364537899161,1.6407,0.1382687954341719,0.1382687954341719,20,Friday,5
2009-05-08 21:00:00,1.6283999999999998,1.540577691281584,1.6824666666666668,0.0878223087184157,0.0878223087184157,21,Friday,5
2009-05-08 22:00:00,0.6145999999999999,0.8634402874609601,1.961633333333333,-0.2488402874609602,0.2488402874609602,22,Friday,5
2009-05-08 23:00:00,0.4276333333333333,0.5697455242725133,1.6283999999999998,-0.14211219093918,0.14211219093918,23,Friday,5
2009-05-09 00:00:00,0.3996666666666666,0.3831606363643062,0.6145999999999999,0.0165060303023604,0.0165060303023604,0,Saturday,5
2009-05-09 01:00:00,0.4242666666666667,0.3694530986113419,0.4276333333333333,0.0548135680553247,0.0548135680553247,1,Saturday,5
2009-05-09 02:00:00,0.4041666666666667,0.3836620408062409,0.3996666666666666,0.0205046258604257,0.0205046258604257,2,Saturday,5
2009-05-09 03:00:00,0.4279666666666666,0.3809065437454741,0.4242666666666667,0.0470601229211924,0.0470601229211924,3,Saturday,5
2009-05-09 04:00:00,0.3922,0.3950922393648016,0.4041666666666667,-0.0028922393648016,0.0028922393648016,4,Saturday,5
2009-05-09 05:00:00,0.4316666666666666,0.6602086583592781,0.4279666666666666,-0.2285419916926115,0.2285419916926115,5,Saturday,5
2009-05-09 06:00:00,1.8678,1.0748651875923054,0.3922,0.7929348124076945,0.7929348124076945,6,Saturday,5
2009-05-09 07:00:00,1.6328333333333334,1.274424563838368,0.4316666666666666,0.3584087694949653,0.3584087694949653,7,Saturday,5
2009-05-09 08:00:00,1.6765,1.617276127259135,1.8678,0.0592238727408651,0.0592238727408651,8,Saturday,5
2009-05-09 09:00:00,0.9985333333333332,1.4959613539999512,1.6328333333333334,-0.497428020666618,0.497428020666618,9,Saturday,5
2009-05-09 10:00:00,1.4562333333333333,1.4906123857204872,1.6765,-0.0343790523871538,0.0343790523871538,10,Saturday,5
2009-05-09 11:00:00,1.2790666666666666,1.2465049909959185,0.9985333333333332,0.0325616756707483,0.0325616756707483,11,Saturday,5
2009-05-09 12:00:00,1.336,1.3913727650668724,1.4562333333333333,-0.0553727650668722,0.0553727650668722,12,Saturday,5
2009-05-09 13:00:00,1.009966666666667,1.2689682377508782,1.2790666666666666,-0.2590015710842113,0.2590015710842113,13,Saturday,5
2009-05-09 14:00:00,0.5671,1.2004840642041332,1.336,-0.6333840642041332,0.6333840642041332,14,Saturday,5
2009-05-09 15:00:00,0.9612,1.1263568818231238,1.009966666666667,-0.1651568818231237,0.1651568818231237,15,Saturday,5
2009-05-09 16:00:00,0.9377666666666666,1.0415062291093942,0.5671,-0.1037395624427275,0.1037395624427275,16,Saturday,5
2009-05-09 17:00:00,0.4869333333333333,1.3194998553472097,0.9612,-0.8325665220138763,0.8325665220138763,17,Saturday,5
2009-05-09 18:00:00,0.6619333333333334,1.6847843429493912,0.9377666666666666,-1.022851009616058,1.022851009616058,18,Saturday,5
2009-05-09 19:00:00,0.9867666666666668,1.4116653720362575,0.4869333333333333,-0.4248987053695907,0.4248987053695907,19,Saturday,5
2009-05-09 20:00:00,1.1690666666666667,1.5251988258149054,0.6619333333333334,-0.3561321591482387,0.3561321591482387,20,Saturday,5
2009-05-09 21:00:00,0.6480333333333334,1.3290476284337105,0.9867666666666668,-0.6810142951003769,0.6810142951003769,21,Saturday,5
2009-05-09 22:00:00,0.4392333333333333,1.0042374286654467,1.1690666666666667,-0.5650040953321134,0.5650040953321134,22,Saturday,5
2009-05-09 23:00:00,1.0627666666666666,0.58922323064457,0.6480333333333334,0.4735434360220966,0.4735434360220966,23,Saturday,5
2009-05-10 00:00:00,0.4258333333333333,0.3724877244661218,0.4392333333333333,0.0533456088672114,0.0533456088672114,0,Sunday,5
2009-05-10 01:00:00,0.4105333333333333,0.4376375220569989,1.0627666666666666,-0.0271041887236656,0.0271041887236656,1,Sunday,5
2009-05-10 02:00:00,0.3558333333333333,0.3862272987928839,0.4258333333333333,-0.0303939654595506,0.0303939654595506,2,Sunday,5
2009-05-10 03:00:00,0.4539,0.3939185407364244,0.4105333333333333,0.0599814592635756,0.0599814592635756,3,Sunday,5
2009-05-10 04:00:00,0.3637666666666667,0.399946706112493,0.3558333333333333,-0.0361800394458263,0.0361800394458263,4,Sunday,5
2009-05-10 05:00:00,0.4555666666666667,0.6945770230164795,0.4539,-0.2390103563498128,0.2390103563498128,5,Sunday,5
2009-05-10 06:00:00,0.5277333333333334,0.7061126906356899,0.3637666666666667,-0.1783793573023565,0.1783793573023565,6,Sunday,5
2009-05-10 07:00:00,0.9251333333333334,0.9294314301107468,0.4555666666666667,-0.0042980967774133,0.0042980967774133,7,Sunday,5
2009-05-10 08:00:00,1.7125666666666668,1.1234492101199098,0.5277333333333334,0.589117456546757,0.589117456546757,8,Sunday,5
2009-05-10 09:00:00,0.8294,1.2316283776798598,0.9251333333333334,-0.4022283776798597,0.4022283776798597,9,Sunday,5
2009-05-10 10:00:00,0.5404,1.4732971906267491,1.7125666666666668,-0.9328971906267493,0.9328971906267493,10,Sunday,5
2009-05-10 11:00:00,1.7259,1.3751859541046592,0.8294,0.3507140458953408,0.3507140458953408,11,Sunday,5
2009-05-10 12:00:00,1.3785666666666667,1.0689115525253672,0.5404,0.3096551141412995,0.3096551141412995,12,Sunday,5
2009-05-10 13:00:00,1.4499666666666668,1.412496353034648,1.7259,0.0374703136320189,0.0374703136320189,13,Sunday,5
2009-05-10 14:00:00,1.8807,1.2315764331300163,1.3785666666666667,0.6491235668699835,0.6491235668699835,14,Sunday,5
2009-05-10 15:00:00,3.720566666666667,1.3083544423806193,1.4499666666666668,2.412212224286048,2.412212224286048,15,Sunday,5
2009-05-10 16:00:00,1.7341333333333333,1.553044699570432,1.8807,0.1810886337629014,0.1810886337629014,16,Sunday,5
2009-05-10 17:00:00,2.2743,2.5660061808314443,3.720566666666667,-0.291706180831444,0.291706180831444,17,Sunday,5
2009-05-10 18:00:00,3.636333333333333,2.1109293978059185,1.7341333333333333,1.5254039355274145,1.5254039355274145,18,Sunday,5
2009-05-10 19:00:00,1.6456333333333333,2.090926330451921,2.2743,-0.4452929971185873,0.4452929971185873,19,Sunday,5
2009-05-10 20:00:00,3.353533333333333,2.675685013588896,3.636333333333333,0.6778483197444372,0.6778483197444372,20,Sunday,5
2009-05-10 21:00:00,1.514,1.558452801526663,1.6456333333333333,-0.0444528015266629,0.0444528015266629,21,Sunday,5
2009-05-10 22:00:00,0.4211333333333333,1.015071634598138,3.353533333333333,-0.5939383012648047,0.5939383012648047,22,Sunday,5
2009-05-10 23:00:00,0.3966333333333333,0.5965345640071212,1.514,-0.1999012306737879,0.1999012306737879,23,Sunday,5
2009-05-11 00:00:00,0.3864666666666666,0.3903813175078253,0.4211333333333333,-0.0039146508411586,0.0039146508411586,0,Monday,5
2009-05-11 01:00:00,0.3855666666666666,0.3825948833976229,0.3966333333333333,0.0029717832690436,0.0029717832690436,1,Monday,5
2009-05-11 02:00:00,0.3544333333333333,0.396334457724385,0.3864666666666666,-0.0419011243910517,0.0419011243910517,2,Monday,5
2009-05-11 03:00:00,0.4006,0.3906517067369489,0.3855666666666666,0.0099482932630511,0.0099482932630511,3,Monday,5
2009-05-11 04:00:00,0.5687,0.4333355857549641,0.3544333333333333,0.1353644142450358,0.1353644142450358,4,Monday,5
2009-05-11 05:00:00,1.3859666666666668,0.9664478773569688,0.4006,0.4195187893096979,0.4195187893096979,5,Monday,5
2009-05-11 06:00:00,1.9092,1.7065453973772338,0.5687,0.2026546026227662,0.2026546026227662,6,Monday,5
2009-05-11 07:00:00,1.5109333333333332,1.5370581712572746,1.3859666666666668,-0.0261248379239413,0.0261248379239413,7,Monday,5
2009-05-11 08:00:00,1.4347333333333334,1.3385044133783968,1.9092,0.0962289199549366,0.0962289199549366,8,Monday,5
2009-05-11 09:00:00,1.4305,1.1435857480419176,1.5109333333333332,0.2869142519580825,0.2869142519580825,9,Monday,5
2009-05-11 10:00:00,1.0195333333333332,1.0671437830053396,1.4347333333333334,-0.0476104496720064,0.0476104496720064,10,Monday,5
2009-05-11 11:00:00,0.3840333333333333,1.0219752652162457,1.4305,-0.6379419318829125,0.6379419318829125,11,Monday,5
2009-05-11 12:00:00,0.3350333333333333,0.873466934022679,1.0195333333333332,-0.5384336006893458,0.5384336006893458,12,Monday,5
2009-05-11 13:00:00,0.3979666666666667,0.7454191338408522,0.3840333333333333,-0.3474524671741855,0.3474524671741855,13,Monday,5
2009-05-11 14:00:00,0.3246333333333333,0.4164950794254126,0.3350333333333333,-0.0918617460920793,0.0918617460920793,14,Monday,5
2009-05-11 15:00:00,0.4001,0.4476901989877322,0.3979666666666667,-0.0475901989877322,0.0475901989877322,15,Monday,5
2009-05-11 16:00:00,0.3816333333333333,0.586927550615775,0.3246333333333333,-0.2052942172824416,0.2052942172824416,16,Monday,5
2009-05-11 17:00:00,0.6649666666666667,0.8047427462503212,0.4001,-0.1397760795836544,0.1397760795836544,17,Monday,5
2009-05-11 18:00:00,1.7266333333333332,1.6216952693467048,0.3816333333333333,0.1049380639866284,0.1049380639866284,18,Monday,5
2009-05-11 19:00:00,2.3970333333333333,1.6771444378531872,0.6649666666666667,0.7198888954801461,0.7198888954801461,19,Monday,5
2009-05-11 20:00:00,3.1672,1.9201914453861997,1.7266333333333332,1.2470085546138003,1.2470085546138003,20,Monday,5
2009-05-11 21:00:00,2.682866666666667,1.56087091294188,2.3970333333333333,1.121995753724787,1.121995753724787,21,Monday,5
2009-05-11 22:00:00,1.2409,0.847274450091508,3.1672,0.3936255499084918,0.3936255499084918,22,Monday,5
2009-05-11 23:00:00,0.4676,0.6514598793832574,2.682866666666667,-0.1838598793832574,0.1838598793832574,23,Monday,5
2009-05-12 00:00:00,0.3759666666666666,0.4102794019078735,1.2409,-0.0343127352412069,0.0343127352412069,0,Tuesday,5
2009-05-12 01:00:00,0.4775666666666666,0.3789593869953737,0.4676,0.0986072796712928,0.0986072796712928,1,Tuesday,5
2009-05-12 02:00:00,0.3741666666666666,0.3931683291902727,0.3759666666666666,-0.0190016625236061,0.0190016625236061,2,Tuesday,5
2009-05-12 03:00:00,0.4646,0.4033744216691586,0.4775666666666666,0.0612255783308414,0.0612255783308414,3,Tuesday,5
2009-05-12 04:00:00,0.7783,0.4243823250412158,0.3741666666666666,0.3539176749587841,0.3539176749587841,4,Tuesday,5
2009-05-12 05:00:00,2.453333333333333,0.9913819126189728,0.4646,1.4619514207143602,1.4619514207143602,5,Tuesday,5
2009-05-12 06:00:00,2.3328,1.7142899917680785,0.7783,0.6185100082319219,0.6185100082319219,6,Tuesday,5
2009-05-12 07:00:00,1.5997333333333332,1.7995200493392611,2.453333333333333,-0.1997867160059279,0.1997867160059279,7,Tuesday,5
2009-05-12 08:00:00,1.4152333333333331,1.4541764187965778,2.3328,-0.0389430854632446,0.0389430854632446,8,Tuesday,5
2009-05-12 09:00:00,1.5336,1.306961492324123,1.5997333333333332,0.226638507675877,0.226638507675877,9,Tuesday,5
2009-05-12 10:00:00,1.4114,1.2103949005927257,1.4152333333333331,0.2010050994072745,0.2010050994072745,10,Tuesday,5
2009-05-12 11:00:00,1.5248666666666668,1.2324069613805555,1.5336,0.2924597052861111,0.2924597052861111,11,Tuesday,5
2009-05-12 12:00:00,0.6196666666666667,1.0937130233171897,1.4114,-0.4740463566505229,0.4740463566505229,12,Tuesday,5
2009-05-12 13:00:00,0.4552,1.355196085066967,1.5248666666666668,-0.8999960850669673,0.8999960850669673,13,Tuesday,5
2009-05-12 14:00:00,0.3771,0.914045659681644,0.6196666666666667,-0.5369456596816439,0.5369456596816439,14,Tuesday,5
2009-05-12 15:00:00,0.4705,0.6389629915954202,0.4552,-0.1684629915954202,0.1684629915954202,15,Tuesday,5
2009-05-12 16:00:00,0.4208666666666666,0.6383349752945903,0.3771,-0.2174683086279236,0.2174683086279236,16,Tuesday,5
2009-05-12 17:00:00,0.5119333333333334,0.8398372667081236,0.4705,-0.3279039333747903,0.3279039333747903,17,Tuesday,5
2009-05-12 18:00:00,0.8451000000000001,1.5553404261137644,0.4208666666666666,-0.7102404261137644,0.7102404261137644,18,Tuesday,5
2009-05-12 19:00:00,2.2192,1.5682910117329094,0.5119333333333334,0.6509089882670904,0.6509089882670904,19,Tuesday,5
2009-05-12 20:00:00,1.4382666666666668,1.6859984519797913,0.8451000000000001,-0.2477317853131244,0.2477317853131244,20,Tuesday,5
2009-05-12 21:00:00,1.8736666666666664,1.6320646967666463,2.2192,0.24160196990002,0.24160196990002,21,Tuesday,5
2009-05-12 22:00:00,2.6586,0.858349498077346,1.4382666666666668,1.8002505019226538,1.8002505019226538,22,Tuesday,5
2009-05-12 23:00:00,0.5110666666666667,0.5983006928464685,1.8736666666666664,-0.0872340261798018,0.0872340261798018,23,Tuesday,5
2009-05-13 00:00:00,0.4382333333333333,0.8851657233227899,2.6586,-0.4469323899894565,0.4469323899894565,0,Wednesday,5
2009-05-13 01:00:00,0.4159666666666666,0.3789593869953737,0.5110666666666667,0.0370072796712928,0.0370072796712928,1,Wednesday,5
2009-05-13 02:00:00,0.4276999999999999,0.3848542735010713,0.4382333333333333,0.0428457264989285,0.0428457264989285,2,Wednesday,5
2009-05-13 03:00:00,0.4271666666666666,0.4038437895372955,0.4159666666666666,0.023322877129371,0.023322877129371,3,Wednesday,5
2009-05-13 04:00:00,0.4231666666666667,0.4144066687890471,0.4276999999999999,0.0087599978776195,0.0087599978776195,4,Wednesday,5
2009-05-13 05:00:00,0.4031,0.9483345241832823,0.4271666666666666,-0.5452345241832824,0.5452345241832824,5,Wednesday,5
2009-05-13 06:00:00,1.0148,1.7633995049690498,0.4231666666666667,-0.7485995049690499,0.7485995049690499,6,Wednesday,5
2009-05-13 07:00:00,1.8349666666666664,1.614132404360933,0.4031,0.2208342623057333,0.2208342623057333,7,Wednesday,5
2009-05-13 08:00:00,1.6656333333333333,1.1368789390880845,1.0148,0.5287543942452488,0.5287543942452488,8,Wednesday,5
2009-05-13 09:00:00,1.7254333333333334,1.4173413574222606,1.8349666666666664,0.3080919759110727,0.3080919759110727,9,Wednesday,5
2009-05-13 10:00:00,1.5031333333333334,1.2820354492935184,1.6656333333333333,0.221097884039815,0.221097884039815,10,Wednesday,5
2009-05-13 11:00:00,0.6644333333333333,1.3081551446155617,1.7254333333333334,-0.6437218112822284,0.6437218112822284,11,Wednesday,5
2009-05-13 12:00:00,0.4196333333333333,1.0943427246942097,1.5031333333333334,-0.6747093913608764,0.6747093913608764,12,Wednesday,5
2009-05-13 13:00:00,0.4171333333333333,0.7428643289494925,0.6644333333333333,-0.3257309956161592,0.3257309956161592,13,Wednesday,5
2009-05-13 14:00:00,0.4058333333333334,0.7762545462623749,0.4196333333333333,-0.3704212129290415,0.3704212129290415,14,Wednesday,5
2009-05-13 15:00:00,0.4408333333333333,0.7173244267469918,0.4171333333333333,-0.2764910934136585,0.2764910934136585,15,Wednesday,5
2009-05-13 16:00:00,0.3800333333333333,0.7474475831122708,0.4058333333333334,-0.3674142497789375,0.3674142497789375,16,Wednesday,5
2009-05-13 17:00:00,0.4598333333333333,0.9591337951445744,0.4408333333333333,-0.4993004618112412,0.4993004618112412,17,Wednesday,5
2009-05-13 18:00:00,0.7288666666666667,1.6506908285838406,0.3800333333333333,-0.921824161917174,0.921824161917174,18,Wednesday,5
2009-05-13 19:00:00,1.0173333333333334,1.6180720305699388,0.4598333333333333,-0.6007386972366053,0.6007386972366053,19,Wednesday,5
2009-05-13 20:00:00,2.3869,1.6431532032665614,0.7288666666666667,0.7437467967334384,0.7437467967334384,20,Wednesday,5
2009-05-13 21:00:00,1.8566333333333327,1.4738155349640971,1.0173333333333334,0.3828177983692353,0.3828177983692353,21,Wednesday,5
2009-05-13 22:00:00,0.8054666666666667,0.9411072432080474,2.3869,-0.1356405765413807,0.1356405765413807,22,Wednesday,5
2009-05-13 23:00:00,0.8802666666666668,0.6210077300559019,1.8566333333333327,0.2592589366107648,0.2592589366107648,23,Wednesday,5
2009-05-14 00:00:00,0.4447666666666666,0.4078972464890429,0.8054666666666667,0.0368694201776236,0.0368694201776236,0,Thursday,5
2009-05-14 01:00:00,0.3826333333333333,0.3944568482370503,0.8802666666666668,-0.011823514903717,0.011823514903717,1,Thursday,5
2009-05-14 02:00:00,0.3133333333333333,0.3862272987928839,0.4447666666666666,-0.0728939654595506,0.0728939654595506,2,Thursday,5
2009-05-14 03:00:00,0.3675333333333333,0.3973721270080436,0.3826333333333333,-0.0298387936747102,0.0298387936747102,3,Thursday,5
2009-05-14 04:00:00,0.3112,0.3745661487549852,0.3133333333333333,-0.0633661487549852,0.0633661487549852,4,Thursday,5
2009-05-14 05:00:00,1.1377333333333333,0.8962952091716891,0.3675333333333333,0.2414381241616441,0.2414381241616441,5,Thursday,5
2009-05-14 06:00:00,1.4606666666666668,1.3976344209205744,0.3112,0.0630322457460923,0.0630322457460923,6,Thursday,5
2009-05-14 07:00:00,1.5868666666666666,1.3713327213380837,1.1377333333333333,0.2155339453285831,0.2155339453285831,7,Thursday,5
2009-05-14 08:00:00,1.3943666666666668,1.2453782214115936,1.4606666666666668,0.1489884452550731,0.1489884452550731,8,Thursday,5
2009-05-14 09:00:00,1.8354,1.1341451497978736,1.5868666666666666,0.7012548502021263,0.7012548502021263,9,Thursday,5
2009-05-14 10:00:00,0.919,1.0266138170466337,1.3943666666666668,-0.1076138170466336,0.1076138170466336,10,Thursday,5
2009-05-14 11:00:00,0.5495,1.2639449023313605,1.8354,-0.7144449023313603,0.7144449023313603,11,Thursday,5
2009-05-14 12:00:00,0.2836666666666667,0.7169348981292408,0.919,-0.4332682314625741,0.4332682314625741,12,Thursday,5
2009-05-14 13:00:00,0.3807333333333333,0.6616336079372269,0.5495,-0.2809002746038936,0.2809002746038936,13,Thursday,5
2009-05-14 14:00:00,0.3014333333333334,0.5422840286393832,0.2836666666666667,-0.2408506953060498,0.2408506953060498,14,Thursday,5
2009-05-14 15:00:00,0.3659,0.6351326934781601,0.3807333333333333,-0.2692326934781601,0.2692326934781601,15,Thursday,5
2009-05-14 16:00:00,0.2933333333333333,0.5604137785364857,0.3014333333333334,-0.2670804452031524,0.2670804452031524,16,Thursday,5
2009-05-14 17:00:00,1.211566666666667,0.9251958302871656,0.3659,0.2863708363795012,0.2863708363795012,17,Thursday,5
2009-05-14 18:00:00,2.477333333333333,1.060763656178696,0.2933333333333333,1.4165696771546372,1.4165696771546372,18,Thursday,5
2009-05-14 19:00:00,3.183666666666667,1.4903064078773451,1.211566666666667,1.6933602587893215,1.6933602587893215,19,Thursday,5
2009-05-14 20:00:00,3.5038666666666667,2.1835610051451315,2.477333333333333,1.3203056615215352,1.3203056615215352,20,Thursday,5
2009-05-14 21:00:00,2.8,1.6500656427207994,3.183666666666667,1.1499343572792005,1.1499343572792005,21,Thursday,5
2009-05-14 22:00:00,0.3983,0.93325576697687,3.5038666666666667,-0.5349557669768701,0.5349557669768701,22,Thursday,5
2009-05-14 23:00:00,0.4093333333333333,0.6674556800724446,2.8,-0.2581223467391113,0.2581223467391113,23,Thursday,5
2009-05-15 00:00:00,0.3851,0.3918858620446327,0.3983,-0.0067858620446327,0.0067858620446327,0,Friday,5
2009-05-15 01:00:00,0.3575333333333333,0.3794287548635106,0.4093333333333333,-0.0218954215301773,0.0218954215301773,1,Friday,5
2009-05-15 02:00:00,0.3655666666666667,0.3931683291902727,0.3851,-0.027601662523606,0.027601662523606,2,Friday,5
2009-05-15 03:00:00,0.3733333333333333,0.4055053901002628,0.3575333333333333,-0.0321720567669295,0.0321720567669295,3,Friday,5
2009-05-15 04:00:00,0.3569,0.4173367115269604,0.3655666666666667,-0.0604367115269603,0.0604367115269603,4,Friday,5
2009-05-15 05:00:00,1.3168666666666666,0.978302428448933,0.3733333333333333,0.3385642382177336,0.3385642382177336,5,Friday,5
2009-05-15 06:00:00,2.0804666666666667,1.7622600685003416,0.3569,0.3182065981663251,0.3182065981663251,6,Friday,5
2009-05-15 07:00:00,2.3221333333333334,1.81665898450664,1.3168666666666666,0.5054743488266933,0.5054743488266933,7,Friday,5
2009-05-15 08:00:00,1.7266333333333332,1.4345958591250323,2.0804666666666667,0.2920374742083009,0.2920374742083009,8,Friday,5
2009-05-15 09:00:00,1.4310333333333332,1.557815472145321,2.3221333333333334,-0.1267821388119878,0.1267821388119878,9,Friday,5
2009-05-15 10:00:00,1.3312333333333333,1.408242881292505,1.7266333333333332,-0.0770095479591717,0.0770095479591717,10,Friday,5
2009-05-15 11:00:00,0.9126666666666666,1.1013368355951223,1.4310333333333332,-0.1886701689284559,0.1886701689284559,11,Friday,5
2009-05-15 12:00:00,0.3054,1.180146324262519,1.3312333333333333,-0.874746324262519,0.874746324262519,12,Friday,5
2009-05-15 13:00:00,0.4005,1.0512631683807496,0.9126666666666666,-0.6507631683807495,0.6507631683807495,13,Friday,5
2009-05-15 14:00:00,0.5358666666666667,0.9317115877757932,0.3054,-0.3958449211091265,0.3958449211091265,14,Friday,5
2009-05-15 15:00:00,0.8128333333333334,1.0048558035617137,0.4005,-0.1920224702283802,0.1920224702283802,15,Friday,5
2009-05-15 16:00:00,1.2492333333333332,0.9276724889243408,0.5358666666666667,0.3215608444089923,0.3215608444089923,16,Friday,5
2009-05-15 17:00:00,1.5736,1.0621688494074857,0.8128333333333334,0.5114311505925144,0.5114311505925144,17,Friday,5
2009-05-15 18:00:00,1.5079,1.6117216718368657,1.2492333333333332,-0.1038216718368656,0.1038216718368656,18,Friday,5
2009-05-15 19:00:00,1.4686333333333332,1.9399353124617928,1.5736,-0.4713019791284596,0.4713019791284596,19,Friday,5
2009-05-15 20:00:00,1.2825333333333333,1.9798013347501648,1.5079,-0.6972680014168313,0.6972680014168313,20,Friday,5
2009-05-15 21:00:00,0.7765666666666667,1.4821347749183909,1.4686333333333332,-0.7055681082517241,0.7055681082517241,21,Friday,5
2009-05-15 22:00:00,0.4219,0.8274380846868451,1.2825333333333333,-0.4055380846868451,0.4055380846868451,22,Friday,5
2009-05-15 23:00:00,0.3246,0.5618596694616048,0.7765666666666667,-0.2372596694616048,0.2372596694616048,23,Friday,5
2009-05-16 00:00:00,0.3997666666666666,0.3738980709948649,0.4219,0.0258685956718016,0.0258685956718016,0,Saturday,5
2009-05-16 01:00:00,0.8938,0.3615871513812264,0.3246,0.5322128486187736,0.5322128486187736,1,Saturday,5
2009-05-16 02:00:00,0.2193333333333333,0.3881070131897639,0.3997666666666666,-0.1687736798564306,0.1687736798564306,2,Saturday,5
2009-05-16 03:00:00,0.2274,0.537854940410724,0.8938,-0.310454940410724,0.310454940410724,3,Saturday,5
2009-05-16 04:00:00,0.2511666666666666,0.4024196786924676,0.2193333333333333,-0.151253012025801,0.151253012025801,4,Saturday,5
2009-05-16 05:00:00,0.2381333333333333,0.5602866928365463,0.2274,-0.322153359503213,0.322153359503213,5,Saturday,5
2009-05-16 06:00:00,0.3493666666666666,0.9309055202455988,0.2511666666666666,-0.5815388535789321,0.5815388535789321,6,Saturday,5
2009-05-16 07:00:00,1.8082,1.3400755979712078,0.2381333333333333,0.4681244020287922,0.4681244020287922,7,Saturday,5
2009-05-16 08:00:00,2.0031000000000003,1.1723933367995336,0.3493666666666666,0.8307066632004667,0.8307066632004667,8,Saturday,5
2009-05-16 09:00:00,1.4827333333333332,1.540736441073893,1.8082,-0.0580031077405598,0.0580031077405598,9,Saturday,5
2009-05-16 10:00:00,2.570966666666666,1.5891821875934091,2.0031000000000003,0.9817844790732568,0.9817844790732568,10,Saturday,5
2009-05-16 11:00:00,2.3591333333333333,1.344850581974059,1.4827333333333332,1.0142827513592745,1.0142827513592745,11,Saturday,5
2009-05-16 12:00:00,1.9409666666666667,1.682321456366073,2.570966666666666,0.2586452103005934,0.2586452103005934,12,Saturday,5
2009-05-16 13:00:00,3.7777,1.774913937742833,2.3591333333333333,2.002786062257167,2.002786062257167,13,Saturday,5
2009-05-16 14:00:00,1.1372666666666666,1.5971905022192574,1.9409666666666667,-0.4599238355525907,0.4599238355525907,14,Saturday,5
2009-05-16 15:00:00,1.1399666666666666,1.6717617908555642,3.7777,-0.5317951241888976,0.5317951241888976,15,Saturday,5
2009-05-16 16:00:00,1.4728,1.3279585725607217,1.1372666666666666,0.1448414274392784,0.1448414274392784,16,Saturday,5
2009-05-16 17:00:00,1.6332666666666666,1.4767581677943946,1.1399666666666666,0.156508498872272,0.156508498872272,17,Saturday,5
2009-05-16 18:00:00,1.7131,1.941108541959112,1.4728,-0.228008541959112,0.228008541959112,18,Saturday,5
2009-05-16 19:00:00,1.9166,2.0630379724668684,1.6332666666666666,-0.1464379724668683,0.1464379724668683,19,Saturday,5
2009-05-16 20:00:00,1.820466666666667,1.92965923394703,1.7131,-0.109192567280363,0.109192567280363,20,Saturday,5
2009-05-16 21:00:00,2.0326666666666666,1.7436378915857005,1.9166,0.2890287750809661,0.2890287750809661,21,Saturday,5
2009-05-16 22:00:00,1.7438,1.3101611587938675,1.820466666666667,0.4336388412061323,0.4336388412061323,22,Saturday,5
2009-05-16 23:00:00,1.2218666666666669,1.083456199707863,2.0326666666666666,0.1384104669588035,0.1384104669588035,23,Saturday,5
2009-05-17 00:00:00,0.3738666666666667,0.9833707502200804,1.7438,-0.6095040835534137,0.6095040835534137,0,Sunday,5
2009-05-17 01:00:00,0.4358666666666667,0.411505854685513,1.2218666666666669,0.0243608119811536,0.0243608119811536,1,Sunday,5
2009-05-17 02:00:00,0.7966666666666666,0.373022106470657,0.3738666666666667,0.4236445601960096,0.4236445601960096,2,Sunday,5
2009-05-17 03:00:00,0.3512,0.3351149221047948,0.4358666666666667,0.0160850778952051,0.0160850778952051,3,Sunday,5
2009-05-17 04:00:00,0.3909666666666666,0.4068757930940538,0.7966666666666666,-0.0159091264273872,0.0159091264273872,4,Sunday,5
2009-05-17 05:00:00,0.3284,0.6447570911784277,0.3512,-0.3163570911784277,0.3163570911784277,5,Sunday,5
2009-05-17 06:00:00,0.3874,0.636561523695259,0.3909666666666666,-0.2491615236952589,0.2491615236952589,6,Sunday,5
2009-05-17 07:00:00,0.8746666666666666,0.7272904599347009,0.3284,0.1473762067319657,0.1473762067319657,7,Sunday,5
2009-05-17 08:00:00,0.7243999999999999,1.3271526855835607,0.3874,-0.6027526855835608,0.6027526855835608,8,Sunday,5
2009-05-17 09:00:00,3.7628,1.3577499298642193,0.8746666666666666,2.405050070135781,2.405050070135781,9,Sunday,5
2009-05-17 10:00:00,2.87,1.4305839792681685,0.7243999999999999,1.4394160207318318,1.4394160207318318,10,Sunday,5
2009-05-17 11:00:00,1.544433333333333,2.0089347513567803,3.7628,-0.4645014180234472,0.4645014180234472,11,Sunday,5
2009-05-17 12:00:00,1.0704,1.8710508403289907,2.87,-0.8006508403289907,0.8006508403289907,12,Sunday,5
2009-05-17 13:00:00,1.4469666666666667,1.3911310527658671,1.544433333333333,0.0558356139007993,0.0558356139007993,13,Sunday,5
2009-05-17 14:00:00,0.5868333333333333,1.181642418108952,1.0704,-0.5948090847756187,0.5948090847756187,14,Sunday,5
2009-05-17 15:00:00,0.4970666666666666,1.2315890278500694,1.4469666666666667,-0.7345223611834029,0.7345223611834029,15,Sunday,5
2009-05-17 16:00:00,0.5798333333333333,1.1872944883544931,0.5868333333333333,-0.6074611550211598,0.6074611550211598,16,Sunday,5
2009-05-17 17:00:00,0.5786333333333334,1.271224056454202,0.4970666666666666,-0.6925907231208687,0.6925907231208687,17,Sunday,5
2009-05-17 18:00:00,1.7633,1.965850279826158,0.5798333333333333,-0.202550279826158,0.202550279826158,18,Sunday,5
2009-05-17 19:00:00,1.8552,1.7791880051343116,0.5786333333333334,0.0760119948656883,0.0760119948656883,19,Sunday,5
2009-05-17 20:00:00,1.5653,2.100990862440873,1.7633,-0.5356908624408729,0.5356908624408729,20,Sunday,5
2009-05-17 21:00:00,1.2207666666666666,1.722902675254851,1.8552,-0.5021360085881845,0.5021360085881845,21,Sunday,5
2009-05-17 22:00:00,0.5025666666666667,0.8896001653033064,1.5653,-0.3870334986366397,0.3870334986366397,22,Sunday,5
2009-05-17 23:00:00,0.3500333333333333,0.4896773876456983,1.2207666666666666,-0.139644054312365,0.139644054312365,23,Sunday,5
2009-05-18 00:00:00,0.3446333333333333,0.3569392347237738,0.5025666666666667,-0.0123059013904405,0.0123059013904405,0,Monday,5
2009-05-18 01:00:00,0.5854,0.3650714039387002,0.3500333333333333,0.2203285960612998,0.2203285960612998,1,Monday,5
2009-05-18 02:00:00,0.6144,0.3788109782654623,0.3446333333333333,0.2355890217345376,0.2355890217345376,2,Monday,5
2009-05-18 03:00:00,0.3109333333333333,0.4056232762382508,0.5854,-0.0946899429049175,0.0946899429049175,3,Monday,5
2009-05-18 04:00:00,0.3283666666666667,0.4222815687749462,0.6144,-0.0939149021082795,0.0939149021082795,4,Monday,5
2009-05-18 05:00:00,0.9644,0.915591111919158,0.3109333333333333,0.0488088880808421,0.0488088880808421,5,Monday,5
2009-05-18 06:00:00,1.860933333333333,1.9234992211269464,0.3283666666666667,-0.0625658877936132,0.0625658877936132,6,Monday,5
2009-05-18 07:00:00,1.4665,1.6174225483365186,0.9644,-0.1509225483365186,0.1509225483365186,7,Monday,5
2009-05-18 08:00:00,1.4581000000000002,1.3047703344253825,1.860933333333333,0.1533296655746179,0.1533296655746179,8,Monday,5
2009-05-18 09:00:00,1.3625666666666667,1.1411661382278424,1.4665,0.2214005284388243,0.2214005284388243,9,Monday,5
2009-05-18 10:00:00,1.2161666666666666,1.29705337481488,1.4581000000000002,-0.0808867081482134,0.0808867081482134,10,Monday,5
2009-05-18 11:00:00,0.3398333333333333,0.9819135222295744,1.3625666666666667,-0.6420801888962412,0.6420801888962412,11,Monday,5
2009-05-18 12:00:00,0.3272333333333333,0.7419832399164561,1.2161666666666666,-0.4147499065831228,0.4147499065831228,12,Monday,5
2009-05-18 13:00:00,0.3061,0.5196210115850544,0.3398333333333333,-0.2135210115850543,0.2135210115850543,13,Monday,5
2009-05-18 14:00:00,0.3509333333333334,0.4763026748085775,0.3272333333333333,-0.1253693414752441,0.1253693414752441,14,Monday,5
2009-05-18 15:00:00,0.3733666666666667,0.463592661135859,0.3061,-0.0902259944691923,0.0902259944691923,15,Monday,5
2009-05-18 16:00:00,0.4170999999999999,0.6247939662392455,0.3509333333333334,-0.2076939662392456,0.2076939662392456,16,Monday,5
2009-05-18 17:00:00,0.4378,0.94883135324875,0.3733666666666667,-0.5110313532487498,0.5110313532487498,17,Monday,5
2009-05-18 18:00:00,0.5727,1.3913370368510514,0.4170999999999999,-0.8186370368510514,0.8186370368510514,18,Monday,5
2009-05-18 19:00:00,2.4866,1.648350727563158,0.4378,0.838249272436842,0.838249272436842,19,Monday,5
2009-05-18 20:00:00,2.107733333333333,1.560718140815251,0.5727,0.547015192518082,0.547015192518082,20,Monday,5
2009-05-18 21:00:00,1.1584333333333334,1.5460718834975755,2.4866,-0.3876385501642423,0.3876385501642423,21,Monday,5
2009-05-18 22:00:00,0.4248333333333333,0.7923097477830552,2.107733333333333,-0.3674764144497219,0.3674764144497219,22,Monday,5
2009-05-18 23:00:00,0.5948666666666667,0.5074612605993655,1.1584333333333334,0.0874054060673011,0.0874054060673011,23,Monday,5
2009-05-19 00:00:00,0.7933333333333333,0.3741493250290891,0.4248333333333333,0.4191840083042442,0.4191840083042442,0,Tuesday,5
2009-05-19 01:00:00,0.3609333333333333,0.3861952622190861,0.5948666666666667,-0.0252619288857528,0.0252619288857528,1,Tuesday,5
2009-05-19 02:00:00,0.3023999999999999,0.4232984213787723,0.7933333333333333,-0.1208984213787724,0.1208984213787724,2,Tuesday,5
2009-05-19 03:00:00,0.3983333333333333,0.4098292341891657,0.3609333333333333,-0.0114959008558324,0.0114959008558324,3,Tuesday,5
2009-05-19 04:00:00,0.2995666666666666,0.3762277493179525,0.3023999999999999,-0.0766610826512859,0.0766610826512859,4,Tuesday,5
2009-05-19 05:00:00,0.8186666666666667,0.90378232796969,0.3983333333333333,-0.0851156613030234,0.0851156613030234,5,Tuesday,5
2009-05-19 06:00:00,1.7623666666666666,1.477267688980215,0.2995666666666666,0.2850989776864516,0.2850989776864516,6,Tuesday,5
2009-05-19 07:00:00,1.5790333333333335,1.404957468286877,0.8186666666666667,0.1740758650464564,0.1740758650464564,7,Tuesday,5
2009-05-19 08:00:00,1.5182666666666669,1.3948562193907472,1.7623666666666666,0.1234104472759196,0.1234104472759196,8,Tuesday,5
2009-05-19 09:00:00,1.415166666666667,1.2003033964630707,1.5790333333333335,0.2148632702035962,0.2148632702035962,9,Tuesday,5
2009-05-19 10:00:00,1.3929333333333331,1.2504068592106217,1.5182666666666669,0.1425264741227114,0.1425264741227114,10,Tuesday,5
2009-05-19 11:00:00,1.2646666666666666,1.0775763469822623,1.415166666666667,0.1870903196844042,0.1870903196844042,11,Tuesday,5
2009-05-19 12:00:00,0.3538333333333333,1.1064536832489766,1.3929333333333331,-0.7526203499156434,0.7526203499156434,12,Tuesday,5
2009-05-19 13:00:00,0.3538333333333333,0.7997836337347016,1.2646666666666666,-0.4459503004013683,0.4459503004013683,13,Tuesday,5
2009-05-19 14:00:00,0.3382,0.679596056487796,0.3538333333333333,-0.341396056487796,0.341396056487796,14,Tuesday,5
2009-05-19 15:00:00,0.3494,0.6581152814977677,0.3538333333333333,-0.3087152814977676,0.3087152814977676,15,Tuesday,5
2009-05-19 16:00:00,0.4261666666666667,0.6734413945122637,0.3382,-0.247274727845597,0.247274727845597,16,Tuesday,5
2009-05-19 17:00:00,2.0618,0.915019765876836,0.3494,1.1467802341231637,1.1467802341231637,17,Tuesday,5
2009-05-19 18:00:00,2.6701,1.113149435419155,0.4261666666666667,1.5569505645808452,1.5569505645808452,18,Tuesday,5
2009-05-19 19:00:00,2.1627,1.7079434515356415,2.0618,0.4547565484643585,0.4547565484643585,19,Tuesday,5
2009-05-19 20:00:00,1.7431333333333332,2.318101256826503,2.6701,-0.5749679234931699,0.5749679234931699,20,Tuesday,5
2009-05-19 21:00:00,2.289733333333333,1.6388764867830854,2.1627,0.6508568465502476,0.6508568465502476,21,Tuesday,5
2009-05-19 22:00:00,1.7063,0.8824621075665383,1.7431333333333332,0.8238378924334616,0.8238378924334616,22,Tuesday,5
2009-05-19 23:00:00,0.6263000000000001,0.5834000573491035,2.289733333333333,0.0428999426508965,0.0428999426508965,23,Tuesday,5
2009-05-20 00:00:00,1.0099,0.6731965512209553,1.7063,0.3367034487790447,0.3367034487790447,0,Wednesday,5
2009-05-20 01:00:00,0.3866333333333333,0.4074964030290684,0.6263000000000001,-0.0208630696957351,0.0208630696957351,1,Wednesday,5
2009-05-20 02:00:00,0.4279333333333334,0.4257857031229626,1.0099,0.0021476302103707,0.0021476302103707,2,Wednesday,5
2009-05-20 03:00:00,0.3342333333333333,0.395999101716231,0.3866333333333333,-0.0617657683828976,0.0617657683828976,3,Wednesday,5
2009-05-20 04:00:00,0.3808333333333333,0.4160682693520144,0.4279333333333334,-0.0352349360186811,0.0352349360186811,4,Wednesday,5
2009-05-20 05:00:00,0.8171666666666667,0.8936766354422663,0.3342333333333333,-0.0765099687755995,0.0765099687755995,5,Wednesday,5
2009-05-20 06:00:00,2.0278,1.7262922551893725,0.3808333333333333,0.3015077448106276,0.3015077448106276,6,Wednesday,5
2009-05-20 07:00:00,1.471833333333333,1.5788200841499949,0.8171666666666667,-0.1069867508166617,0.1069867508166617,7,Wednesday,5
2009-05-20 08:00:00,1.9266333333333328,1.4535400786265056,2.0278,0.4730932547068271,0.4730932547068271,8,Wednesday,5
2009-05-20 09:00:00,1.5362,1.267211948239992,1.471833333333333,0.268988051760008,0.268988051760008,9,Wednesday,5
2009-05-20 10:00:00,1.4403333333333337,1.4203190978268794,1.9266333333333328,0.0200142355064543,0.0200142355064543,10,Wednesday,5
2009-05-20 11:00:00,0.9744666666666666,1.2384497340282206,1.5362,-0.2639830673615539,0.2639830673615539,11,Wednesday,5
2009-05-20 12:00:00,0.3619333333333333,0.944595057694581,1.4403333333333337,-0.5826617243612477,0.5826617243612477,12,Wednesday,5
2009-05-20 13:00:00,0.4565666666666667,0.7757618438650686,0.9744666666666666,-0.3191951771984019,0.3191951771984019,13,Wednesday,5
2009-05-20 14:00:00,0.6088,0.6320984999407149,0.3619333333333333,-0.0232984999407148,0.0232984999407148,14,Wednesday,5
2009-05-20 15:00:00,0.4879666666666666,0.6059838329599906,0.4565666666666667,-0.1180171662933239,0.1180171662933239,15,Wednesday,5
2009-05-20 16:00:00,0.7998666666666666,0.7428223738784123,0.6088,0.0570442927882542,0.0570442927882542,16,Wednesday,5
2009-05-20 17:00:00,0.8388000000000001,0.9065905060894378,0.4879666666666666,-0.0677905060894377,0.0677905060894377,17,Wednesday,5
2009-05-20 18:00:00,0.5396666666666667,1.794609370653935,0.7998666666666666,-1.2549427039872685,1.2549427039872685,18,Wednesday,5
2009-05-20 19:00:00,0.7125,1.699958296732455,0.8388000000000001,-0.9874582967324548,0.9874582967324548,19,Wednesday,5
2009-05-20 20:00:00,2.2063,1.5835829094594511,0.5396666666666667,0.622717090540549,0.622717090540549,20,Wednesday,5
2009-05-20 21:00:00,0.9464333333333332,1.4776253297951754,0.7125,-0.5311919964618421,0.5311919964618421,21,Wednesday,5
2009-05-20 22:00:00,0.4669333333333333,0.9245521622274868,2.2063,-0.4576188288941536,0.4576188288941536,22,Wednesday,5
2009-05-20 23:00:00,0.3996,0.4883074152814387,0.9464333333333332,-0.0887074152814387,0.0887074152814387,23,Wednesday,5
2009-05-21 00:00:00,0.3717666666666667,0.3789561102915117,0.4669333333333333,-0.007189443624845,0.007189443624845,0,Thursday,5
2009-05-21 01:00:00,0.5499333333333334,0.3870758000783482,0.3996,0.1628575332549851,0.1628575332549851,1,Thursday,5
2009-05-21 02:00:00,0.3065,0.3866966666610208,0.3717666666666667,-0.0801966666610208,0.0801966666610208,2,Thursday,5
2009-05-21 03:00:00,0.3883333333333333,0.3931005360715552,0.5499333333333334,-0.0047672027382219,0.0047672027382219,3,Thursday,5
2009-05-21 04:00:00,0.4712666666666666,0.3745661487549852,0.3065,0.0967005179116813,0.0967005179116813,4,Thursday,5
2009-05-21 05:00:00,0.9463333333333334,0.8700863256627563,0.3883333333333333,0.076247007670577,0.076247007670577,5,Thursday,5
2009-05-21 06:00:00,0.4168666666666666,1.5677151159176534,0.4712666666666666,-1.150848449250987,1.150848449250987,6,Thursday,5
2009-05-21 07:00:00,0.4119,1.416698732823073,0.9463333333333334,-1.004798732823073,1.004798732823073,7,Thursday,5
2009-05-21 08:00:00,1.3780666666666666,0.9744836858962596,0.4168666666666666,0.4035829807704069,0.4035829807704069,8,Thursday,5
2009-05-21 09:00:00,1.2536666666666667,0.8910838290137827,0.4119,0.362582837652884,0.362582837652884,9,Thursday,5
2009-05-21 10:00:00,1.8493333333333333,1.1560676054229515,1.3780666666666666,0.6932657279103818,0.6932657279103818,10,Thursday,5
2009-05-21 11:00:00,2.859833333333333,0.8570233294595744,1.2536666666666667,2.0028100038737584,2.0028100038737584,11,Thursday,5
2009-05-21 12:00:00,1.5558333333333332,1.251929559515501,1.8493333333333333,0.3039037738178325,0.3039037738178325,12,Thursday,5
2009-05-21 13:00:00,1.5368333333333333,1.384682530744966,2.859833333333333,0.1521508025883673,0.1521508025883673,13,Thursday,5
2009-05-21 14:00:00,1.7255666666666665,0.993253701139056,1.5558333333333332,0.7323129655276105,0.7323129655276105,14,Thursday,5
2009-05-21 15:00:00,1.6249333333333336,0.9624419312175958,1.5368333333333333,0.6624914021157378,0.6624914021157378,15,Thursday,5
2009-05-21 16:00:00,1.637066666666667,1.1347160324644734,1.7255666666666665,0.5023506342021935,0.5023506342021935,16,Thursday,5
2009-05-21 17:00:00,1.4584333333333332,1.442497721015222,1.6249333333333336,0.0159356123181113,0.0159356123181113,17,Thursday,5
2009-05-21 18:00:00,1.4638,1.9020177411066967,1.637066666666667,-0.4382177411066967,0.4382177411066967,18,Thursday,5
2009-05-21 19:00:00,1.1802333333333332,2.02794437569286,1.4584333333333332,-0.8477110423595269,0.8477110423595269,19,Thursday,5
2009-05-21 20:00:00,1.0065666666666666,1.9066253384657343,1.4638,-0.900058671799068,0.900058671799068,20,Thursday,5
2009-05-21 21:00:00,0.9951333333333332,1.3318691521708614,1.1802333333333332,-0.3367358188375282,0.3367358188375282,21,Thursday,5
2009-05-21 22:00:00,0.4646999999999999,0.7006049739955402,1.0065666666666666,-0.2359049739955403,0.2359049739955403,22,Thursday,5
2009-05-21 23:00:00,0.9248666666666666,0.5168290036674018,0.9951333333333332,0.4080376629992648,0.4080376629992648,23,Thursday,5
2009-05-22 00:00:00,0.4366,0.3789593869953737,0.4646999999999999,0.0576406130046262,0.0576406130046262,0,Friday,5
2009-05-22 01:00:00,0.3479666666666666,0.4215524171802324,0.9248666666666666,-0.0735857505135658,0.0735857505135658,1,Friday,5
2009-05-22 02:00:00,0.4393,0.4054285890374875,0.4366,0.0338714109625125,0.0338714109625125,2,Friday,5
2009-05-22 03:00:00,0.3766333333333333,0.404367495548214,0.3479666666666666,-0.0277341622148806,0.0277341622148806,3,Friday,5
2009-05-22 04:00:00,0.4322333333333333,0.4168673436588235,0.4393,0.0153659896745098,0.0153659896745098,4,Friday,5
2009-05-22 05:00:00,0.8088,0.978302428448933,0.3766333333333333,-0.169502428448933,0.169502428448933,5,Friday,5
2009-05-22 06:00:00,1.6529999999999998,1.84747336623197,0.4322333333333333,-0.1944733662319702,0.1944733662319702,6,Friday,5
2009-05-22 07:00:00,1.5661333333333334,1.3563039233956866,0.8088,0.2098294099376467,0.2098294099376467,7,Friday,5
2009-05-22 08:00:00,1.3983666666666668,1.459508550967198,1.6529999999999998,-0.0611418843005311,0.0611418843005311,8,Friday,5
2009-05-22 09:00:00,0.3830666666666666,1.3344747474244705,1.5661333333333334,-0.9514080807578038,0.9514080807578038,9,Friday,5
2009-05-22 10:00:00,0.4353666666666667,1.2089170702532717,1.3983666666666668,-0.773550403586605,0.773550403586605,10,Friday,5
2009-05-22 11:00:00,1.2241333333333333,0.81433672974954,0.3830666666666666,0.4097966035837933,0.4097966035837933,11,Friday,5
2009-05-22 12:00:00,0.5377666666666666,0.7439438501257634,0.4353666666666667,-0.2061771834590967,0.2061771834590967,12,Friday,5
2009-05-22 13:00:00,0.5062666666666666,0.8433688776619912,1.2241333333333333,-0.3371022109953245,0.3371022109953245,13,Friday,5
2009-05-22 14:00:00,0.7157333333333333,0.7419171676655153,0.5377666666666666,-0.0261838343321819,0.0261838343321819,14,Friday,5
2009-05-22 15:00:00,1.4477666666666666,0.654491943500044,0.5062666666666666,0.7932747231666226,0.7932747231666226,15,Friday,5
2009-05-22 16:00:00,0.9954,0.9549267305613596,0.7157333333333333,0.0404732694386403,0.0404732694386403,16,Friday,5
2009-05-22 17:00:00,0.3617666666666667,1.4824270716256875,1.4477666666666666,-1.120660404959021,1.120660404959021,17,Friday,5
2009-05-22 18:00:00,0.4164333333333333,1.6500881516115606,0.9954,-1.2336548182782274,1.2336548182782274,18,Friday,5
2009-05-22 19:00:00,0.3511666666666667,1.500899368171732,0.3617666666666667,-1.1497327015050651,1.1497327015050651,19,Friday,5
2009-05-22 20:00:00,1.3858333333333337,1.3406897323891425,0.4164333333333333,0.0451436009441912,0.0451436009441912,20,Friday,5
2009-05-22 21:00:00,0.4575333333333333,1.1623296432988512,0.3511666666666667,-0.7047963099655179,0.7047963099655179,21,Friday,5
2009-05-22 22:00:00,0.3113,0.8468307492344411,1.3858333333333337,-0.5355307492344411,0.5355307492344411,22,Friday,5
2009-05-22 23:00:00,0.3812,0.6139179176221249,0.4575333333333333,-0.2327179176221249,0.2327179176221249,23,Friday,5
2009-05-23 00:00:00,0.3664333333333333,0.3803409262197091,0.3113,-0.0139075928863758,0.0139075928863758,0,Saturday,5
2009-05-23 01:00:00,0.3093666666666667,0.3712605233223896,0.3812,-0.0618938566557229,0.0618938566557229,1,Saturday,5
2009-05-23 02:00:00,0.3669333333333334,0.3790113762934194,0.3664333333333333,-0.012078042960086,0.012078042960086,2,Saturday,5
2009-05-23 03:00:00,0.3115,0.3425793304598017,0.3093666666666667,-0.0310793304598017,0.0310793304598017,3,Saturday,5
2009-05-23 04:00:00,0.3659666666666666,0.387864999070669,0.3669333333333334,-0.0218983324040024,0.0218983324040024,4,Saturday,5
2009-05-23 05:00:00,1.3176,0.6670245433526831,0.3115,0.650575456647317,0.650575456647317,5,Saturday,5
2009-05-23 06:00:00,1.6506666666666665,0.9352539463108808,0.3659666666666666,0.7154127203557857,0.7154127203557857,6,Saturday,5
2009-05-23 07:00:00,1.5863666666666667,1.1936496823439473,1.3176,0.3927169843227194,0.3927169843227194,7,Saturday,5
2009-05-23 08:00:00,1.7128666666666668,1.4269284940834956,1.6506666666666665,0.2859381725831711,0.2859381725831711,8,Saturday,5
2009-05-23 09:00:00,1.4991333333333332,1.4386174686758937,1.5863666666666667,0.0605158646574395,0.0605158646574395,9,Saturday,5
2009-05-23 10:00:00,1.6385666666666667,1.4375341508771604,1.7128666666666668,0.2010325157895063,0.2010325157895063,10,Saturday,5
2009-05-23 11:00:00,1.6452,1.4176155019907213,1.4991333333333332,0.2275844980092787,0.2275844980092787,11,Saturday,5
2009-05-23 12:00:00,2.054,1.498822071685796,1.6385666666666667,0.5551779283142038,0.5551779283142038,12,Saturday,5
2009-05-23 13:00:00,0.8991666666666667,1.426774264245323,1.6452,-0.5276075975786563,0.5276075975786563,13,Saturday,5
2009-05-23 14:00:00,0.8759333333333333,1.9149187062898425,2.054,-1.038985372956509,1.038985372956509,14,Saturday,5
2009-05-23 15:00:00,0.4571666666666666,1.261550182589026,0.8991666666666667,-0.8043835159223595,0.8043835159223595,15,Saturday,5
2009-05-23 16:00:00,0.4898666666666667,1.2076688907721944,0.8759333333333333,-0.7178022241055277,0.7178022241055277,16,Saturday,5
2009-05-23 17:00:00,1.616866666666667,1.0354298211160735,0.4571666666666666,0.5814368455505934,0.5814368455505934,17,Saturday,5
2009-05-23 18:00:00,1.9931,1.327338309661683,0.4898666666666667,0.665761690338317,0.665761690338317,18,Saturday,5
2009-05-23 19:00:00,1.6024333333333334,2.1212131676291377,1.616866666666667,-0.5187798342958043,0.5187798342958043,19,Saturday,5
2009-05-23 20:00:00,1.0295999999999998,2.0834950026568104,1.9931,-1.0538950026568106,1.0538950026568106,20,Saturday,5
2009-05-23 21:00:00,0.5254666666666666,1.735741718821321,1.6024333333333334,-1.210275052154654,1.210275052154654,21,Saturday,5
2009-05-23 22:00:00,0.8145666666666667,0.8991994647547269,1.0295999999999998,-0.0846327980880602,0.0846327980880602,22,Saturday,5
2009-05-23 23:00:00,1.3119666666666667,0.6719503537392254,0.5254666666666666,0.6400163129274413,0.6400163129274413,23,Saturday,5
2009-05-24 00:00:00,0.4021,0.4061407145685087,0.8145666666666667,-0.0040407145685087,0.0040407145685087,0,Sunday,5
2009-05-24 01:00:00,0.3472333333333333,0.4878868015958283,1.3119666666666667,-0.140653468262495,0.140653468262495,1,Sunday,5
2009-05-24 02:00:00,0.3618,0.3960926785221333,0.4021,-0.0342926785221333,0.0342926785221333,2,Sunday,5
2009-05-24 03:00:00,0.3689,0.4061261130788013,0.3472333333333333,-0.0372261130788013,0.0372261130788013,3,Sunday,5
2009-05-24 04:00:00,0.318,0.4116261814710903,0.3618,-0.0936261814710903,0.0936261814710903,4,Sunday,5
2009-05-24 05:00:00,0.3653,0.7210750962963286,0.3689,-0.3557750962963286,0.3557750962963286,5,Sunday,5
2009-05-24 06:00:00,0.4526333333333333,0.6959967648820594,0.318,-0.2433634315487261,0.2433634315487261,6,Sunday,5
2009-05-24 07:00:00,0.5111666666666667,0.8165131654561942,0.3653,-0.3053464987895276,0.3053464987895276,7,Sunday,5
2009-05-24 08:00:00,1.5885,1.1428648051199168,0.4526333333333333,0.4456351948800832,0.4456351948800832,8,Sunday,5
2009-05-24 09:00:00,0.8861666666666667,1.1795852726576823,0.5111666666666667,-0.2934186059910156,0.2934186059910156,9,Sunday,5
2009-05-24 10:00:00,0.9395666666666668,1.7919595679838414,1.5885,-0.8523929013171746,0.8523929013171746,10,Sunday,5
2009-05-24 11:00:00,1.3185,1.3589258567350255,0.8861666666666667,-0.0404258567350255,0.0404258567350255,11,Sunday,5
2009-05-24 12:00:00,0.3595666666666667,1.2614171523351654,0.9395666666666668,-0.9018504856684988,0.9018504856684988,12,Sunday,5
2009-05-24 13:00:00,0.5411666666666667,1.1824554269623635,1.3185,-0.6412887602956968,0.6412887602956968,13,Sunday,5
2009-05-24 14:00:00,0.3874333333333333,0.9423600924874952,0.3595666666666667,-0.5549267591541619,0.5549267591541619,14,Sunday,5
2009-05-24 15:00:00,1.1243333333333332,0.9780436464465248,0.5411666666666667,0.1462896868868084,0.1462896868868084,15,Sunday,5
2009-05-24 16:00:00,1.5876,1.2006158203039985,0.3874333333333333,0.3869841796960016,0.3869841796960016,16,Sunday,5
2009-05-24 17:00:00,2.5579666666666667,1.0466342099382018,1.1243333333333332,1.511332456728465,1.511332456728465,17,Sunday,5
2009-05-24 18:00:00,2.3228,1.9085504037723215,1.5876,0.4142495962276782,0.4142495962276782,18,Sunday,5
2009-05-24 19:00:00,1.5863,2.408174387832234,2.5579666666666667,-0.8218743878322341,0.8218743878322341,19,Sunday,5
2009-05-24 20:00:00,0.8246333333333333,2.370187686620301,2.3228,-1.5455543532869678,1.5455543532869678,20,Sunday,5
2009-05-24 21:00:00,0.5593333333333333,1.6189812066629876,1.5863,-1.0596478733296544,1.0596478733296544,21,Sunday,5
2009-05-24 22:00:00,0.4401333333333334,0.8516973287271645,0.8246333333333333,-0.4115639953938311,0.4115639953938311,22,Sunday,5
2009-05-24 23:00:00,0.386,0.6604266017951427,0.5593333333333333,-0.2744266017951426,0.2744266017951426,23,Sunday,5
2009-05-25 00:00:00,0.3209,0.3690008795124486,0.4401333333333334,-0.0481008795124485,0.0481008795124485,0,Monday,5
2009-05-25 01:00:00,0.376,0.3531295278628125,0.386,0.0228704721371875,0.0228704721371875,1,Monday,5
2009-05-25 02:00:00,0.9643,0.3622034304301467,0.3209,0.6020965695698534,0.6020965695698534,2,Monday,5
2009-05-25 03:00:00,0.3706333333333333,0.3763472557772779,0.376,-0.0057139224439446,0.0057139224439446,3,Monday,5
2009-05-25 04:00:00,0.3218666666666667,0.4669288167726915,0.9643,-0.1450621501060248,0.1450621501060248,4,Monday,5
2009-05-25 05:00:00,0.3888333333333333,0.8890806831423191,0.3706333333333333,-0.5002473498089859,0.5002473498089859,5,Monday,5
2009-05-25 06:00:00,1.806266666666667,1.4355232921468433,0.3218666666666667,0.3707433745198236,0.3707433745198236,6,Monday,5
2009-05-25 07:00:00,1.4594,1.2494290390473726,0.3888333333333333,0.2099709609526274,0.2099709609526274,7,Monday,5
2009-05-25 08:00:00,1.4883666666666668,1.332281442625458,1.806266666666667,0.1560852240412087,0.1560852240412087,8,Monday,5
2009-05-25 09:00:00,1.3942666666666668,1.1813194220909993,1.4594,0.2129472445756675,0.2129472445756675,9,Monday,5
2009-05-25 10:00:00,0.7307,1.0615740460343666,1.4883666666666668,-0.3308740460343665,0.3308740460343665,10,Monday,5
2009-05-25 11:00:00,0.8523333333333334,0.965145342384144,1.3942666666666668,-0.1128120090508106,0.1128120090508106,11,Monday,5
2009-05-25 12:00:00,0.8867999999999999,0.6519753081484003,0.7307,0.2348246918515996,0.2348246918515996,12,Monday,5
2009-05-25 13:00:00,0.4362666666666666,0.7015445400791593,0.8523333333333334,-0.2652778734124927,0.2652778734124927,13,Monday,5
2009-05-25 14:00:00,0.5623,0.6790015082905572,0.8867999999999999,-0.1167015082905571,0.1167015082905571,14,Monday,5
2009-05-25 15:00:00,1.1485666666666667,0.6329179008575035,0.4362666666666666,0.5156487658091632,0.5156487658091632,15,Monday,5
2009-05-25 16:00:00,1.8330333333333333,0.61750775300835,0.5623,1.2155255803249831,1.2155255803249831,16,Monday,5
2009-05-25 17:00:00,1.5691,0.921398347095497,1.1485666666666667,0.647701652904503,0.647701652904503,17,Monday,5
2009-05-25 18:00:00,1.0745333333333331,1.9070690964525736,1.8330333333333333,-0.8325357631192405,0.8325357631192405,18,Monday,5
2009-05-25 19:00:00,0.7552,1.878624691464234,1.5691,-1.1234246914642338,1.1234246914642338,19,Monday,5
2009-05-25 20:00:00,2.357066666666667,1.680078612939654,1.0745333333333331,0.676988053727013,0.676988053727013,20,Monday,5
2009-05-25 21:00:00,0.6641333333333334,1.2865797516772013,0.7552,-0.6224464183438679,0.6224464183438679,21,Monday,5
2009-05-25 22:00:00,0.4214,0.9342692063040682,2.357066666666667,-0.5128692063040682,0.5128692063040682,22,Monday,5
2009-05-25 23:00:00,0.3312333333333333,0.5240212459346759,0.6641333333333334,-0.1927879126013426,0.1927879126013426,23,Monday,5
2009-05-26 00:00:00,0.3891666666666667,0.3749989260955108,0.4214,0.0141677405711559,0.0141677405711559,0,Tuesday,5
2009-05-26 01:00:00,0.3921,0.3776959744263813,0.3312333333333333,0.0144040255736186,0.0144040255736186,1,Tuesday,5
2009-05-26 02:00:00,0.3704666666666666,0.3852584132570966,0.3891666666666667,-0.0147917465904299,0.0147917465904299,2,Tuesday,5
2009-05-26 03:00:00,0.3686833333333333,0.4108407289238348,0.3921,-0.0421573955905015,0.0421573955905015,3,Tuesday,5
2009-05-26 04:00:00,0.3344333333333333,0.4076590276952312,0.3704666666666666,-0.0732256943618979,0.0732256943618979,4,Tuesday,5
2009-05-26 05:00:00,0.7648666666666666,0.8975579579405825,0.3686833333333333,-0.1326912912739158,0.1326912912739158,5,Tuesday,5
2009-05-26 06:00:00,1.9688,1.5467289952535428,0.3344333333333333,0.4220710047464573,0.4220710047464573,6,Tuesday,5
2009-05-26 07:00:00,1.6281,1.5408897966382975,0.7648666666666666,0.0872102033617026,0.0872102033617026,7,Tuesday,5
2009-05-26 08:00:00,1.3378333333333332,1.440518293508906,1.9688,-0.1026849601755728,0.1026849601755728,8,Tuesday,5
2009-05-26 09:00:00,1.3357,1.2789490298852408,1.6281,0.0567509701147592,0.0567509701147592,9,Tuesday,5
2009-05-26 10:00:00,1.3612333333333335,1.045903263020013,1.3378333333333332,0.3153300703133208,0.3153300703133208,10,Tuesday,5
2009-05-26 11:00:00,1.3192,0.9873078151141376,1.3357,0.3318921848858622,0.3318921848858622,11,Tuesday,5
2009-05-26 12:00:00,1.3331333333333333,0.9684207895294143,1.3612333333333335,0.3647125438039188,0.3647125438039188,12,Tuesday,5
2009-05-26 13:00:00,0.9561,0.7932230503765104,1.3192,0.1628769496234895,0.1628769496234895,13,Tuesday,5
2009-05-26 14:00:00,0.3232333333333333,0.8298069984187381,1.3331333333333333,-0.5065736650854047,0.5065736650854047,14,Tuesday,5
2009-05-26 15:00:00,0.3445,0.7095286861339981,0.9561,-0.3650286861339981,0.3650286861339981,15,Tuesday,5
2009-05-26 16:00:00,0.3593333333333333,0.505860677111141,0.3232333333333333,-0.1465273437778077,0.1465273437778077,16,Tuesday,5
2009-05-26 17:00:00,0.4009,0.8876712032670576,0.3445,-0.4867712032670576,0.4867712032670576,17,Tuesday,5
2009-05-26 18:00:00,0.5102666666666666,1.4325882680342157,0.3593333333333333,-0.9223216013675488,0.9223216013675488,18,Tuesday,5
2009-05-26 19:00:00,0.5684333333333333,1.2526205282284977,0.4009,-0.6841871948951641,0.6841871948951641,19,Tuesday,5
2009-05-26 20:00:00,1.6520666666666666,1.3285536448137374,0.5102666666666666,0.3235130218529292,0.3235130218529292,20,Tuesday,5
2009-05-26 21:00:00,1.9203666666666663,1.3459723550244214,0.5684333333333333,0.574394311642245,0.574394311642245,21,Tuesday,5
2009-05-26 22:00:00,2.0460666666666665,0.7951104157674247,1.6520666666666666,1.2509562508992418,1.2509562508992418,22,Tuesday,5
2009-05-26 23:00:00,0.9922666666666669,0.6392638013637567,1.9203666666666663,0.3530028653029101,0.3530028653029101,23,Tuesday,5
2009-05-27 00:00:00,0.4338333333333333,0.7601938449421721,2.0460666666666665,-0.3263605116088388,0.3263605116088388,0,Wednesday,5
2009-05-27 01:00:00,0.3509333333333334,0.4039708294611933,0.9922666666666669,-0.0530374961278599,0.0530374961278599,1,Wednesday,5
2009-05-27 02:00:00,0.3388666666666667,0.3771568664355106,0.4338333333333333,-0.0382901997688439,0.0382901997688439,2,Wednesday,5
2009-05-27 03:00:00,0.3477666666666666,0.3904870012245561,0.3509333333333334,-0.0427203345578895,0.0427203345578895,3,Wednesday,5
2009-05-27 04:00:00,0.3155333333333334,0.4093639361655092,0.3388666666666667,-0.0938306028321758,0.0938306028321758,4,Wednesday,5
2009-05-27 05:00:00,0.9208333333333332,0.9516036003432432,0.3477666666666666,-0.0307702670099101,0.0307702670099101,5,Wednesday,5
2009-05-27 06:00:00,1.5746,1.7345989063603386,0.3155333333333334,-0.1599989063603386,0.1599989063603386,6,Wednesday,5
2009-05-27 07:00:00,1.4047333333333334,1.387892710836028,0.9208333333333332,0.0168406224973054,0.0168406224973054,7,Wednesday,5
2009-05-27 08:00:00,1.2469333333333334,1.2490850916450562,1.5746,-0.0021517583117227,0.0021517583117227,8,Wednesday,5
2009-05-27 09:00:00,1.7815333333333332,1.1533634416654517,1.4047333333333334,0.6281698916678817,0.6281698916678817,9,Wednesday,5
2009-05-27 10:00:00,1.491766666666667,1.003722134152467,1.2469333333333334,0.4880445325142,0.4880445325142,10,Wednesday,5
2009-05-27 11:00:00,1.540166666666667,1.3716767476473504,1.7815333333333332,0.1684899190193165,0.1684899190193165,11,Wednesday,5
2009-05-27 12:00:00,1.5429666666666668,1.0202355807601886,1.491766666666667,0.5227310859064782,0.5227310859064782,12,Wednesday,5
2009-05-27 13:00:00,1.0847666666666669,1.0485664271060315,1.540166666666667,0.0362002395606353,0.0362002395606353,13,Wednesday,5
2009-05-27 14:00:00,0.5176333333333333,1.0615730460195252,1.5429666666666668,-0.5439397126861919,0.5439397126861919,14,Wednesday,5
2009-05-27 15:00:00,1.6238666666666668,0.7553777928545345,1.0847666666666669,0.8684888738121322,0.8684888738121322,15,Wednesday,5
2009-05-27 16:00:00,0.6036,0.755060711706183,0.5176333333333333,-0.151460711706183,0.151460711706183,16,Wednesday,5
2009-05-27 17:00:00,0.5052,1.5345608077180035,1.6238666666666668,-1.0293608077180036,1.0293608077180036,17,Wednesday,5
2009-05-27 18:00:00,0.7092333333333334,1.6347283894338307,0.6036,-0.9254950561004972,0.9254950561004972,18,Wednesday,5
2009-05-27 19:00:00,1.0870333333333333,1.4711042638952485,0.5052,-0.384070930561915,0.384070930561915,19,Wednesday,5
2009-05-27 20:00:00,2.9227,1.688750926993647,0.7092333333333334,1.233949073006353,1.233949073006353,20,Wednesday,5
2009-05-27 21:00:00,1.8560666666666668,1.49822714910749,1.0870333333333333,0.3578395175591768,0.3578395175591768,21,Wednesday,5
2009-05-27 22:00:00,0.5453666666666667,0.9113958583135704,2.9227,-0.3660291916469037,0.3660291916469037,22,Wednesday,5
2009-05-27 23:00:00,0.4360333333333333,0.5886411318061067,1.8560666666666668,-0.1526077984727734,0.1526077984727734,23,Wednesday,5
2009-05-28 00:00:00,0.3056333333333333,0.3888770198770378,0.5453666666666667,-0.0832436865437045,0.0832436865437045,0,Thursday,5
2009-05-28 01:00:00,0.4250666666666667,0.380222135764267,0.4360333333333333,0.0448445309023996,0.0448445309023996,1,Thursday,5
2009-05-28 02:00:00,0.3006,0.3691188495193476,0.3056333333333333,-0.0685188495193476,0.0685188495193476,2,Thursday,5
2009-05-28 03:00:00,0.3454333333333333,0.4046371704380519,0.4250666666666667,-0.0592038371047186,0.0592038371047186,3,Thursday,5
2009-05-28 04:00:00,0.3591333333333333,0.386769330124501,0.3006,-0.0276359967911676,0.0276359967911676,4,Thursday,5
2009-05-28 05:00:00,1.166,0.95266378096254,0.3454333333333333,0.21333621903746,0.21333621903746,5,Thursday,5
2009-05-28 06:00:00,1.7241666666666666,1.753682210973276,0.3591333333333333,-0.0295155443066092,0.0295155443066092,6,Thursday,5
2009-05-28 07:00:00,1.3994666666666666,1.4862739301313797,1.166,-0.086807263464713,0.086807263464713,7,Thursday,5
2009-05-28 08:00:00,1.2615333333333334,1.274468032700143,1.7241666666666666,-0.0129346993668095,0.0129346993668095,8,Thursday,5
2009-05-28 09:00:00,1.3157,1.044799758866901,1.3994666666666666,0.2709002411330994,0.2709002411330994,9,Thursday,5
2009-05-28 10:00:00,1.2408,0.9030164562433958,1.2615333333333334,0.3377835437566041,0.3377835437566041,10,Thursday,5
2009-05-28 11:00:00,0.3294666666666667,0.9508329800609882,1.3157,-0.6213663133943215,0.6213663133943215,11,Thursday,5
2009-05-28 12:00:00,0.3402666666666666,0.9510603231929896,1.2408,-0.6107936565263229,0.6107936565263229,12,Thursday,5
2009-05-28 13:00:00,0.3009,0.6439120938462672,0.3294666666666667,-0.3430120938462672,0.3430120938462672,13,Thursday,5
2009-05-28 14:00:00,0.2704333333333333,0.6453475334456552,0.3402666666666666,-0.3749142001123219,0.3749142001123219,14,Thursday,5
2009-05-28 15:00:00,0.3685666666666666,0.5672831084822123,0.3009,-0.1987164418155457,0.1987164418155457,15,Thursday,5
2009-05-28 16:00:00,0.2937,0.5655019646815983,0.2704333333333333,-0.2718019646815983,0.2718019646815983,16,Thursday,5
2009-05-28 17:00:00,0.3904666666666667,1.0029319424022387,0.3685666666666666,-0.612465275735572,0.612465275735572,17,Thursday,5
2009-05-28 18:00:00,2.6585666666666667,1.30029575846949,0.2937,1.3582709081971769,1.3582709081971769,18,Thursday,5
2009-05-28 19:00:00,1.1520666666666666,1.4918620530055782,0.3904666666666667,-0.3397953863389116,0.3397953863389116,19,Thursday,5
2009-05-28 20:00:00,1.8589,2.1295648180272737,2.6585666666666667,-0.2706648180272737,0.2706648180272737,20,Thursday,5
2009-05-28 21:00:00,1.1086333333333334,1.347141600463527,1.1520666666666666,-0.2385082671301936,0.2385082671301936,21,Thursday,5
2009-05-28 22:00:00,0.3107333333333333,0.85555477576332,1.8589,-0.5448214424299866,0.5448214424299866,22,Thursday,5
2009-05-28 23:00:00,0.3770666666666666,0.5044538997946778,1.1086333333333334,-0.1273872331280112,0.1273872331280112,23,Thursday,5
2009-05-29 00:00:00,0.3658666666666666,0.3545517700151897,0.3107333333333333,0.0113148966514768,0.0113148966514768,0,Friday,5
2009-05-29 01:00:00,0.3707666666666666,0.3702252357923866,0.3770666666666666,0.0005414308742799,0.0005414308742799,1,Friday,5
2009-05-29 02:00:00,0.3030333333333334,0.3734967748593814,0.3658666666666666,-0.070463441526048,0.070463441526048,2,Friday,5
2009-05-29 03:00:00,0.3768333333333333,0.3715156121378329,0.3707666666666666,0.0053177211955003,0.0053177211955003,3,Friday,5
2009-05-29 04:00:00,0.3087666666666667,0.3677159781586868,0.3030333333333334,-0.05894931149202,0.05894931149202,4,Friday,5
2009-05-29 05:00:00,1.4279333333333333,0.8706640619613817,0.3768333333333333,0.5572692713719516,0.5572692713719516,5,Friday,5
2009-05-29 06:00:00,1.6512666666666669,1.5305125828139352,0.3087666666666667,0.1207540838527316,0.1207540838527316,6,Friday,5
2009-05-29 07:00:00,1.4756333333333334,1.4039483822911247,1.4279333333333333,0.0716849510422086,0.0716849510422086,7,Friday,5
2009-05-29 08:00:00,1.3949,1.2672085735372094,1.6512666666666669,0.1276914264627906,0.1276914264627906,8,Friday,5
2009-05-29 09:00:00,1.4601333333333335,1.0860144151307043,1.4756333333333334,0.3741189182026292,0.3741189182026292,9,Friday,5
2009-05-29 10:00:00,1.3564666666666667,1.0491141991981408,1.3949,0.3073524674685259,0.3073524674685259,10,Friday,5
2009-05-29 11:00:00,0.8568666666666667,0.9928024726861464,1.4601333333333335,-0.1359358060194797,0.1359358060194797,11,Friday,5
2009-05-29 12:00:00,0.3058333333333333,0.9237417388409964,1.3564666666666667,-0.6179084055076632,0.6179084055076632,12,Friday,5
2009-05-29 13:00:00,0.4941666666666666,0.7832283416252841,0.8568666666666667,-0.2890616749586175,0.2890616749586175,13,Friday,5
2009-05-29 14:00:00,0.3334,0.5805226592303768,0.3058333333333333,-0.2471226592303768,0.2471226592303768,14,Friday,5
2009-05-29 15:00:00,0.4740666666666666,0.7605904475048008,0.4941666666666666,-0.2865237808381342,0.2865237808381342,15,Friday,5
2009-05-29 16:00:00,1.3109333333333333,0.7673347477999131,0.3334,0.5435985855334202,0.5435985855334202,16,Friday,5
2009-05-29 17:00:00,0.6603333333333333,0.9087887094458758,0.4740666666666666,-0.2484553761125424,0.2484553761125424,17,Friday,5
2009-05-29 18:00:00,0.3553333333333333,1.4667327671635058,1.3109333333333333,-1.1113994338301725,1.1113994338301725,18,Friday,5
2009-05-29 19:00:00,0.6720666666666666,1.4876387261173785,0.6603333333333333,-0.8155720594507119,0.8155720594507119,19,Friday,5
2009-05-29 20:00:00,1.9504333333333328,1.1744650143932052,0.3553333333333333,0.7759683189401276,0.7759683189401276,20,Friday,5
2009-05-29 21:00:00,1.8135,1.3158521660401157,0.6720666666666666,0.4976478339598844,0.4976478339598844,21,Friday,5
2009-05-29 22:00:00,0.6184999999999999,0.8590533767709437,1.9504333333333328,-0.2405533767709438,0.2405533767709438,22,Friday,5
2009-05-29 23:00:00,0.397,0.6565290435656211,1.8135,-0.2595290435656211,0.2595290435656211,23,Friday,5
2009-05-30 00:00:00,0.419,0.3861825185927371,0.6184999999999999,0.0328174814072628,0.0328174814072628,0,Saturday,5
2009-05-30 01:00:00,0.5366333333333333,0.3729443487079097,0.397,0.1636889846254235,0.1636889846254235,1,Saturday,5
2009-05-30 02:00:00,0.4336666666666666,0.3778774883378717,0.419,0.0557891783287948,0.0557891783287948,2,Saturday,5
2009-05-30 03:00:00,0.4603666666666666,0.3909096985688294,0.5366333333333333,0.0694569680978371,0.0694569680978371,3,Saturday,5
2009-05-30 04:00:00,1.1032333333333333,0.4039594793170009,0.4336666666666666,0.6992738540163324,0.6992738540163324,4,Saturday,5
2009-05-30 05:00:00,0.4015666666666667,0.6958397717853728,0.4603666666666666,-0.2942731051187061,0.2942731051187061,5,Saturday,5
2009-05-30 06:00:00,0.6618666666666667,1.186933377494086,1.1032333333333333,-0.5250667108274193,0.5250667108274193,6,Saturday,5
2009-05-30 07:00:00,1.8211333333333333,1.2299897514735405,0.4015666666666667,0.591143581859793,0.591143581859793,7,Saturday,5
2009-05-30 08:00:00,1.844,1.1294790035651237,0.6618666666666667,0.7145209964348764,0.7145209964348764,8,Saturday,5
2009-05-30 09:00:00,0.8513666666666667,1.4708830438426292,1.8211333333333333,-0.6195163771759625,0.6195163771759625,9,Saturday,5
2009-05-30 10:00:00,0.5414666666666667,1.464671673953999,1.844,-0.9232050072873328,0.9232050072873328,10,Saturday,5
2009-05-30 11:00:00,1.2224333333333337,1.12321074934883,0.8513666666666667,0.0992225839845037,0.0992225839845037,11,Saturday,5
2009-05-30 12:00:00,1.6922,1.000370899327425,0.5414666666666667,0.691829100672575,0.691829100672575,12,Saturday,5
2009-05-30 13:00:00,1.2967666666666666,1.0861784578346176,1.2224333333333337,0.2105882088320489,0.2105882088320489,13,Saturday,5
2009-05-30 14:00:00,0.9534,1.2553889379326768,1.6922,-0.3019889379326768,0.3019889379326768,14,Saturday,5
2009-05-30 15:00:00,1.7095333333333331,1.0526203909382097,1.2967666666666666,0.6569129423951234,0.6569129423951234,15,Saturday,5
2009-05-30 16:00:00,1.7878,1.2043508601645851,0.9534,0.5834491398354149,0.5834491398354149,16,Saturday,5
2009-05-30 17:00:00,1.8369666666666664,1.8036657333772592,1.7095333333333331,0.0333009332894072,0.0333009332894072,17,Saturday,5
2009-05-30 18:00:00,1.4631666666666667,2.15362110719729,1.7878,-0.6904544405306232,0.6904544405306232,18,Saturday,5
2009-05-30 19:00:00,1.6606333333333334,2.1814394655584626,1.8369666666666664,-0.5208061322251292,0.5208061322251292,19,Saturday,5
2009-05-30 20:00:00,0.6753,1.934859066068204,1.4631666666666667,-1.2595590660682037,1.2595590660682037,20,Saturday,5
2009-05-30 21:00:00,1.9505333333333328,1.5340746179107234,1.6606333333333334,0.4164587154226093,0.4164587154226093,21,Saturday,5
2009-05-30 22:00:00,1.9317333333333333,0.8968856448573149,0.6753,1.0348476884760185,1.0348476884760185,22,Saturday,5
2009-05-30 23:00:00,1.0521666666666667,0.950495227687886,1.9505333333333328,0.1016714389787808,0.1016714389787808,23,Saturday,5
2009-05-31 00:00:00,0.3571999999999999,1.100522776099239,1.9317333333333333,-0.7433227760992391,0.7433227760992391,0,Sunday,5
2009-05-31 01:00:00,0.2821666666666667,0.4783805132117966,1.0521666666666667,-0.1962138465451299,0.1962138465451299,1,Sunday,5
2009-05-31 02:00:00,0.2430333333333333,0.3981781233014044,0.3571999999999999,-0.1551447899680711,0.1551447899680711,2,Sunday,5
2009-05-31 03:00:00,0.3044666666666666,0.365172834647752,0.2821666666666667,-0.0607061679810854,0.0607061679810854,3,Sunday,5
2009-05-31 04:00:00,0.8436666666666667,0.3511783308678685,0.2430333333333333,0.4924883357987981,0.4924883357987981,4,Sunday,5
2009-05-31 05:00:00,0.2824333333333333,0.6020154915794105,0.3044666666666666,-0.3195821582460771,0.3195821582460771,5,Sunday,5
2009-05-31 06:00:00,0.5378333333333334,0.794049572497245,0.8436666666666667,-0.2562162391639115,0.2562162391639115,6,Sunday,5
2009-05-31 07:00:00,0.2944,0.6605374504452816,0.2824333333333333,-0.3661374504452815,0.3661374504452815,7,Sunday,5
2009-05-31 08:00:00,0.4246666666666667,1.1201161474673549,0.5378333333333334,-0.6954494808006881,0.6954494808006881,8,Sunday,5
2009-05-31 09:00:00,1.2716333333333334,0.8790819946187265,0.2944,0.3925513387146069,0.3925513387146069,9,Sunday,5
2009-05-31 10:00:00,1.2870666666666668,1.1815497586631905,0.4246666666666667,0.1055169080034763,0.1055169080034763,10,Sunday,5
2009-05-31 11:00:00,0.4067666666666666,1.2553472657741482,1.2716333333333334,-0.8485805991074816,0.8485805991074816,11,Sunday,5
2009-05-31 12:00:00,0.2772333333333333,1.2724689022714244,1.2870666666666668,-0.9952355689380912,0.9952355689380912,12,Sunday,5
2009-05-31 13:00:00,0.2460333333333333,1.152689380733344,0.4067666666666666,-0.9066560474000108,0.9066560474000108,13,Sunday,5
2009-05-31 14:00:00,0.2888333333333333,0.6533029556528104,0.2772333333333333,-0.3644696223194771,0.3644696223194771,14,Sunday,5
2009-05-31 15:00:00,0.2281666666666666,0.7021271027543781,0.2460333333333333,-0.4739604360877114,0.4739604360877114,15,Sunday,5
2009-05-31 16:00:00,0.2857333333333333,0.7365954207528792,0.2888333333333333,-0.4508620874195459,0.4508620874195459,16,Sunday,5
2009-05-31 17:00:00,0.3046666666666667,0.7634540142784261,0.2281666666666666,-0.4587873476117594,0.4587873476117594,17,Sunday,5
2009-05-31 18:00:00,0.3648666666666667,1.1468258675110865,0.2857333333333333,-0.7819592008444196,0.7819592008444196,18,Sunday,5
2009-05-31 19:00:00,1.1382,1.1376386024392997,0.3046666666666667,0.0005613975607003,0.0005613975607003,19,Sunday,5
2009-05-31 20:00:00,1.8149,1.3635923033650967,0.3648666666666667,0.4513076966349032,0.4513076966349032,20,Sunday,5
2009-05-31 21:00:00,2.070133333333333,1.0368642629353952,1.1382,1.033269070397938,1.033269070397938,21,Sunday,5
2009-05-31 22:00:00,1.3419,0.962476738263451,1.8149,0.379423261736549,0.379423261736549,22,Sunday,5
2009-05-31 23:00:00,0.3271,0.8039409674076247,2.070133333333333,-0.4768409674076246,0.4768409674076246,23,Sunday,5
2009-06-01 00:00:00,0.2043333333333333,0.3686125607857397,1.3419,-0.1642792274524064,0.1642792274524064,0,Monday,6
2009-06-01 01:00:00,0.3053,0.3480044334399443,0.3271,-0.0427044334399442,0.0427044334399442,1,Monday,6
2009-06-01 02:00:00,0.2740333333333333,0.3218109805493192,0.2043333333333333,-0.0477776472159859,0.0477776472159859,2,Monday,6
2009-06-01 03:00:00,0.2224666666666666,0.3232672612648021,0.3053,-0.1008005945981355,0.1008005945981355,3,Monday,6
2009-06-01 04:00:00,0.2816666666666666,0.3573044104255258,0.2740333333333333,-0.0756377437588592,0.0756377437588592,4,Monday,6
2009-06-01 05:00:00,0.2324666666666666,0.7616254143550065,0.2224666666666666,-0.5291587476883399,0.5291587476883399,5,Monday,6
2009-06-01 06:00:00,0.2737333333333333,0.7520821124918734,0.2816666666666666,-0.4783487791585401,0.4783487791585401,6,Monday,6
2009-06-01 07:00:00,0.8657333333333334,0.8867732485371399,0.2324666666666666,-0.0210399152038065,0.0210399152038065,7,Monday,6
2009-06-01 08:00:00,0.8830333333333333,0.5999449810050717,0.2737333333333333,0.2830883523282617,0.2830883523282617,8,Monday,6
2009-06-01 09:00:00,1.0641666666666667,0.7056829599773214,0.8657333333333334,0.3584837066893452,0.3584837066893452,9,Monday,6
2009-06-01 10:00:00,2.2494,0.739133572851716,0.8830333333333333,1.510266427148284,1.510266427148284,10,Monday,6
2009-06-01 11:00:00,2.5116333333333336,0.6975113118522202,1.0641666666666667,1.8141220214811136,1.8141220214811136,11,Monday,6
2009-06-01 12:00:00,1.8273,1.2502933454024183,2.2494,0.5770066545975814,0.5770066545975814,12,Monday,6
2009-06-01 13:00:00,1.743866666666667,1.2838572946728246,2.5116333333333336,0.4600093719938423,0.4600093719938423,13,Monday,6
2009-06-01 14:00:00,1.9237,1.1745217291130647,1.8273,0.7491782708869352,0.7491782708869352,14,Monday,6
2009-06-01 15:00:00,1.5166,1.1823038880989163,1.743866666666667,0.3342961119010836,0.3342961119010836,15,Monday,6
2009-06-01 16:00:00,0.4730999999999999,1.1795066746702072,1.9237,-0.7064066746702073,0.7064066746702073,16,Monday,6
2009-06-01 17:00:00,0.4734333333333333,1.3507578377078158,1.5166,-0.8773245043744824,0.8773245043744824,17,Monday,6
2009-06-01 18:00:00,0.8380333333333334,1.386748151704443,0.4730999999999999,-0.5487148183711097,0.5487148183711097,18,Monday,6
2009-06-01 19:00:00,1.8863,1.255607651898314,0.4734333333333333,0.6306923481016862,0.6306923481016862,19,Monday,6
2009-06-01 20:00:00,2.1395666666666666,1.4817097723877262,0.8380333333333334,0.6578568942789405,0.6578568942789405,20,Monday,6
2009-06-01 21:00:00,1.1979666666666666,1.4970807182945354,1.8863,-0.2991140516278687,0.2991140516278687,21,Monday,6
2009-06-01 22:00:00,0.3394,0.8084324854733042,2.1395666666666666,-0.4690324854733042,0.4690324854733042,22,Monday,6
2009-06-01 23:00:00,0.3809666666666667,0.40794904810451,1.1979666666666666,-0.0269823814378433,0.0269823814378433,23,Monday,6
2009-06-02 00:00:00,0.3327333333333333,0.4025202353047171,0.3394,-0.0697869019713837,0.0697869019713837,0,Tuesday,6
2009-06-02 01:00:00,0.3372333333333333,0.3725822571211216,0.3809666666666667,-0.0353489237877883,0.0353489237877883,1,Tuesday,6
2009-06-02 02:00:00,0.3269666666666666,0.3344406798532524,0.3327333333333333,-0.0074740131865858,0.0074740131865858,2,Tuesday,6
2009-06-02 03:00:00,0.3857333333333333,0.327483953365766,0.3372333333333333,0.0582493799675672,0.0582493799675672,3,Tuesday,6
2009-06-02 04:00:00,0.4259333333333333,0.3276482341337915,0.3269666666666666,0.0982850991995417,0.0982850991995417,4,Tuesday,6
2009-06-02 05:00:00,0.9917666666666668,0.8668104713092204,0.3857333333333333,0.1249561953574464,0.1249561953574464,5,Tuesday,6
2009-06-02 06:00:00,1.5009666666666668,1.4261017381481644,0.4259333333333333,0.0748649285185023,0.0748649285185023,6,Tuesday,6
2009-06-02 07:00:00,1.6642666666666666,1.3156678075180983,0.9917666666666668,0.348598859148568,0.348598859148568,7,Tuesday,6
2009-06-02 08:00:00,1.4819666666666669,1.2887541505126172,1.5009666666666668,0.1932125161540496,0.1932125161540496,8,Tuesday,6
2009-06-02 09:00:00,1.0420333333333334,1.14218562316479,1.6642666666666666,-0.1001522898314566,0.1001522898314566,9,Tuesday,6
2009-06-02 10:00:00,0.5281333333333333,1.084502711972349,1.4819666666666669,-0.5563693786390156,0.5563693786390156,10,Tuesday,6
2009-06-02 11:00:00,0.3672333333333333,0.9129747310996849,1.0420333333333334,-0.5457413977663514,0.5457413977663514,11,Tuesday,6
2009-06-02 12:00:00,0.2839333333333333,0.7198261467856704,0.5281333333333333,-0.435892813452337,0.435892813452337,12,Tuesday,6
2009-06-02 13:00:00,0.3799333333333333,0.7011801468623607,0.3672333333333333,-0.3212468135290274,0.3212468135290274,13,Tuesday,6
2009-06-02 14:00:00,0.3273999999999999,0.5060350515860191,0.2839333333333333,-0.1786350515860192,0.1786350515860192,14,Tuesday,6
2009-06-02 15:00:00,0.3357333333333333,0.5503395511964794,0.3799333333333333,-0.2146062178631461,0.2146062178631461,15,Tuesday,6
2009-06-02 16:00:00,0.3998,0.5233248080694731,0.3273999999999999,-0.1235248080694731,0.1235248080694731,16,Tuesday,6
2009-06-02 17:00:00,0.8444666666666667,0.9095639077939072,0.3357333333333333,-0.0650972411272403,0.0650972411272403,17,Tuesday,6
2009-06-02 18:00:00,1.1415333333333335,1.1490100450625391,0.3998,-0.0074767117292058,0.0074767117292058,18,Tuesday,6
2009-06-02 19:00:00,1.1405666666666667,1.2923146027740078,0.8444666666666667,-0.151747936107341,0.151747936107341,19,Tuesday,6
2009-06-02 20:00:00,1.5222,1.5573225169846834,1.1415333333333335,-0.0351225169846833,0.0351225169846833,20,Tuesday,6
2009-06-02 21:00:00,1.3995333333333333,1.4656582436386585,1.1405666666666667,-0.0661249103053249,0.0661249103053249,21,Tuesday,6
2009-06-02 22:00:00,0.6362666666666666,0.7580785622050782,1.5222,-0.1218118955384115,0.1218118955384115,22,Tuesday,6
2009-06-02 23:00:00,0.3023999999999999,0.5496620030876284,1.3995333333333333,-0.2472620030876284,0.2472620030876284,23,Tuesday,6
2009-06-03 00:00:00,0.3943,0.3758130837585145,0.6362666666666666,0.0184869162414854,0.0184869162414854,0,Wednesday,6
2009-06-03 01:00:00,0.3423,0.3582664735116053,0.3023999999999999,-0.0159664735116052,0.0159664735116052,1,Wednesday,6
2009-06-03 02:00:00,0.3934666666666667,0.3734967748593814,0.3943,0.0199698918072853,0.0199698918072853,2,Wednesday,6
2009-06-03 03:00:00,0.6446333333333333,0.3809637353306213,0.3423,0.263669598002712,0.263669598002712,3,Wednesday,6
2009-06-03 04:00:00,0.6025333333333334,0.3894641812379971,0.3934666666666667,0.2130691520953362,0.2130691520953362,4,Wednesday,6
2009-06-03 05:00:00,0.7294333333333333,0.8348290723583349,0.6446333333333333,-0.1053957390250016,0.1053957390250016,5,Wednesday,6
2009-06-03 06:00:00,1.9604666666666664,1.4415699049502062,0.6025333333333334,0.5188967617164602,0.5188967617164602,6,Wednesday,6
2009-06-03 07:00:00,2.0583666666666667,1.4549059770245325,0.7294333333333333,0.6034606896421342,0.6034606896421342,7,Wednesday,6
2009-06-03 08:00:00,1.9216666666666664,1.3657738671001045,1.9604666666666664,0.5558927995665619,0.5558927995665619,8,Wednesday,6
2009-06-03 09:00:00,1.3274333333333332,1.2653864609712642,2.0583666666666667,0.062046872362069,0.062046872362069,9,Wednesday,6
2009-06-03 10:00:00,1.8051,1.3321218736226297,1.9216666666666664,0.4729781263773702,0.4729781263773702,10,Wednesday,6
2009-06-03 11:00:00,1.5524,0.8597580950594262,1.3274333333333332,0.6926419049405738,0.6926419049405738,11,Wednesday,6
2009-06-03 12:00:00,1.5868666666666666,1.3092500534782563,1.8051,0.2776166131884101,0.2776166131884101,12,Wednesday,6
2009-06-03 13:00:00,0.9026,1.0327889974919324,1.5524,-0.1301889974919324,0.1301889974919324,13,Wednesday,6
2009-06-03 14:00:00,0.4275333333333334,1.0143838742063152,1.5868666666666666,-0.5868505408729818,0.5868505408729818,14,Wednesday,6
2009-06-03 15:00:00,0.4253333333333333,0.6743725935634551,0.9026,-0.2490392602301218,0.2490392602301218,15,Wednesday,6
2009-06-03 16:00:00,0.5891666666666667,0.7343850405049335,0.4275333333333334,-0.1452183738382667,0.1452183738382667,16,Wednesday,6
2009-06-03 17:00:00,0.5495,1.030724035504512,0.4253333333333333,-0.481224035504512,0.481224035504512,17,Wednesday,6
2009-06-03 18:00:00,0.4028666666666666,1.4434520563485698,0.5891666666666667,-1.0405853896819033,1.0405853896819033,18,Wednesday,6
2009-06-03 19:00:00,0.6936666666666668,1.49514916489797,0.5495,-0.8014824982313032,0.8014824982313032,19,Wednesday,6
2009-06-03 20:00:00,1.9101333333333328,1.4838299350564388,0.4028666666666666,0.426303398276894,0.426303398276894,20,Wednesday,6
2009-06-03 21:00:00,0.6918000000000001,1.261019246508367,0.6936666666666668,-0.5692192465083669,0.5692192465083669,21,Wednesday,6
2009-06-03 22:00:00,0.3956666666666666,0.8167066076002512,1.9101333333333328,-0.4210399409335845,0.4210399409335845,22,Wednesday,6
2009-06-03 23:00:00,0.2497333333333333,0.5363234076187239,0.6918000000000001,-0.2865900742853906,0.2865900742853906,23,Wednesday,6
2009-06-04 00:00:00,0.2598999999999999,0.3699739817581624,0.3956666666666666,-0.1100739817581625,0.1100739817581625,0,Thursday,6
2009-06-04 01:00:00,0.3223333333333333,0.3347924387279832,0.2497333333333333,-0.0124591053946498,0.0124591053946498,1,Thursday,6
2009-06-04 02:00:00,0.2208333333333333,0.3508290154023164,0.2598999999999999,-0.1299956820689831,0.1299956820689831,2,Thursday,6
2009-06-04 03:00:00,0.2933666666666666,0.3666203402280771,0.3223333333333333,-0.0732536735614105,0.0732536735614105,3,Thursday,6
2009-06-04 04:00:00,0.2621,0.3757268585073479,0.2208333333333333,-0.1136268585073479,0.1136268585073479,4,Thursday,6
2009-06-04 05:00:00,0.7630333333333332,0.8827762077466,0.2933666666666666,-0.1197428744132668,0.1197428744132668,5,Thursday,6
2009-06-04 06:00:00,1.4937,1.5068400860305422,0.2621,-0.0131400860305421,0.0131400860305421,6,Thursday,6
2009-06-04 07:00:00,1.8255,1.3627033322291298,0.7630333333333332,0.4627966677708701,0.4627966677708701,7,Thursday,6
2009-06-04 08:00:00,1.8253,1.1291903442693283,1.4937,0.6961096557306714,0.6961096557306714,8,Thursday,6
2009-06-04 09:00:00,1.1583333333333334,1.197182811225531,1.8255,-0.0388494778921975,0.0388494778921975,9,Thursday,6
2009-06-04 10:00:00,0.2012333333333333,1.2462313558087348,1.8253,-1.0449980224754014,1.0449980224754014,10,Thursday,6
2009-06-04 11:00:00,0.3009,0.7784826020803192,1.1583333333333334,-0.4775826020803191,0.4775826020803191,11,Thursday,6
2009-06-04 12:00:00,0.1933,0.3846651130234952,0.2012333333333333,-0.1913651130234952,0.1913651130234952,12,Thursday,6
2009-06-04 13:00:00,0.3067333333333333,0.4410892127931889,0.3009,-0.1343558794598556,0.1343558794598556,13,Thursday,6
2009-06-04 14:00:00,0.2148666666666666,0.4144241341992771,0.1933,-0.1995574675326105,0.1995574675326105,14,Thursday,6
2009-06-04 15:00:00,0.2925666666666667,0.5303272383110521,0.3067333333333333,-0.2377605716443854,0.2377605716443854,15,Thursday,6
2009-06-04 16:00:00,0.3048666666666667,0.447650731862528,0.2148666666666666,-0.1427840651958613,0.1427840651958613,16,Thursday,6
2009-06-04 17:00:00,0.391,0.6306638959375871,0.2925666666666667,-0.239663895937587,0.239663895937587,17,Thursday,6
2009-06-04 18:00:00,1.2848666666666666,0.8844203800226164,0.3048666666666667,0.4004462866440502,0.4004462866440502,18,Thursday,6
2009-06-04 19:00:00,0.9606,0.9051355370907056,0.391,0.0554644629092943,0.0554644629092943,19,Thursday,6
2009-06-04 20:00:00,1.489,1.365599548215084,1.2848666666666666,0.1234004517849161,0.1234004517849161,20,Thursday,6
2009-06-04 21:00:00,1.596,1.4154659935372422,0.9606,0.1805340064627578,0.1805340064627578,21,Thursday,6
2009-06-04 22:00:00,1.0509333333333333,0.8713290689774962,1.489,0.1796042643558371,0.1796042643558371,22,Thursday,6
2009-06-04 23:00:00,0.479,0.709289488647244,1.596,-0.2302894886472439,0.2302894886472439,23,Thursday,6
2009-06-05 00:00:00,1.0617666666666667,0.3646918404950962,1.0509333333333333,0.6970748261715706,0.6970748261715706,0,Friday,6
2009-06-05 01:00:00,0.4203,0.3481087562707139,0.479,0.072191243729286,0.072191243729286,1,Friday,6
2009-06-05 02:00:00,0.3281666666666666,0.4024866551765433,1.0617666666666667,-0.0743199885098767,0.0743199885098767,2,Friday,6
2009-06-05 03:00:00,0.2882999999999999,0.3439175877855155,0.4203,-0.0556175877855156,0.0556175877855156,3,Friday,6
2009-06-05 04:00:00,0.3277666666666666,0.3712029129176479,0.3281666666666666,-0.0434362462509813,0.0434362462509813,4,Friday,6
2009-06-05 05:00:00,1.0721666666666667,0.7957818099545952,0.2882999999999999,0.2763848567120714,0.2763848567120714,5,Friday,6
2009-06-05 06:00:00,1.596666666666667,1.4933941014463985,0.3277666666666666,0.1032725652202684,0.1032725652202684,6,Friday,6
2009-06-05 07:00:00,1.4304333333333332,1.3526741591295943,1.0721666666666667,0.0777591742037389,0.0777591742037389,7,Friday,6
2009-06-05 08:00:00,1.2937,1.2479494948993786,1.596666666666667,0.0457505051006215,0.0457505051006215,8,Friday,6
2009-06-05 09:00:00,1.3828666666666665,1.1029561836978297,1.4304333333333332,0.2799104829688368,0.2799104829688368,9,Friday,6
2009-06-05 10:00:00,1.2889000000000002,0.9185808496533938,1.2937,0.3703191503466063,0.3703191503466063,10,Friday,6
2009-06-05 11:00:00,1.3939333333333332,0.8895234831153699,1.3828666666666665,0.5044098502179634,0.5044098502179634,11,Friday,6
2009-06-05 12:00:00,1.3162333333333334,0.8265683814009741,1.2889000000000002,0.4896649519323592,0.4896649519323592,12,Friday,6
2009-06-05 13:00:00,1.3960666666666666,0.8413222771523279,1.3939333333333332,0.5547443895143387,0.5547443895143387,13,Friday,6
2009-06-05 14:00:00,0.5858333333333333,0.7842086126419325,1.3162333333333334,-0.1983752793085992,0.1983752793085992,14,Friday,6
2009-06-05 15:00:00,0.4045333333333333,0.823074780109523,1.3960666666666666,-0.4185414467761896,0.4185414467761896,15,Friday,6
2009-06-05 16:00:00,0.3771333333333333,0.7808077186170249,0.5858333333333333,-0.4036743852836916,0.4036743852836916,16,Friday,6
2009-06-05 17:00:00,0.4184666666666666,1.005541168912115,0.4045333333333333,-0.5870745022454484,0.5870745022454484,17,Friday,6
2009-06-05 18:00:00,1.5709000000000002,1.4186257120314412,0.3771333333333333,0.152274287968559,0.152274287968559,18,Friday,6
2009-06-05 19:00:00,0.5542,1.284463759882165,0.4184666666666666,-0.7302637598821651,0.7302637598821651,19,Friday,6
2009-06-05 20:00:00,0.7952999999999999,1.730805725218988,1.5709000000000002,-0.9355057252189882,0.9355057252189882,20,Friday,6
2009-06-05 21:00:00,0.4034666666666667,1.1077608076977763,0.5542,-0.7042941410311097,0.7042941410311097,21,Friday,6
2009-06-05 22:00:00,0.3198999999999999,0.7959290918578,0.7952999999999999,-0.4760290918578001,0.4760290918578001,22,Friday,6
2009-06-05 23:00:00,0.4399666666666667,0.6436960118496754,0.4034666666666667,-0.2037293451830087,0.2037293451830087,23,Friday,6
2009-06-06 00:00:00,0.2772333333333333,0.355712281643903,0.3198999999999999,-0.0784789483105697,0.0784789483105697,0,Saturday,6
2009-06-06 01:00:00,0.3829,0.3822129751053719,0.4399666666666667,0.000687024894628,0.000687024894628,1,Saturday,6
2009-06-06 02:00:00,0.6954999999999999,0.356533806844897,0.2772333333333333,0.3389661931551028,0.3389661931551028,2,Saturday,6
2009-06-06 03:00:00,0.6747333333333334,0.3769153769443428,0.3829,0.2978179563889906,0.2978179563889906,3,Saturday,6
2009-06-06 04:00:00,0.3359666666666667,0.3887304164499021,0.6954999999999999,-0.0527637497832354,0.0527637497832354,4,Saturday,6
2009-06-06 05:00:00,0.4678666666666666,0.7561145671218282,0.6747333333333334,-0.2882479004551616,0.2882479004551616,5,Saturday,6
2009-06-06 06:00:00,1.9974,0.9199266480469463,0.3359666666666667,1.0774733519530535,1.0774733519530535,6,Saturday,6
2009-06-06 07:00:00,1.4389,1.0562257292016244,0.4678666666666666,0.3826742707983757,0.3826742707983757,7,Saturday,6
2009-06-06 08:00:00,1.4421666666666666,1.466867485366616,1.9974,-0.0247008186999493,0.0247008186999493,8,Saturday,6
2009-06-06 09:00:00,0.6158333333333333,1.2181538376182257,1.4389,-0.6023205042848921,0.6023205042848921,9,Saturday,6
2009-06-06 10:00:00,0.3866666666666666,1.132136623941633,1.4421666666666666,-0.7454699572749665,0.7454699572749665,10,Saturday,6
2009-06-06 11:00:00,0.4806999999999999,0.9845808283301726,0.6158333333333333,-0.5038808283301727,0.5038808283301727,11,Saturday,6
2009-06-06 12:00:00,1.2976,0.9264824120222078,0.3866666666666666,0.3711175879777922,0.3711175879777922,12,Saturday,6
2009-06-06 13:00:00,2.065366666666667,0.94089144698892,0.4806999999999999,1.124475219677747,1.124475219677747,13,Saturday,6
2009-06-06 14:00:00,0.891,0.9825492240492184,1.2976,-0.0915492240492183,0.0915492240492183,14,Saturday,6
2009-06-06 15:00:00,0.3775666666666666,1.482780021318039,2.065366666666667,-1.1052133546513727,1.1052133546513727,15,Saturday,6
2009-06-06 16:00:00,0.4509999999999999,0.94923656865717,0.891,-0.4982365686571701,0.4982365686571701,16,Saturday,6
2009-06-06 17:00:00,1.0038,0.8838229592825075,0.3775666666666666,0.1199770407174924,0.1199770407174924,17,Saturday,6
2009-06-06 18:00:00,2.5557666666666665,1.1175132627607618,0.4509999999999999,1.4382534039059047,1.4382534039059047,18,Saturday,6
2009-06-06 19:00:00,2.37,1.394875147536755,1.0038,0.9751248524632452,0.9751248524632452,19,Saturday,6
2009-06-06 20:00:00,1.557,2.255746868530386,2.5557666666666665,-0.6987468685303861,0.6987468685303861,20,Saturday,6
2009-06-06 21:00:00,1.3967333333333334,1.7231585421381186,2.37,-0.3264252088047852,0.3264252088047852,21,Saturday,6
2009-06-06 22:00:00,0.9891666666666666,0.8751667964120012,1.557,0.1139998702546654,0.1139998702546654,22,Saturday,6
2009-06-06 23:00:00,0.8432333333333334,0.6595723159279329,1.3967333333333334,0.1836610174054005,0.1836610174054005,23,Saturday,6
2009-06-07 00:00:00,0.3202333333333333,0.3758784870181829,0.9891666666666666,-0.0556451536848496,0.0556451536848496,0,Sunday,6
2009-06-07 01:00:00,0.3060666666666666,0.3841316989356665,0.8432333333333334,-0.0780650322689999,0.0780650322689999,1,Sunday,6
2009-06-07 02:00:00,0.2792333333333333,0.367117083803117,0.3202333333333333,-0.0878837504697837,0.0878837504697837,2,Sunday,6
2009-06-07 03:00:00,0.2953666666666666,0.3726442453184266,0.3060666666666666,-0.0772775786517599,0.0772775786517599,3,Sunday,6
2009-06-07 04:00:00,0.3108333333333333,0.3445170902830124,0.2792333333333333,-0.0336837569496791,0.0336837569496791,4,Sunday,6
2009-06-07 05:00:00,0.5034333333333333,0.7017080265808132,0.2953666666666666,-0.1982746932474799,0.1982746932474799,5,Sunday,6
2009-06-07 06:00:00,1.0037333333333334,0.6324140595370491,0.3108333333333333,0.3713192737962842,0.3713192737962842,6,Sunday,6
2009-06-07 07:00:00,0.2789333333333333,0.764563983964645,0.5034333333333333,-0.4856306506313116,0.4856306506313116,7,Sunday,6
2009-06-07 08:00:00,0.3747,1.102055644678246,1.0037333333333334,-0.7273556446782459,0.7273556446782459,8,Sunday,6
2009-06-07 09:00:00,0.2992333333333333,0.7920060711939169,0.2789333333333333,-0.4927727378605835,0.4927727378605835,9,Sunday,6
2009-06-07 10:00:00,0.5598666666666666,0.9797864945068128,0.3747,-0.4199198278401462,0.4199198278401462,10,Sunday,6
2009-06-07 11:00:00,0.8503666666666666,0.794036358168641,0.2992333333333333,0.0563303084980255,0.0563303084980255,11,Sunday,6
2009-06-07 12:00:00,3.4554666666666667,1.0267750017078847,0.5598666666666666,2.428691664958782,2.428691664958782,12,Sunday,6
2009-06-07 13:00:00,1.2097666666666669,1.0719610516502431,0.8503666666666666,0.1378056150164237,0.1378056150164237,13,Sunday,6
2009-06-07 14:00:00,2.4119666666666664,1.7518115905809046,3.4554666666666667,0.6601550760857617,0.6601550760857617,14,Sunday,6
2009-06-07 15:00:00,2.2788,1.130236668069343,1.2097666666666669,1.148563331930657,1.148563331930657,15,Sunday,6
2009-06-07 16:00:00,0.7797999999999999,1.8348889471135004,2.4119666666666664,-1.0550889471135003,1.0550889471135003,16,Sunday,6
2009-06-07 17:00:00,0.4376,2.0474900281983843,2.2788,-1.6098900281983843,1.6098900281983843,17,Sunday,6
2009-06-07 18:00:00,0.5085666666666666,1.6774067781012878,0.7797999999999999,-1.1688401114346212,1.1688401114346212,18,Sunday,6
2009-06-07 19:00:00,0.3782,1.3871167546826648,0.4376,-1.008916754682665,1.008916754682665,19,Sunday,6
2009-06-07 20:00:00,0.4906333333333333,1.3383837155762233,0.5085666666666666,-0.84775038224289,0.84775038224289,20,Sunday,6
2009-06-07 21:00:00,0.9971,1.0433010414963528,0.3782,-0.0462010414963528,0.0462010414963528,21,Sunday,6
2009-06-07 22:00:00,0.9500666666666666,0.7920939985657341,0.4906333333333333,0.1579726681009324,0.1579726681009324,22,Sunday,6
2009-06-07 23:00:00,0.3174333333333333,0.5816944261547549,0.9971,-0.2642610928214216,0.2642610928214216,23,Sunday,6
2009-06-08 00:00:00,0.3410333333333333,0.3686125607857397,0.9500666666666666,-0.0275792274524064,0.0275792274524064,0,Monday,6
2009-06-08 01:00:00,0.3649333333333333,0.3250240637990398,0.3174333333333333,0.0399092695342934,0.0399092695342934,1,Monday,6
2009-06-08 02:00:00,0.3325333333333333,0.3660010752874045,0.3410333333333333,-0.0334677419540712,0.0334677419540712,2,Monday,6
2009-06-08 03:00:00,0.3759333333333333,0.3666918619031187,0.3649333333333333,0.0092414714302145,0.0092414714302145,3,Monday,6
2009-06-08 04:00:00,0.3211666666666666,0.3570769044654169,0.3325333333333333,-0.0359102377987503,0.0359102377987503,4,Monday,6
2009-06-08 05:00:00,0.9808333333333332,0.864624763157439,0.3759333333333333,0.1162085701758942,0.1162085701758942,5,Monday,6
2009-06-08 06:00:00,1.5551333333333333,1.32600026195379,0.3211666666666666,0.2291330713795432,0.2291330713795432,6,Monday,6
2009-06-08 07:00:00,1.3581666666666663,1.2305706078568226,0.9808333333333332,0.1275960588098437,0.1275960588098437,7,Monday,6
2009-06-08 08:00:00,1.4109,1.052454185342825,1.5551333333333333,0.3584458146571749,0.3584458146571749,8,Monday,6
2009-06-08 09:00:00,0.6688666666666666,0.8344835032882528,1.3581666666666663,-0.1656168366215862,0.1656168366215862,9,Monday,6
2009-06-08 10:00:00,0.3420666666666667,0.9366669951551434,1.4109,-0.5946003284884767,0.5946003284884767,10,Monday,6
2009-06-08 11:00:00,0.3639666666666666,0.7912766602624418,0.6688666666666666,-0.4273099935957752,0.4273099935957752,11,Monday,6
2009-06-08 12:00:00,0.3334,0.6347195541623676,0.3420666666666667,-0.3013195541623676,0.3013195541623676,12,Monday,6
2009-06-08 13:00:00,0.3607333333333333,0.6711822254388775,0.3639666666666666,-0.3104488921055442,0.3104488921055442,13,Monday,6
2009-06-08 14:00:00,0.3403666666666666,0.6108488634836716,0.3334,-0.270482196817005,0.270482196817005,14,Monday,6
2009-06-08 15:00:00,0.3594666666666667,0.5901461708973006,0.3607333333333333,-0.2306795042306338,0.2306795042306338,15,Monday,6
2009-06-08 16:00:00,0.6203333333333333,0.5797866660875776,0.3403666666666666,0.0405466672457557,0.0405466672457557,16,Monday,6
2009-06-08 17:00:00,1.3284,0.7117208449085802,0.3594666666666667,0.6166791550914198,0.6166791550914198,17,Monday,6
2009-06-08 18:00:00,2.4233,0.9978565439058243,0.6203333333333333,1.425443456094175,1.425443456094175,18,Monday,6
2009-06-08 19:00:00,1.8980333333333328,1.140095448007194,1.3284,0.7579378853261389,0.7579378853261389,19,Monday,6
2009-06-08 20:00:00,1.3372,1.9056136812997255,2.4233,-0.5684136812997258,0.5684136812997258,20,Monday,6
2009-06-08 21:00:00,1.016,1.4923201324208093,1.8980333333333328,-0.4763201324208093,0.4763201324208093,21,Monday,6
2009-06-08 22:00:00,0.8960666666666667,0.8204008583470477,1.3372,0.075665808319619,0.075665808319619,22,Monday,6
2009-06-08 23:00:00,0.9529333333333334,0.4943471433595769,1.016,0.4585861899737565,0.4585861899737565,23,Monday,6
2009-06-09 00:00:00,0.2979,0.3862805002742224,0.8960666666666667,-0.0883805002742224,0.0883805002742224,0,Tuesday,6
2009-06-09 01:00:00,0.3260666666666666,0.3975535155465812,0.9529333333333334,-0.0714868488799146,0.0714868488799146,1,Tuesday,6
2009-06-09 02:00:00,0.2815666666666666,0.3548722062819297,0.2979,-0.0733055396152631,0.0733055396152631,2,Tuesday,6
2009-06-09 03:00:00,0.3291333333333333,0.3796852755368224,0.3260666666666666,-0.0505519422034891,0.0505519422034891,3,Tuesday,6
2009-06-09 04:00:00,0.2919333333333333,0.3659833114919785,0.2815666666666666,-0.0740499781586452,0.0740499781586452,4,Tuesday,6
2009-06-09 05:00:00,1.1247333333333331,0.8339662350063306,0.3291333333333333,0.2907670983270025,0.2907670983270025,5,Tuesday,6
2009-06-09 06:00:00,1.8053,1.3893410028885589,0.2919333333333333,0.4159589971114412,0.4159589971114412,6,Tuesday,6
2009-06-09 07:00:00,1.5272666666666666,1.3022978154612024,1.1247333333333331,0.2249688512054641,0.2249688512054641,7,Tuesday,6
2009-06-09 08:00:00,1.443633333333333,1.3668362486875574,1.8053,0.0767970846457757,0.0767970846457757,8,Tuesday,6
2009-06-09 09:00:00,1.4837,1.127145876049081,1.5272666666666666,0.3565541239509191,0.3565541239509191,9,Tuesday,6
2009-06-09 10:00:00,1.3167,0.9574198271475552,1.443633333333333,0.3592801728524447,0.3592801728524447,10,Tuesday,6
2009-06-09 11:00:00,1.4172,0.9749652306061952,1.4837,0.4422347693938049,0.4422347693938049,11,Tuesday,6
2009-06-09 12:00:00,0.8475333333333334,0.7568068388101447,1.3167,0.0907264945231887,0.0907264945231887,12,Tuesday,6
2009-06-09 13:00:00,0.2988333333333333,0.8800278178830669,1.4172,-0.5811944845497337,0.5811944845497337,13,Tuesday,6
2009-06-09 14:00:00,0.3038666666666667,0.749754325402586,0.8475333333333334,-0.4458876587359193,0.4458876587359193,14,Tuesday,6
2009-06-09 15:00:00,0.3168666666666667,0.5959909231706209,0.2988333333333333,-0.2791242565039541,0.2791242565039541,15,Tuesday,6
2009-06-09 16:00:00,0.3081,0.5978404482543799,0.3038666666666667,-0.2897404482543799,0.2897404482543799,16,Tuesday,6
2009-06-09 17:00:00,0.3182333333333333,0.7787302027596438,0.3168666666666667,-0.4604968694263104,0.4604968694263104,17,Tuesday,6
2009-06-09 18:00:00,0.9480666666666668,1.1290746412882222,0.3081,-0.1810079746215553,0.1810079746215553,18,Tuesday,6
2009-06-09 19:00:00,1.8264666666666665,1.1757152746919826,0.3182333333333333,0.6507513919746839,0.6507513919746839,19,Tuesday,6
2009-06-09 20:00:00,2.515233333333333,1.480072883537534,0.9480666666666668,1.0351604497957991,1.0351604497957991,20,Tuesday,6
2009-06-09 21:00:00,1.5316666666666667,1.595824798436573,1.8264666666666665,-0.0641581317699062,0.0641581317699062,21,Tuesday,6
2009-06-09 22:00:00,0.4012333333333334,0.920194258919346,2.515233333333333,-0.5189609255860128,0.5189609255860128,22,Tuesday,6
2009-06-09 23:00:00,0.3019666666666666,0.5644440369889653,1.5316666666666667,-0.2624773703222987,0.2624773703222987,23,Tuesday,6
2009-06-10 00:00:00,0.3834999999999999,0.3765870735710158,0.4012333333333334,0.006912926428984,0.006912926428984,0,Wednesday,6
2009-06-10 01:00:00,0.3028333333333333,0.345322372832097,0.3019666666666666,-0.0424890394987637,0.0424890394987637,1,Wednesday,6
2009-06-10 02:00:00,0.3722666666666666,0.3717641081926732,0.3834999999999999,0.0005025584739933,0.0005025584739933,2,Wednesday,6
2009-06-10 03:00:00,0.3067,0.3522656272924184,0.3028333333333333,-0.0455656272924184,0.0455656272924184,3,Wednesday,6
2009-06-10 04:00:00,0.9327,0.3817427932155566,0.3722666666666666,0.5509572067844433,0.5509572067844433,4,Wednesday,6
2009-06-10 05:00:00,1.2291666666666667,0.7586445866568404,0.3067,0.4705220800098263,0.4705220800098263,5,Wednesday,6
2009-06-10 06:00:00,1.5796666666666668,1.382101868951124,0.9327,0.1975647977155428,0.1975647977155428,6,Wednesday,6
2009-06-10 07:00:00,1.3762333333333332,1.3948101808802111,1.2291666666666667,-0.0185768475468779,0.0185768475468779,7,Wednesday,6
2009-06-10 08:00:00,1.1181,1.3565594830762957,1.5796666666666668,-0.2384594830762956,0.2384594830762956,8,Wednesday,6
2009-06-10 09:00:00,0.3041666666666666,1.0296394869617602,1.3762333333333332,-0.7254728202950936,0.7254728202950936,9,Wednesday,6
2009-06-10 10:00:00,0.7661333333333334,0.8767553506173762,1.1181,-0.1106220172840427,0.1106220172840427,10,Wednesday,6
2009-06-10 11:00:00,0.3531,0.6470534936334955,0.3041666666666666,-0.2939534936334955,0.2939534936334955,11,Wednesday,6
2009-06-10 12:00:00,2.3652,0.8529590643566123,0.7661333333333334,1.512240935643388,1.512240935643388,12,Wednesday,6
2009-06-10 13:00:00,1.1356,0.684614983757242,0.3531,0.450985016242758,0.450985016242758,13,Wednesday,6
2009-06-10 14:00:00,0.5846666666666667,1.3023006697435306,2.3652,-0.717634003076864,0.717634003076864,14,Wednesday,6
2009-06-10 15:00:00,2.1782,0.7317879642387854,1.1356,1.4464120357612145,1.4464120357612145,15,Wednesday,6
2009-06-10 16:00:00,1.9289333333333327,0.7391901059160632,0.5846666666666667,1.1897432274172697,1.1897432274172697,16,Wednesday,6
2009-06-10 17:00:00,1.5551333333333333,1.4286646807115415,2.1782,0.1264686526217915,0.1264686526217915,17,Wednesday,6
2009-06-10 18:00:00,1.7803666666666669,1.804628863374133,1.9289333333333327,-0.0242621967074661,0.0242621967074661,18,Wednesday,6
2009-06-10 19:00:00,0.9624,1.8361448715604545,1.5551333333333333,-0.8737448715604542,0.8737448715604542,19,Wednesday,6
2009-06-10 20:00:00,2.064,2.0538396703951958,1.7803666666666669,0.0101603296048047,0.0101603296048047,20,Wednesday,6
2009-06-10 21:00:00,2.326,1.355582790669552,0.9624,0.970417209330448,0.970417209330448,21,Wednesday,6
2009-06-10 22:00:00,0.5095666666666666,0.8695902360387295,2.064,-0.3600235693720629,0.3600235693720629,22,Wednesday,6
2009-06-10 23:00:00,0.4253,0.7002943844565682,2.326,-0.2749943844565682,0.2749943844565682,23,Wednesday,6
2009-06-11 00:00:00,0.4853333333333333,0.3745659298905343,0.5095666666666666,0.1107674034427989,0.1107674034427989,0,Thursday,6
2009-06-11 01:00:00,0.4089333333333333,0.3745659298905343,0.4253,0.0343674034427989,0.0343674034427989,1,Thursday,6
2009-06-11 02:00:00,0.4830333333333333,0.3794990695204964,0.4853333333333333,0.1035342638128369,0.1035342638128369,2,Thursday,6
2009-06-11 03:00:00,0.3981333333333333,0.3723561779537089,0.4089333333333333,0.0257771553796243,0.0257771553796243,3,Thursday,6
2009-06-11 04:00:00,0.423,0.3999352459704827,0.4830333333333333,0.0230647540295172,0.0230647540295172,4,Thursday,6
2009-06-11 05:00:00,1.0084,0.9628922307998266,0.3981333333333333,0.0455077692001734,0.0455077692001734,5,Thursday,6
2009-06-11 06:00:00,2.0483,1.7862484077816183,0.423,0.2620515922183815,0.2620515922183815,6,Thursday,6
2009-06-11 07:00:00,1.4281,1.564032422829504,1.0084,-0.135932422829504,0.135932422829504,7,Thursday,6
2009-06-11 08:00:00,1.5288333333333337,1.3382228455098375,2.0483,0.190610487823496,0.190610487823496,8,Thursday,6
2009-06-11 09:00:00,1.4344666666666666,1.0065396442177257,1.4281,0.4279270224489409,0.4279270224489409,9,Thursday,6
2009-06-11 10:00:00,1.5096999999999998,1.0153883497028189,1.5288333333333337,0.4943116502971811,0.4943116502971811,10,Thursday,6
2009-06-11 11:00:00,1.2322666666666666,0.8189614871484215,1.4344666666666666,0.4133051795182451,0.4133051795182451,11,Thursday,6
2009-06-11 12:00:00,0.4879,0.8821808590346834,1.5096999999999998,-0.3942808590346833,0.3942808590346833,12,Thursday,6
2009-06-11 13:00:00,0.4324,0.6277250615992893,1.2322666666666666,-0.1953250615992893,0.1953250615992893,13,Thursday,6
2009-06-11 14:00:00,1.4037333333333335,0.4979345026693954,0.4879,0.905798830663938,0.905798830663938,14,Thursday,6
2009-06-11 15:00:00,1.0851333333333335,0.4835350983854075,0.4324,0.6015982349479261,0.6015982349479261,15,Thursday,6
2009-06-11 16:00:00,0.5196333333333334,0.8920440212425829,1.4037333333333335,-0.3724106879092494,0.3724106879092494,16,Thursday,6
2009-06-11 17:00:00,0.4591666666666666,1.1867485426742064,1.0851333333333335,-0.7275818760075398,0.7275818760075398,17,Thursday,6
2009-06-11 18:00:00,1.4383666666666668,1.5957532342356744,0.5196333333333334,-0.1573865675690076,0.1573865675690076,18,Thursday,6
2009-06-11 19:00:00,0.7193666666666666,1.6782916325287551,0.4591666666666666,-0.9589249658620884,0.9589249658620884,19,Thursday,6
2009-06-11 20:00:00,1.3740666666666668,1.791341766288753,1.4383666666666668,-0.4172750996220862,0.4172750996220862,20,Thursday,6
2009-06-11 21:00:00,0.5119333333333334,1.3437066153455313,0.7193666666666666,-0.8317732820121979,0.8317732820121979,21,Thursday,6
2009-06-11 22:00:00,0.432,0.8635989944981927,1.3740666666666668,-0.4315989944981926,0.4315989944981926,22,Thursday,6
2009-06-11 23:00:00,0.4493333333333333,0.7323617519194733,0.5119333333333334,-0.28302841858614,0.28302841858614,23,Thursday,6
2009-06-12 00:00:00,0.4182333333333333,0.3697558679242497,0.432,0.0484774654090835,0.0484774654090835,0,Friday,6
2009-06-12 01:00:00,0.4339333333333333,0.3630794138239817,0.4493333333333333,0.0708539195093516,0.0708539195093516,1,Friday,6
2009-06-12 02:00:00,0.4377333333333333,0.3751583754223487,0.4182333333333333,0.0625749579109846,0.0625749579109846,2,Friday,6
2009-06-12 03:00:00,0.4075666666666667,0.3809445292699974,0.4339333333333333,0.0266221373966692,0.0266221373966692,3,Friday,6
2009-06-12 04:00:00,0.4316666666666666,0.3889948133698602,0.4377333333333333,0.0426718532968063,0.0426718532968063,4,Friday,6
2009-06-12 05:00:00,1.7524333333333333,0.8844802762940398,0.4075666666666667,0.8679530570392935,0.8679530570392935,5,Friday,6
2009-06-12 06:00:00,1.589,1.5417528049805618,0.4316666666666666,0.0472471950194381,0.0472471950194381,6,Friday,6
2009-06-12 07:00:00,1.556633333333333,1.5919588527459168,1.7524333333333333,-0.0353255194125836,0.0353255194125836,7,Friday,6
2009-06-12 08:00:00,1.2037666666666669,1.2126822484169806,1.589,-0.0089155817503137,0.0089155817503137,8,Friday,6
2009-06-12 09:00:00,0.4624,1.121888261418864,1.556633333333333,-0.6594882614188642,0.6594882614188642,9,Friday,6
2009-06-12 10:00:00,0.3623666666666666,0.96528821671072,1.2037666666666669,-0.6029215500440535,0.6029215500440535,10,Friday,6
2009-06-12 11:00:00,0.4751,0.7718829311789587,0.4624,-0.2967829311789586,0.2967829311789586,11,Friday,6
2009-06-12 12:00:00,0.3633666666666666,0.7235284875992412,0.3623666666666666,-0.3601618209325745,0.3601618209325745,12,Friday,6
2009-06-12 13:00:00,0.4631666666666666,0.778265301905898,0.4751,-0.3150986352392314,0.3150986352392314,13,Friday,6
2009-06-12 14:00:00,0.3688333333333333,0.7659807965226118,0.3633666666666666,-0.3971474631892784,0.3971474631892784,14,Friday,6
2009-06-12 15:00:00,0.5126000000000001,0.6244800113388952,0.4631666666666666,-0.1118800113388951,0.1118800113388951,15,Friday,6
2009-06-12 16:00:00,0.6150333333333333,0.6347105367505117,0.3688333333333333,-0.0196772034171783,0.0196772034171783,16,Friday,6
2009-06-12 17:00:00,1.137133333333333,0.9905889867456374,0.5126000000000001,0.1465443465876956,0.1465443465876956,17,Friday,6
2009-06-12 18:00:00,0.5121,1.2726376744145294,0.6150333333333333,-0.7605376744145294,0.7605376744145294,18,Friday,6
2009-06-12 19:00:00,1.3307,1.6867312090362527,1.137133333333333,-0.3560312090362527,0.3560312090362527,19,Friday,6
2009-06-12 20:00:00,1.741766666666667,1.1824067894972436,0.5121,0.5593598771694233,0.5593598771694233,20,Friday,6
2009-06-12 21:00:00,0.9894,1.2532857802092094,1.3307,-0.2638857802092095,0.2638857802092095,21,Friday,6
2009-06-12 22:00:00,0.3479333333333333,0.8953286572063299,1.741766666666667,-0.5473953238729966,0.5473953238729966,22,Friday,6
2009-06-12 23:00:00,0.4112378402903811,0.6077966577189374,0.9894,-0.1965588174285563,0.1965588174285563,23,Friday,6
2009-06-13 00:00:00,0.3733427102238354,0.3707489418033051,0.3479333333333333,0.0025937684205302,0.0025937684205302,0,Saturday,6
2009-06-13 01:00:00,0.4064098608590442,0.3685636352294193,0.4112378402903811,0.0378462256296248,0.0378462256296248,1,Saturday,6
2009-06-13 02:00:00,0.4394770114942528,0.3734967748593814,0.3733427102238354,0.0659802366348714,0.0659802366348714,2,Saturday,6
2009-06-13 03:00:00,0.4725441621294616,0.3709977216923513,0.4064098608590442,0.1015464404371102,0.1015464404371102,3,Saturday,6
2009-06-13 04:00:00,0.5056113127646703,0.3797759115040345,0.4394770114942528,0.1258354012606358,0.1258354012606358,4,Saturday,6
2009-06-13 05:00:00,0.538678463399879,0.6776449253281386,0.4725441621294616,-0.1389664619282595,0.1389664619282595,5,Saturday,6
2009-06-13 06:00:00,0.5717456140350877,0.9418923355154464,0.5056113127646703,-0.3701467214803585,0.3701467214803585,6,Saturday,6
2009-06-13 07:00:00,0.6048127646702964,1.1532418836645868,0.538678463399879,-0.5484291189942904,0.5484291189942904,7,Saturday,6
2009-06-13 08:00:00,0.6378799153055051,1.0824422157129965,0.5717456140350877,-0.4445623004074911,0.4445623004074911,8,Saturday,6
2009-06-13 09:00:00,0.6709470659407138,0.9405461663582644,0.6048127646702964,-0.2695991004175506,0.2695991004175506,9,Saturday,6
2009-06-13 10:00:00,0.7040142165759226,0.9111912156157002,0.6378799153055051,-0.2071769990397776,0.2071769990397776,10,Saturday,6
2009-06-13 11:00:00,0.7370813672111313,1.027959632862945,0.6709470659407138,-0.2908782656518137,0.2908782656518137,11,Saturday,6
2009-06-13 12:00:00,0.77014851784634,0.9888404260047484,0.7040142165759226,-0.2186919081584085,0.2186919081584085,12,Saturday,6
2009-06-13 13:00:00,0.8032156684815487,0.9447223262711127,0.7370813672111313,-0.141506657789564,0.141506657789564,13,Saturday,6
2009-06-13 14:00:00,0.8362828191167574,0.9631507806355584,0.77014851784634,-0.1268679615188008,0.1268679615188008,14,Saturday,6
2009-06-13 15:00:00,0.8693499697519661,1.0002816147472475,0.8032156684815487,-0.1309316449952814,0.1309316449952814,15,Saturday,6
2009-06-13 16:00:00,0.9024171203871748,0.9865979339412052,0.8362828191167574,-0.0841808135540304,0.0841808135540304,16,Saturday,6
2009-06-13 17:00:00,0.9354842710223836,1.1452166102167,0.8693499697519661,-0.2097323391943164,0.2097323391943164,17,Saturday,6
2009-06-13 18:00:00,0.9685514216575922,1.312585059342496,0.9024171203871748,-0.3440336376849037,0.3440336376849037,18,Saturday,6
2009-06-13 19:00:00,1.001618572292801,1.4163118918700912,0.9354842710223836,-0.4146933195772901,0.4146933195772901,19,Saturday,6
2009-06-13 20:00:00,1.0346857229280095,1.3523419584141922,0.9685514216575922,-0.3176562354861827,0.3176562354861827,20,Saturday,6
2009-06-13 21:00:00,1.0677528735632185,1.3000365211348337,1.001618572292801,-0.2322836475716152,0.2322836475716152,21,Saturday,6
2009-06-13 22:00:00,1.100820024198427,0.8577350010825757,1.0346857229280095,0.2430850231158512,0.2430850231158512,22,Saturday,6
2009-06-13 23:00:00,1.1338871748336357,0.7831550091662057,1.0677528735632185,0.3507321656674299,0.3507321656674299,23,Saturday,6
2009-06-14 00:00:00,1.1669543254688444,0.4055201116461849,1.100820024198427,0.7614342138226594,0.7614342138226594,0,Sunday,6
2009-06-14 01:00:00,1.200021476104053,0.4131704335648846,1.1338871748336357,0.7868510425391685,0.7868510425391685,1,Sunday,6
2009-06-14 02:00:00,1.233088626739262,0.4181035731948466,1.1669543254688444,0.8149850535444154,0.8149850535444154,2,Sunday,6
2009-06-14 03:00:00,1.2661557773744707,0.4365446392469115,1.200021476104053,0.8296111381275592,0.8296111381275592,3,Sunday,6
2009-06-14 04:00:00,1.2992229280096794,0.5181382927007022,1.233088626739262,0.7810846353089772,0.7810846353089772,4,Sunday,6
2009-06-14 05:00:00,1.332290078644888,0.7775396890836652,1.2661557773744707,0.5547503895612227,0.5547503895612227,5,Sunday,6
2009-06-14 06:00:00,1.3653572292800968,0.922295984327666,1.2992229280096794,0.4430612449524307,0.4430612449524307,6,Sunday,6
2009-06-14 07:00:00,1.3984243799153055,1.0933235408776931,1.332290078644888,0.3051008390376124,0.3051008390376124,7,Sunday,6
2009-06-14 08:00:00,1.4314915305505145,1.0790893007735578,1.3653572292800968,0.3524022297769567,0.3524022297769567,8,Sunday,6
2009-06-14 09:00:00,1.464558681185723,1.111005494543371,1.3984243799153055,0.353553186642352,0.353553186642352,9,Sunday,6
2009-06-14 10:00:00,1.4976258318209317,1.2373696797597755,1.4314915305505145,0.2602561520611559,0.2602561520611559,10,Sunday,6
2009-06-14 11:00:00,1.5306929824561404,1.3369127059508965,1.464558681185723,0.1937802765052441,0.1937802765052441,11,Sunday,6
2009-06-14 12:00:00,1.563760133091349,1.327188737891876,1.4976258318209317,0.2365713951994732,0.2365713951994732,12,Sunday,6
2009-06-14 13:00:00,1.5968272837265578,1.3134710642456793,1.5306929824561404,0.2833562194808785,0.2833562194808785,13,Sunday,6
2009-06-14 14:00:00,1.6298944343617665,1.1833055778160937,1.563760133091349,0.4465888565456728,0.4465888565456728,14,Sunday,6
2009-06-14 15:00:00,1.6629615849969752,1.3114259336392524,1.5968272837265578,0.3515356513577228,0.3515356513577228,15,Sunday,6
2009-06-14 16:00:00,1.696028735632184,1.3391539663974483,1.6298944343617665,0.3568747692347356,0.3568747692347356,16,Sunday,6
2009-06-14 17:00:00,1.7290958862673926,1.6038134792001433,1.6629615849969752,0.1252824070672493,0.1252824070672493,17,Sunday,6
2009-06-14 18:00:00,1.7621630369026011,2.116184062922,1.696028735632184,-0.354021026019399,0.354021026019399,18,Sunday,6
2009-06-14 19:00:00,1.79523018753781,2.008963626170256,1.7290958862673926,-0.2137334386324461,0.2137334386324461,19,Sunday,6
2009-06-14 20:00:00,1.8282973381730188,2.201777810667823,1.7621630369026011,-0.3734804724948042,0.3734804724948042,20,Sunday,6
2009-06-14 21:00:00,1.861364488808228,1.6452777290455725,1.79523018753781,0.2160867597626554,0.2160867597626554,21,Sunday,6
2009-06-14 22:00:00,1.894431639443436,0.9129912624861508,1.8282973381730188,0.9814403769572853,0.9814403769572853,22,Sunday,6
2009-06-14 23:00:00,1.9274987900786449,0.7067851553436659,1.861364488808228,1.220713634734979,1.220713634734979,23,Sunday,6
2009-06-15 00:00:00,1.9605659407138536,0.7208541387545526,1.894431639443436,1.239711801959301,1.239711801959301,0,Monday,6
2009-06-15 01:00:00,1.993633091349062,0.8226084779647761,1.9274987900786449,1.171024613384286,1.171024613384286,1,Monday,6
2009-06-15 02:00:00,2.026700241984271,1.0520893711950448,1.9605659407138536,0.974610870789226,0.974610870789226,2,Monday,6
2009-06-15 03:00:00,2.0597673926194795,1.1770357784104652,1.993633091349062,0.8827316142090142,0.8827316142090142,3,Monday,6
2009-06-15 04:00:00,2.092834543254688,1.3764538902018872,2.026700241984271,0.716380653052801,0.716380653052801,4,Monday,6
2009-06-15 05:00:00,2.125901693889897,1.455722412743758,2.0597673926194795,0.6701792811461389,0.6701792811461389,5,Monday,6
2009-06-15 06:00:00,1.997779915305505,1.762297897608881,2.092834543254688,0.2354820176966239,0.2354820176966239,6,Monday,6
2009-06-15 07:00:00,1.4470333333333334,1.786941684821456,2.125901693889897,-0.3399083514881225,0.3399083514881225,7,Monday,6
2009-06-15 08:00:00,1.1134666666666666,1.344889747888076,1.997779915305505,-0.2314230812214095,0.2314230812214095,8,Monday,6
2009-06-15 09:00:00,0.7615333333333333,1.1454264202242015,1.4470333333333334,-0.3838930868908684,0.3838930868908684,9,Monday,6
2009-06-15 10:00:00,0.2973666666666666,0.8525225371946115,1.1134666666666666,-0.5551558705279449,0.5551558705279449,10,Monday,6
2009-06-15 11:00:00,0.283,0.7075832730670063,0.7615333333333333,-0.4245832730670063,0.4245832730670063,11,Monday,6
2009-06-15 12:00:00,0.25,0.3356496099217945,0.2973666666666666,-0.0856496099217945,0.0856496099217945,12,Monday,6
2009-06-15 13:00:00,0.3213999999999999,0.3208678824369156,0.283,0.0005321175630843,0.0005321175630843,13,Monday,6
2009-06-15 14:00:00,0.3225333333333333,0.2603590002707432,0.25,0.06217433306259,0.06217433306259,14,Monday,6
2009-06-15 15:00:00,0.2284,0.3404962315660459,0.3213999999999999,-0.1120962315660459,0.1120962315660459,15,Monday,6
2009-06-15 16:00:00,0.7606666666666667,0.3709358099176433,0.3225333333333333,0.3897308567490233,0.3897308567490233,16,Monday,6
2009-06-15 17:00:00,1.4254666666666669,0.6468463095063984,0.2284,0.7786203571602685,0.7786203571602685,17,Monday,6
2009-06-15 18:00:00,0.8935333333333334,1.7034632271204586,0.7606666666666667,-0.8099298937871252,0.8099298937871252,18,Monday,6
2009-06-15 19:00:00,0.7287333333333332,1.777428083075494,1.4254666666666669,-1.0486947497421608,1.0486947497421608,19,Monday,6
2009-06-15 20:00:00,2.1943,1.737891458173284,0.8935333333333334,0.4564085418267161,0.4564085418267161,20,Monday,6
2009-06-15 21:00:00,0.6875333333333333,1.4642928853958923,0.7287333333333332,-0.776759552062559,0.776759552062559,21,Monday,6
2009-06-15 22:00:00,0.4077666666666666,0.9382466199199528,2.1943,-0.5304799532532862,0.5304799532532862,22,Monday,6
2009-06-15 23:00:00,0.2220666666666666,0.4671609452819545,0.6875333333333333,-0.2450942786152879,0.2450942786152879,23,Monday,6
2009-06-16 00:00:00,0.3473,0.4085467260346802,0.4077666666666666,-0.0612467260346801,0.0612467260346801,0,Tuesday,6
2009-06-16 01:00:00,0.2771333333333333,0.3689837586388859,0.2220666666666666,-0.0918504253055526,0.0918504253055526,1,Tuesday,6
2009-06-16 02:00:00,0.2712,0.3961894702206744,0.3473,-0.1249894702206744,0.1249894702206744,2,Tuesday,6
2009-06-16 03:00:00,0.2704,0.3971619770848852,0.2771333333333333,-0.1267619770848853,0.1267619770848853,3,Tuesday,6
2009-06-16 04:00:00,0.2711333333333333,0.4015810818688369,0.2712,-0.1304477485355036,0.1304477485355036,4,Tuesday,6
2009-06-16 05:00:00,1.0902,0.8792672396173117,0.2704,0.2109327603826883,0.2109327603826883,5,Tuesday,6
2009-06-16 06:00:00,1.6225666666666667,1.5969276614364116,0.2711333333333333,0.025639005230255,0.025639005230255,6,Tuesday,6
2009-06-16 07:00:00,1.9779666666666669,1.4889006700137195,1.0902,0.4890659966529471,0.4890659966529471,7,Tuesday,6
2009-06-16 08:00:00,2.0127333333333333,1.290999198266665,1.6225666666666667,0.721734135066668,0.721734135066668,8,Tuesday,6
2009-06-16 09:00:00,1.4047666666666667,1.2893479122041254,1.9779666666666669,0.1154187544625413,0.1154187544625413,9,Tuesday,6
2009-06-16 10:00:00,1.3286000000000002,1.3596337903417308,2.0127333333333333,-0.0310337903417305,0.0310337903417305,10,Tuesday,6
2009-06-16 11:00:00,1.4906333333333337,1.0052157104379928,1.4047666666666667,0.4854176228953408,0.4854176228953408,11,Tuesday,6
2009-06-16 12:00:00,1.3027333333333333,0.929725698117849,1.3286000000000002,0.3730076352154843,0.3730076352154843,12,Tuesday,6
2009-06-16 13:00:00,1.865,1.0150122898451437,1.4906333333333337,0.8499877101548563,0.8499877101548563,13,Tuesday,6
2009-06-16 14:00:00,0.3895,0.7830553690805283,1.3027333333333333,-0.3935553690805283,0.3935553690805283,14,Tuesday,6
2009-06-16 15:00:00,0.2273666666666666,1.3093423390357366,1.865,-1.08197567236907,1.08197567236907,15,Tuesday,6
2009-06-16 16:00:00,0.3738333333333333,0.6299131922478874,0.3895,-0.2560798589145541,0.2560798589145541,16,Tuesday,6
2009-06-16 17:00:00,2.4945,0.6960425068293697,0.2273666666666666,1.79845749317063,1.79845749317063,17,Tuesday,6
2009-06-16 18:00:00,1.4656333333333331,1.3332815124635202,0.3738333333333333,0.1323518208698129,0.1323518208698129,18,Tuesday,6
2009-06-16 19:00:00,1.0832666666666666,1.8817792283322885,2.4945,-0.7985125616656217,0.7985125616656217,19,Tuesday,6
2009-06-16 20:00:00,1.0171666666666668,1.895920741421117,1.4656333333333331,-0.8787540747544502,0.8787540747544502,20,Tuesday,6
2009-06-16 21:00:00,1.457733333333333,1.4912957818889314,1.0832666666666666,-0.0335624485555983,0.0335624485555983,21,Tuesday,6
2009-06-16 22:00:00,0.8831,0.7895641302122991,1.0171666666666668,0.0935358697877009,0.0935358697877009,22,Tuesday,6
2009-06-16 23:00:00,0.3734333333333333,0.6058916012275423,1.457733333333333,-0.2324582678942089,0.2324582678942089,23,Tuesday,6
2009-06-17 00:00:00,0.2855666666666667,0.3835432317206507,0.8831,-0.097976565053984,0.097976565053984,0,Wednesday,6
2009-06-17 01:00:00,0.2558333333333333,0.3794287548635106,0.3734333333333333,-0.1235954215301773,0.1235954215301773,1,Wednesday,6
2009-06-17 02:00:00,0.3066333333333333,0.3566446667376542,0.2855666666666667,-0.0500113334043209,0.0500113334043209,2,Wednesday,6
2009-06-17 03:00:00,0.1911666666666666,0.3482086950368397,0.2558333333333333,-0.1570420283701731,0.1570420283701731,3,Wednesday,6
2009-06-17 04:00:00,0.3111666666666667,0.3830023614200304,0.3066333333333333,-0.0718356947533637,0.0718356947533637,4,Wednesday,6
2009-06-17 05:00:00,1.3372,0.8682499886001338,0.1911666666666666,0.4689500113998661,0.4689500113998661,5,Wednesday,6
2009-06-17 06:00:00,1.4325,1.703878673185484,0.3111666666666667,-0.2713786731854839,0.2713786731854839,6,Wednesday,6
2009-06-17 07:00:00,1.3107666666666666,1.5791224045656225,1.3372,-0.2683557378989558,0.2683557378989558,7,Wednesday,6
2009-06-17 08:00:00,0.9227666666666666,1.175982949476963,1.4325,-0.2532162828102963,0.2532162828102963,8,Wednesday,6
2009-06-17 09:00:00,0.2694333333333333,0.9886082961072554,1.3107666666666666,-0.7191749627739221,0.7191749627739221,9,Wednesday,6
2009-06-17 10:00:00,0.4590666666666667,0.9336328221749296,0.9227666666666666,-0.4745661555082629,0.4745661555082629,10,Wednesday,6
2009-06-17 11:00:00,0.3395,0.5888694747429134,0.2694333333333333,-0.2493694747429133,0.2493694747429133,11,Wednesday,6
2009-06-17 12:00:00,0.3428333333333333,0.6171794203931378,0.4590666666666667,-0.2743460870598044,0.2743460870598044,12,Wednesday,6
2009-06-17 13:00:00,0.3384,0.9288909063175422,0.3395,-0.5904909063175423,0.5904909063175423,13,Wednesday,6
2009-06-17 14:00:00,0.4033666666666667,0.701969523654137,0.3428333333333333,-0.2986028569874703,0.2986028569874703,14,Wednesday,6
2009-06-17 15:00:00,0.2801666666666666,0.6529622782335666,0.3384,-0.3727956115668999,0.3727956115668999,15,Wednesday,6
2009-06-17 16:00:00,0.425,0.8339196755792513,0.4033666666666667,-0.4089196755792513,0.4089196755792513,16,Wednesday,6
2009-06-17 17:00:00,0.8255333333333333,0.7523519397416388,0.2801666666666666,0.0731813935916945,0.0731813935916945,17,Wednesday,6
2009-06-17 18:00:00,0.3655333333333333,1.5424127559962688,0.425,-1.1768794226629355,1.1768794226629355,18,Wednesday,6
2009-06-17 19:00:00,1.0589666666666666,1.5787277871889591,0.8255333333333333,-0.5197611205222925,0.5197611205222925,19,Wednesday,6
2009-06-17 20:00:00,2.3328,1.079156697342468,0.3655333333333333,1.2536433026575322,1.2536433026575322,20,Wednesday,6
2009-06-17 21:00:00,1.6969,1.23204561572341,1.0589666666666666,0.46485438427659,0.46485438427659,21,Wednesday,6
2009-06-17 22:00:00,0.6023999999999999,0.8424920611043898,2.3328,-0.2400920611043898,0.2400920611043898,22,Wednesday,6
2009-06-17 23:00:00,0.4224333333333333,0.6527662725647058,1.6969,-0.2303329392313724,0.2303329392313724,23,Wednesday,6
2009-06-18 00:00:00,0.2274666666666666,0.3891196115509468,0.6023999999999999,-0.1616529448842802,0.1616529448842802,0,Thursday,6
2009-06-18 01:00:00,0.9208666666666668,0.3598155238383055,0.4224333333333333,0.5610511428283613,0.5610511428283613,1,Thursday,6
2009-06-18 02:00:00,0.2626333333333333,0.3202609711008167,0.2274666666666666,-0.0576276377674834,0.0576276377674834,2,Thursday,6
2009-06-18 03:00:00,0.2364666666666666,0.4560821272492741,0.9208666666666668,-0.2196154605826075,0.2196154605826075,3,Thursday,6
2009-06-18 04:00:00,0.2768333333333333,0.338498375990666,0.2626333333333333,-0.0616650426573327,0.0616650426573327,4,Thursday,6
2009-06-18 05:00:00,0.5009666666666667,0.7113677505815824,0.2364666666666666,-0.2104010839149157,0.2104010839149157,5,Thursday,6
2009-06-18 06:00:00,1.1324666666666665,1.4931487666173804,0.2768333333333333,-0.3606820999507139,0.3606820999507139,6,Thursday,6
2009-06-18 07:00:00,1.3951,1.4151715154989355,0.5009666666666667,-0.0200715154989357,0.0200715154989357,7,Thursday,6
2009-06-18 08:00:00,1.2449333333333332,1.1146666228627713,1.1324666666666665,0.1302667104705619,0.1302667104705619,8,Thursday,6
2009-06-18 09:00:00,1.3611333333333335,1.0881176366394925,1.3951,0.273015696693841,0.273015696693841,9,Thursday,6
2009-06-18 10:00:00,1.3141,0.8988624801947952,1.2449333333333332,0.4152375198052048,0.4152375198052048,10,Thursday,6
2009-06-18 11:00:00,0.8561,0.9816480999757238,1.3611333333333335,-0.1255480999757238,0.1255480999757238,11,Thursday,6
2009-06-18 12:00:00,0.2432,0.8613051464966809,1.3141,-0.6181051464966809,0.6181051464966809,12,Thursday,6
2009-06-18 13:00:00,0.3247,0.7357146640896782,0.8561,-0.4110146640896782,0.4110146640896782,13,Thursday,6
2009-06-18 14:00:00,0.1954666666666666,0.4287285752456903,0.2432,-0.2332619085790237,0.2332619085790237,14,Thursday,6
2009-06-18 15:00:00,0.3234333333333333,0.7102320726268054,0.3247,-0.3867987392934721,0.3867987392934721,15,Thursday,6
2009-06-18 16:00:00,0.2490333333333333,0.5571669027376502,0.1954666666666666,-0.3081335694043169,0.3081335694043169,16,Thursday,6
2009-06-18 17:00:00,1.1840000000000002,0.8565049698263406,0.3234333333333333,0.3274950301736595,0.3274950301736595,17,Thursday,6
2009-06-18 18:00:00,1.6573666666666669,1.1872598686331532,0.2490333333333333,0.4701067980335136,0.4701067980335136,18,Thursday,6
2009-06-18 19:00:00,1.5809333333333333,1.4370579703534658,1.1840000000000002,0.1438753629798674,0.1438753629798674,19,Thursday,6
2009-06-18 20:00:00,1.1802,1.8213698298135248,1.6573666666666669,-0.6411698298135253,0.6411698298135253,20,Thursday,6
2009-06-18 21:00:00,1.2605,1.5522440757985445,1.5809333333333333,-0.2917440757985445,0.2917440757985445,21,Thursday,6
2009-06-18 22:00:00,1.078,0.8610887375851922,1.1802,0.2169112624148078,0.2169112624148078,22,Thursday,6
2009-06-18 23:00:00,0.3942333333333333,0.5087334968907872,1.2605,-0.1145001635574538,0.1145001635574538,23,Thursday,6
2009-06-19 00:00:00,0.2179666666666666,0.405070488147515,1.078,-0.1871038214808484,0.1871038214808484,0,Friday,6
2009-06-19 01:00:00,0.3358,0.3394300662356729,0.3942333333333333,-0.0036300662356729,0.0036300662356729,1,Friday,6
2009-06-19 02:00:00,0.6582333333333333,0.3832652755515697,0.2179666666666666,0.2749680577817636,0.2749680577817636,2,Friday,6
2009-06-19 03:00:00,0.4974,0.3869202014030149,0.3358,0.110479798596985,0.110479798596985,3,Friday,6
2009-06-19 04:00:00,0.2663,0.3871461797192231,0.6582333333333333,-0.1208461797192231,0.1208461797192231,4,Friday,6
2009-06-19 05:00:00,0.6568333333333333,0.8300129181137249,0.4974,-0.1731795847803916,0.1731795847803916,5,Friday,6
2009-06-19 06:00:00,1.9361,1.5205432952242717,0.2663,0.4155567047757285,0.4155567047757285,6,Friday,6
2009-06-19 07:00:00,1.8460333333333327,1.4141211570068346,0.6568333333333333,0.4319121763264981,0.4319121763264981,7,Friday,6
2009-06-19 08:00:00,1.8215,1.4043823411057337,1.9361,0.4171176588942664,0.4171176588942664,8,Friday,6
2009-06-19 09:00:00,0.8861666666666667,1.33247551169905,1.8460333333333327,-0.4463088450323832,0.4463088450323832,9,Friday,6
2009-06-19 10:00:00,0.2741999999999999,1.3544620812483772,1.8215,-1.0802620812483772,1.0802620812483772,10,Friday,6
2009-06-19 11:00:00,0.2351,0.906998104634092,0.8861666666666667,-0.6718981046340922,0.6718981046340922,11,Friday,6
2009-06-19 12:00:00,0.2646333333333333,0.490808651916051,0.2741999999999999,-0.2261753185827177,0.2261753185827177,12,Friday,6
2009-06-19 13:00:00,0.4120333333333333,0.4098294311115108,0.2351,0.0022039022218224,0.0022039022218224,13,Friday,6
2009-06-19 14:00:00,0.2656333333333333,0.5040262846414792,0.2646333333333333,-0.2383929513081459,0.2383929513081459,14,Friday,6
2009-06-19 15:00:00,0.3196333333333333,0.6298513543133214,0.4120333333333333,-0.3102180209799881,0.3102180209799881,15,Friday,6
2009-06-19 16:00:00,1.3446333333333331,0.5091271057662801,0.2656333333333333,0.8355062275670531,0.8355062275670531,16,Friday,6
2009-06-19 17:00:00,0.6325333333333333,0.7815948313722679,0.3196333333333333,-0.1490614980389346,0.1490614980389346,17,Friday,6
2009-06-19 18:00:00,0.4429,1.4596045612752753,1.3446333333333331,-1.0167045612752752,1.0167045612752752,18,Friday,6
2009-06-19 19:00:00,0.7807,1.4430611690298727,0.6325333333333333,-0.6623611690298727,0.6623611690298727,19,Friday,6
2009-06-19 20:00:00,1.1892333333333334,1.3733207624089314,0.4429,-0.184087429075598,0.184087429075598,20,Friday,6
2009-06-19 21:00:00,1.1498666666666668,1.2754049601869142,0.7807,-0.1255382935202473,0.1255382935202473,21,Friday,6
2009-06-19 22:00:00,1.2867666666666666,0.8240617739062339,1.1892333333333334,0.4627048927604327,0.4627048927604327,22,Friday,6
2009-06-19 23:00:00,1.3446,0.5242253518238292,1.1498666666666668,0.8203746481761708,0.8203746481761708,23,Friday,6
2009-06-20 00:00:00,0.6205999999999999,0.4471241609422048,1.2867666666666666,0.1734758390577951,0.1734758390577951,0,Saturday,6
2009-06-20 01:00:00,0.5327666666666667,0.4150124880601799,1.3446,0.1177541786064867,0.1177541786064867,1,Saturday,6
2009-06-20 02:00:00,0.2181,0.4011975853147415,0.6205999999999999,-0.1830975853147415,0.1830975853147415,2,Saturday,6
2009-06-20 03:00:00,0.2763333333333333,0.4050284063129189,0.5327666666666667,-0.1286950729795856,0.1286950729795856,3,Saturday,6
2009-06-20 04:00:00,0.249,0.371491087080514,0.2181,-0.122491087080514,0.122491087080514,4,Saturday,6
2009-06-20 05:00:00,0.5458333333333333,0.6496232728933143,0.2763333333333333,-0.103789939559981,0.103789939559981,5,Saturday,6
2009-06-20 06:00:00,1.7686666666666668,0.8579649897082217,0.249,0.9107016769584452,0.9107016769584452,6,Saturday,6
2009-06-20 07:00:00,1.7895666666666663,1.066899079032315,0.5458333333333333,0.7226675876343513,0.7226675876343513,7,Saturday,6
2009-06-20 08:00:00,0.6934333333333333,1.5225533429519564,1.7686666666666668,-0.8291200096186231,0.8291200096186231,8,Saturday,6
2009-06-20 09:00:00,1.8680333333333328,1.557592828531872,1.7895666666666663,0.3104405048014607,0.3104405048014607,9,Saturday,6
2009-06-20 10:00:00,1.3602,1.1280223436561585,0.6934333333333333,0.2321776563438415,0.2321776563438415,10,Saturday,6
2009-06-20 11:00:00,1.4774666666666667,1.508384238569119,1.8680333333333328,-0.0309175719024523,0.0309175719024523,11,Saturday,6
2009-06-20 12:00:00,1.379233333333333,1.1783657449811284,1.3602,0.2008675883522046,0.2008675883522046,12,Saturday,6
2009-06-20 13:00:00,1.0551,1.2982862884806587,1.4774666666666667,-0.2431862884806588,0.2431862884806588,13,Saturday,6
2009-06-20 14:00:00,0.2323,1.269574738913528,1.379233333333333,-1.037274738913528,1.037274738913528,14,Saturday,6
2009-06-20 15:00:00,0.2794,1.2580460188432607,1.0551,-0.9786460188432607,0.9786460188432607,15,Saturday,6
2009-06-20 16:00:00,0.2367333333333333,0.7087829488865505,0.2323,-0.4720496155532172,0.4720496155532172,16,Saturday,6
2009-06-20 17:00:00,0.3166,0.7152271381435298,0.2794,-0.3986271381435298,0.3986271381435298,17,Saturday,6
2009-06-20 18:00:00,0.3422333333333333,1.1683833910190928,0.2367333333333333,-0.8261500576857596,0.8261500576857596,18,Saturday,6
2009-06-20 19:00:00,0.3577666666666667,1.1713752644469106,0.3166,-0.813608597780244,0.813608597780244,19,Saturday,6
2009-06-20 20:00:00,0.3443,1.292146449352682,0.3422333333333333,-0.947846449352682,0.947846449352682,20,Saturday,6
2009-06-20 21:00:00,0.3326333333333333,1.1646333849943495,0.3577666666666667,-0.8320000516610162,0.8320000516610162,21,Saturday,6
2009-06-20 22:00:00,0.8307666666666667,0.8513367180781897,0.3443,-0.020570051411523,0.020570051411523,22,Saturday,6
2009-06-20 23:00:00,0.5756666666666667,0.6313780610269052,0.3326333333333333,-0.0557113943602385,0.0557113943602385,23,Saturday,6
2009-06-21 00:00:00,0.3262333333333334,0.4500386789101002,0.8307666666666667,-0.1238053455767668,0.1238053455767668,0,Sunday,6
2009-06-21 01:00:00,0.3619666666666666,0.3885360119289936,0.5756666666666667,-0.026569345262327,0.026569345262327,1,Sunday,6
2009-06-21 02:00:00,0.3306666666666666,0.3939816656614923,0.3262333333333334,-0.0633149989948257,0.0633149989948257,2,Sunday,6
2009-06-21 03:00:00,0.3560333333333333,0.3538875447435234,0.3619666666666666,0.0021457885898099,0.0021457885898099,3,Sunday,6
2009-06-21 04:00:00,0.32,0.3764718568492254,0.3306666666666666,-0.0564718568492254,0.0564718568492254,4,Sunday,6
2009-06-21 05:00:00,0.3555999999999999,0.7089622720903612,0.3560333333333333,-0.3533622720903613,0.3533622720903613,5,Sunday,6
2009-06-21 06:00:00,0.3328333333333333,0.7659274088742513,0.32,-0.4330940755409179,0.4330940755409179,6,Sunday,6
2009-06-21 07:00:00,0.3436333333333333,0.8887671967206493,0.3555999999999999,-0.545133863387316,0.545133863387316,7,Sunday,6
2009-06-21 08:00:00,0.3145,1.0198923030785516,0.3328333333333333,-0.7053923030785516,0.7053923030785516,8,Sunday,6
2009-06-21 09:00:00,1.0249666666666668,0.8716206843405617,0.3436333333333333,0.153345982326105,0.153345982326105,9,Sunday,6
2009-06-21 10:00:00,0.3152999999999999,0.6995809122502347,0.3145,-0.3842809122502347,0.3842809122502347,10,Sunday,6
2009-06-21 11:00:00,0.2373666666666666,0.9614945684133944,1.0249666666666668,-0.7241279017467277,0.7241279017467277,11,Sunday,6
2009-06-21 12:00:00,0.3204,0.5591252972141654,0.3152999999999999,-0.2387252972141653,0.2387252972141653,12,Sunday,6
2009-06-21 13:00:00,0.2112,0.5140984560988174,0.2373666666666666,-0.3028984560988174,0.3028984560988174,13,Sunday,6
2009-06-21 14:00:00,0.2955333333333333,0.6120950153995844,0.3204,-0.3165616820662511,0.3165616820662511,14,Sunday,6
2009-06-21 15:00:00,0.3923666666666667,0.4074251463999629,0.2112,-0.0150584797332962,0.0150584797332962,15,Sunday,6
2009-06-21 16:00:00,0.3202333333333333,0.440195609446473,0.2955333333333333,-0.1199622761131397,0.1199622761131397,16,Sunday,6
2009-06-21 17:00:00,1.096833333333333,0.5744125611926089,0.3923666666666667,0.5224207721407242,0.5224207721407242,17,Sunday,6
2009-06-21 18:00:00,1.4966000000000002,0.6381722178924231,0.3202333333333333,0.8584277821075771,0.8584277821075771,18,Sunday,6
2009-06-21 19:00:00,2.050133333333333,0.958965444235645,1.096833333333333,1.091167889097688,1.091167889097688,19,Sunday,6
2009-06-21 20:00:00,1.4025333333333334,1.5501977876705972,1.4966000000000002,-0.1476644543372638,0.1476644543372638,20,Sunday,6
2009-06-21 21:00:00,1.0212333333333334,1.664048480637346,2.050133333333333,-0.6428151473040125,0.6428151473040125,21,Sunday,6
2009-06-21 22:00:00,0.4505333333333333,0.848903887508354,1.4025333333333334,-0.3983705541750207,0.3983705541750207,22,Sunday,6
2009-06-21 23:00:00,0.2696666666666666,0.5529822922804944,1.0212333333333334,-0.2833156256138278,0.2833156256138278,23,Sunday,6
2009-06-22 00:00:00,0.2582333333333333,0.2725508433689457,0.4505333333333333,-0.0143175100356124,0.0143175100356124,0,Monday,6
2009-06-22 01:00:00,0.2833666666666666,0.3144515358421806,0.2696666666666666,-0.031084869175514,0.031084869175514,1,Monday,6
2009-06-22 02:00:00,0.2239,0.2987182819455904,0.2582333333333333,-0.0748182819455904,0.0748182819455904,2,Monday,6
2009-06-22 03:00:00,0.2827333333333333,0.321394790302502,0.2833666666666666,-0.0386614569691687,0.0386614569691687,3,Monday,6
2009-06-22 04:00:00,0.8992,0.3093715179402712,0.2239,0.5898284820597288,0.5898284820597288,4,Monday,6
2009-06-22 05:00:00,0.5431333333333334,0.6146689620981058,0.2827333333333333,-0.0715356287647724,0.0715356287647724,5,Monday,6
2009-06-22 06:00:00,0.5665333333333333,0.8452452916168223,0.8992,-0.2787119582834889,0.2787119582834889,6,Monday,6
2009-06-22 07:00:00,1.5350666666666666,0.7147309655208722,0.5431333333333334,0.8203357011457943,0.8203357011457943,7,Monday,6
2009-06-22 08:00:00,1.3552333333333333,0.8077814938416845,0.5665333333333333,0.5474518394916488,0.5474518394916488,8,Monday,6
2009-06-22 09:00:00,1.3817666666666668,1.0109244014108636,1.5350666666666666,0.3708422652558032,0.3708422652558032,9,Monday,6
2009-06-22 10:00:00,1.2561,0.8484559223464593,1.3552333333333333,0.4076440776535407,0.4076440776535407,10,Monday,6
2009-06-22 11:00:00,1.3542333333333334,0.8844634204014784,1.3817666666666668,0.469769912931855,0.469769912931855,11,Monday,6
2009-06-22 12:00:00,1.2657333333333334,0.7031306557623168,1.2561,0.5626026775710166,0.5626026775710166,12,Monday,6
2009-06-22 13:00:00,0.5827666666666667,0.7789418130506723,1.3542333333333334,-0.1961751463840056,0.1961751463840056,13,Monday,6
2009-06-22 14:00:00,0.2074666666666666,0.649077393940732,1.2657333333333334,-0.4416107272740655,0.4416107272740655,14,Monday,6
2009-06-22 15:00:00,0.263,0.6855972297000162,0.5827666666666667,-0.4225972297000162,0.4225972297000162,15,Monday,6
2009-06-22 16:00:00,0.5256333333333333,0.3784239604508023,0.2074666666666666,0.1472093728825309,0.1472093728825309,16,Monday,6
2009-06-22 17:00:00,0.3835666666666666,0.6976116972339086,0.263,-0.314045030567242,0.314045030567242,17,Monday,6
2009-06-22 18:00:00,0.4352666666666666,1.1630354552809392,0.5256333333333333,-0.7277687886142726,0.7277687886142726,18,Monday,6
2009-06-22 19:00:00,1.2048333333333334,1.203705128894322,0.3835666666666666,0.0011282044390115,0.0011282044390115,19,Monday,6
2009-06-22 20:00:00,1.852,1.163554518038476,0.4352666666666666,0.6884454819615242,0.6884454819615242,20,Monday,6
2009-06-22 21:00:00,0.994,1.2476195965702692,1.2048333333333334,-0.2536195965702692,0.2536195965702692,21,Monday,6
2009-06-22 22:00:00,0.3115333333333333,0.8109940865054491,1.852,-0.4994607531721158,0.4994607531721158,22,Monday,6
2009-06-22 23:00:00,0.2617333333333333,0.6006629931010902,0.994,-0.3389296597677568,0.3389296597677568,23,Monday,6
2009-06-23 00:00:00,0.2617666666666666,0.3226535605701292,0.3115333333333333,-0.0608868939034626,0.0608868939034626,0,Tuesday,6
2009-06-23 01:00:00,0.2402666666666666,0.334500386752865,0.2617333333333333,-0.0942337200861983,0.0942337200861983,1,Tuesday,6
2009-06-23 02:00:00,0.8546,0.3405859168956257,0.2617666666666666,0.5140140831043744,0.5140140831043744,2,Tuesday,6
2009-06-23 03:00:00,0.2892,0.2994570210819785,0.2402666666666666,-0.0102570210819785,0.0102570210819785,3,Tuesday,6
2009-06-23 04:00:00,0.2483666666666666,0.4157220461712121,0.8546,-0.1673553795045455,0.1673553795045455,4,Tuesday,6
2009-06-23 05:00:00,0.8963666666666666,0.7968018659044924,0.2892,0.0995648007621742,0.0995648007621742,5,Tuesday,6
2009-06-23 06:00:00,1.4742333333333333,1.4075971267104863,0.2483666666666666,0.0666362066228469,0.0666362066228469,6,Tuesday,6
2009-06-23 07:00:00,1.5726,1.2183495743031754,0.8963666666666666,0.3542504256968246,0.3542504256968246,7,Tuesday,6
2009-06-23 08:00:00,1.272233333333333,1.259134967503946,1.4742333333333333,0.013098365829387,0.013098365829387,8,Tuesday,6
2009-06-23 09:00:00,0.2518333333333333,1.2015166246484292,1.5726,-0.949683291315096,0.949683291315096,9,Tuesday,6
2009-06-23 10:00:00,0.7293333333333333,0.9152633517686316,1.272233333333333,-0.1859300184352983,0.1859300184352983,10,Tuesday,6
2009-06-23 11:00:00,0.8463999999999999,0.6052423157033323,0.2518333333333333,0.2411576842966676,0.2411576842966676,11,Tuesday,6
2009-06-23 12:00:00,0.2499666666666666,0.8058720331922972,0.7293333333333333,-0.5559053665256306,0.5559053665256306,12,Tuesday,6
2009-06-23 13:00:00,0.2514333333333333,0.786797937945247,0.8463999999999999,-0.5353646046119137,0.5353646046119137,13,Tuesday,6
2009-06-23 14:00:00,0.3047666666666667,0.6173165370406857,0.2499666666666666,-0.312549870374019,0.312549870374019,14,Tuesday,6
2009-06-23 15:00:00,0.2118666666666666,0.439625835175982,0.2514333333333333,-0.2277591685093154,0.2277591685093154,15,Tuesday,6
2009-06-23 16:00:00,0.3256666666666666,0.5529725926713916,0.3047666666666667,-0.227305926004725,0.227305926004725,16,Tuesday,6
2009-06-23 17:00:00,0.2591333333333333,0.6939408844877714,0.2118666666666666,-0.434807551154438,0.434807551154438,17,Tuesday,6
2009-06-23 18:00:00,1.2964666666666669,1.0927055194658533,0.3256666666666666,0.2037611472008136,0.2037611472008136,18,Tuesday,6
2009-06-23 19:00:00,1.2880666666666667,0.9225922194863536,0.2591333333333333,0.3654744471803131,0.3654744471803131,19,Tuesday,6
2009-06-23 20:00:00,0.8834333333333333,1.268379733471164,1.2964666666666669,-0.3849464001378306,0.3849464001378306,20,Tuesday,6
2009-06-23 21:00:00,2.133633333333333,1.2231678444615657,1.2880666666666667,0.9104654888717676,0.9104654888717676,21,Tuesday,6
2009-06-23 22:00:00,0.9168666666666668,0.8626190407049364,0.8834333333333333,0.0542476259617303,0.0542476259617303,22,Tuesday,6
2009-06-23 23:00:00,0.2315,0.6771864168649231,2.133633333333333,-0.445686416864923,0.445686416864923,23,Tuesday,6
2009-06-24 00:00:00,0.3184333333333333,0.4249973615286073,0.9168666666666668,-0.106564028195274,0.106564028195274,0,Wednesday,6
2009-06-24 01:00:00,0.245,0.3301461152217467,0.2315,-0.0851461152217467,0.0851461152217467,1,Wednesday,6
2009-06-24 02:00:00,0.2866666666666667,0.3169834406009414,0.3184333333333333,-0.0303167739342747,0.0303167739342747,2,Wednesday,6
2009-06-24 03:00:00,0.2342666666666666,0.3719937476298462,0.245,-0.1377270809631796,0.1377270809631796,3,Wednesday,6
2009-06-24 04:00:00,0.2994333333333333,0.3190445212909955,0.2866666666666667,-0.0196111879576622,0.0196111879576622,4,Wednesday,6
2009-06-24 05:00:00,0.9990666666666668,0.5941149528813559,0.2342666666666666,0.4049517137853109,0.4049517137853109,5,Wednesday,6
2009-06-24 06:00:00,1.7651333333333334,1.3399319488042936,0.2994333333333333,0.4252013845290399,0.4252013845290399,6,Wednesday,6
2009-06-24 07:00:00,1.282,1.2792828613987428,0.9990666666666668,0.0027171386012572,0.0027171386012572,7,Wednesday,6
2009-06-24 08:00:00,1.3404,1.2951241455048692,1.7651333333333334,0.0452758544951308,0.0452758544951308,8,Wednesday,6
2009-06-24 09:00:00,1.3818,0.8692132111381043,1.282,0.5125867888618956,0.5125867888618956,9,Wednesday,6
2009-06-24 10:00:00,1.699733333333333,0.789834376781849,1.3404,0.909898956551484,0.909898956551484,10,Wednesday,6
2009-06-24 11:00:00,1.5440666666666667,0.9111668231055958,1.3818,0.6328998435610709,0.6328998435610709,11,Wednesday,6
2009-06-24 12:00:00,1.3439666666666668,1.1590122903648663,1.699733333333333,0.1849543763018004,0.1849543763018004,12,Wednesday,6
2009-06-24 13:00:00,1.4491666666666667,1.0637655389591631,1.5440666666666667,0.3854011277075035,0.3854011277075035,13,Wednesday,6
2009-06-24 14:00:00,0.8142666666666667,0.7791626291223237,1.3439666666666668,0.0351040375443429,0.0351040375443429,14,Wednesday,6
2009-06-24 15:00:00,0.4094666666666667,1.0340572931170573,1.4491666666666667,-0.6245906264503907,0.6245906264503907,15,Wednesday,6
2009-06-24 16:00:00,0.5792333333333333,0.7173796243126094,0.8142666666666667,-0.1381462909792761,0.1381462909792761,16,Wednesday,6
2009-06-24 17:00:00,2.7345,0.920532659994465,0.4094666666666667,1.8139673400055352,1.8139673400055352,17,Wednesday,6
2009-06-24 18:00:00,2.0194,1.3717807801930262,0.5792333333333333,0.6476192198069739,0.6476192198069739,18,Wednesday,6
2009-06-24 19:00:00,1.3514333333333333,2.217201630518125,2.7345,-0.8657682971847922,0.8657682971847922,19,Wednesday,6
2009-06-24 20:00:00,1.3821666666666663,2.044030229256657,2.0194,-0.6618635625899907,0.6618635625899907,20,Wednesday,6
2009-06-24 21:00:00,1.6119333333333332,1.329143939509242,1.3514333333333333,0.2827893938240911,0.2827893938240911,21,Wednesday,6
2009-06-24 22:00:00,0.2582,0.875726306738389,1.3821666666666663,-0.617526306738389,0.617526306738389,22,Wednesday,6
2009-06-24 23:00:00,0.3055666666666666,0.6312315971603785,1.6119333333333332,-0.3256649304937118,0.3256649304937118,23,Wednesday,6
2009-06-25 00:00:00,0.2944333333333333,0.3332048887629757,0.2582,-0.0387715554296424,0.0387715554296424,0,Thursday,6
2009-06-25 01:00:00,0.2698666666666666,0.3339809746730045,0.3055666666666666,-0.0641143080063379,0.0641143080063379,1,Thursday,6
2009-06-25 02:00:00,0.2870999999999999,0.344164817592077,0.2944333333333333,-0.0570648175920771,0.0570648175920771,2,Thursday,6
2009-06-25 03:00:00,0.2419666666666666,0.3459299095787389,0.2698666666666666,-0.1039632429120723,0.1039632429120723,3,Thursday,6
2009-06-25 04:00:00,0.2970666666666667,0.3339002880833903,0.2870999999999999,-0.0368336214167236,0.0368336214167236,4,Thursday,6
2009-06-25 05:00:00,0.8471,0.6868146569894598,0.2419666666666666,0.1602853430105402,0.1602853430105402,5,Thursday,6
2009-06-25 06:00:00,1.4752,1.564243075600365,0.2970666666666667,-0.0890430756003648,0.0890430756003648,6,Thursday,6
2009-06-25 07:00:00,1.5055,1.3973580317548235,0.8471,0.1081419682451765,0.1081419682451765,7,Thursday,6
2009-06-25 08:00:00,0.2821333333333333,1.1369947738039172,1.4752,-0.8548614404705839,0.8548614404705839,8,Thursday,6
2009-06-25 09:00:00,0.2768333333333333,1.0307203986972284,1.5055,-0.7538870653638952,0.7538870653638952,9,Thursday,6
2009-06-25 10:00:00,0.3010666666666666,0.6185623622029228,0.2821333333333333,-0.3174956955362562,0.3174956955362562,10,Thursday,6
2009-06-25 11:00:00,0.2861666666666666,0.5743124735901992,0.2768333333333333,-0.2881458069235326,0.2881458069235326,11,Thursday,6
2009-06-25 12:00:00,0.2296333333333333,0.6188679203572173,0.3010666666666666,-0.3892345870238839,0.3892345870238839,12,Thursday,6
2009-06-25 13:00:00,0.3168666666666667,0.4322248458111599,0.2861666666666666,-0.1153581791444932,0.1153581791444932,13,Thursday,6
2009-06-25 14:00:00,0.2817333333333333,0.3944148941079987,0.2296333333333333,-0.1126815607746654,0.1126815607746654,14,Thursday,6
2009-06-25 15:00:00,0.299,0.4626282559163339,0.3168666666666667,-0.1636282559163339,0.1636282559163339,15,Thursday,6
2009-06-25 16:00:00,0.8864,0.5610264506170525,0.2817333333333333,0.3253735493829475,0.3253735493829475,16,Thursday,6
2009-06-25 17:00:00,0.4514666666666667,0.7401587201570424,0.299,-0.2886920534903757,0.2886920534903757,17,Thursday,6
2009-06-25 18:00:00,0.4159666666666666,1.520409433172612,0.8864,-1.1044427665059453,1.1044427665059453,18,Thursday,6
2009-06-25 19:00:00,0.7077000000000001,1.376908584089486,0.4514666666666667,-0.669208584089486,0.669208584089486,19,Thursday,6
2009-06-25 20:00:00,1.2390666666666663,1.2234464100289704,0.4159666666666666,0.0156202566376959,0.0156202566376959,20,Thursday,6
2009-06-25 21:00:00,1.0253333333333334,1.1359482503079643,0.7077000000000001,-0.1106149169746308,0.1106149169746308,21,Thursday,6
2009-06-25 22:00:00,0.3328666666666667,0.8461576643465996,1.2390666666666663,-0.5132909976799329,0.5132909976799329,22,Thursday,6
2009-06-25 23:00:00,0.3094,0.5704161838636841,1.0253333333333334,-0.2610161838636841,0.2610161838636841,23,Thursday,6
2009-06-26 00:00:00,0.3087666666666667,0.370268081554534,0.3328666666666667,-0.0615014148878673,0.0615014148878673,0,Friday,6
2009-06-26 01:00:00,0.2909333333333333,0.3265887350076161,0.3094,-0.0356554016742827,0.0356554016742827,1,Friday,6
2009-06-26 02:00:00,0.2626333333333333,0.3492575472695838,0.3087666666666667,-0.0866242139362505,0.0866242139362505,2,Friday,6
2009-06-26 03:00:00,0.2627333333333334,0.3717875754619159,0.2909333333333333,-0.1090542421285825,0.1090542421285825,3,Friday,6
2009-06-26 04:00:00,0.3196,0.3476981841474483,0.2626333333333333,-0.0280981841474483,0.0280981841474483,4,Friday,6
2009-06-26 05:00:00,1.2109666666666667,0.588117150478573,0.2627333333333334,0.6228495161880937,0.6228495161880937,5,Friday,6
2009-06-26 06:00:00,1.5860333333333334,0.9774812010543394,0.3196,0.608552132278994,0.608552132278994,6,Friday,6
2009-06-26 07:00:00,1.7697666666666667,1.1552104373346657,1.2109666666666667,0.614556229332001,0.614556229332001,7,Friday,6
2009-06-26 08:00:00,1.7118,1.2879121632524124,1.5860333333333334,0.4238878367475875,0.4238878367475875,8,Friday,6
2009-06-26 09:00:00,1.8653333333333333,1.3403634273963088,1.7697666666666667,0.5249699059370245,0.5249699059370245,9,Friday,6
2009-06-26 10:00:00,0.7287333333333333,1.1397040604850732,1.7118,-0.4109707271517399,0.4109707271517399,10,Friday,6
2009-06-26 11:00:00,0.3055666666666666,1.3383856431512715,1.8653333333333333,-1.0328189764846052,1.0328189764846052,11,Friday,6
2009-06-26 12:00:00,0.3132333333333333,0.8020798600539015,0.7287333333333333,-0.4888465267205682,0.4888465267205682,12,Friday,6
2009-06-26 13:00:00,0.4460333333333333,0.5621533828155669,0.3055666666666666,-0.1161200494822336,0.1161200494822336,13,Friday,6
2009-06-26 14:00:00,0.3521333333333333,0.6147710760481309,0.3132333333333333,-0.2626377427147975,0.2626377427147975,14,Friday,6
2009-06-26 15:00:00,0.3268,0.7382474760185391,0.4460333333333333,-0.4114474760185391,0.4114474760185391,15,Friday,6
2009-06-26 16:00:00,1.3851,0.6626442704160939,0.3521333333333333,0.7224557295839061,0.7224557295839061,16,Friday,6
2009-06-26 17:00:00,0.5512666666666667,0.9862352713019472,0.3268,-0.4349686046352804,0.4349686046352804,17,Friday,6
2009-06-26 18:00:00,1.5105,1.6190120802231014,1.3851,-0.1085120802231014,0.1085120802231014,18,Friday,6
2009-06-26 19:00:00,0.7102,1.182735683674036,0.5512666666666667,-0.4725356836740361,0.4725356836740361,19,Friday,6
2009-06-26 20:00:00,1.1146,1.5803852175074482,1.5105,-0.4657852175074481,0.4657852175074481,20,Friday,6
2009-06-26 21:00:00,1.8949333333333327,1.144083538498485,0.7102,0.7508497948348476,0.7508497948348476,21,Friday,6
2009-06-26 22:00:00,1.7516333333333334,0.8700299622541773,1.1146,0.8816033710791561,0.8816033710791561,22,Friday,6
2009-06-26 23:00:00,2.0139666666666667,0.6497373280360299,1.8949333333333327,1.3642293386306368,1.3642293386306368,23,Friday,6
2009-06-27 00:00:00,1.1808,0.9386939219944412,1.7516333333333334,0.2421060780055587,0.2421060780055587,0,Saturday,6
2009-06-27 01:00:00,0.7337666666666667,1.0092099781971455,2.0139666666666667,-0.2754433115304788,0.2754433115304788,1,Saturday,6
2009-06-27 02:00:00,0.3494666666666666,0.4576983819225872,1.1808,-0.1082317152559206,0.1082317152559206,2,Saturday,6
2009-06-27 03:00:00,0.3112,0.37362468351156,0.7337666666666667,-0.06242468351156,0.06242468351156,3,Saturday,6
2009-06-27 04:00:00,0.3099,0.3379026733133153,0.3494666666666666,-0.0280026733133153,0.0280026733133153,4,Saturday,6
2009-06-27 05:00:00,0.3151666666666666,0.6132052649606029,0.3112,-0.2980385982939363,0.2980385982939363,5,Saturday,6
2009-06-27 06:00:00,0.5666666666666667,0.8552612505629364,0.3099,-0.2885945838962698,0.2885945838962698,6,Saturday,6
2009-06-27 07:00:00,0.6204000000000001,1.1195400062302308,0.3151666666666666,-0.4991400062302307,0.4991400062302307,7,Saturday,6
2009-06-27 08:00:00,1.9311333333333327,1.0856766006028509,0.5666666666666667,0.8454567327304818,0.8454567327304818,8,Saturday,6
2009-06-27 09:00:00,2.2455333333333334,1.0596807588484374,0.6204000000000001,1.185852574484896,1.185852574484896,9,Saturday,6
2009-06-27 10:00:00,0.6684,1.476141763420327,1.9311333333333327,-0.8077417634203273,0.8077417634203273,10,Saturday,6
2009-06-27 11:00:00,0.3466333333333333,1.5292759792387185,2.2455333333333334,-1.182642645905385,1.182642645905385,11,Saturday,6
2009-06-27 12:00:00,1.8572333333333333,1.078032462019799,0.6684,0.7792008713135343,0.7792008713135343,12,Saturday,6
2009-06-27 13:00:00,1.6905,1.0038357608421948,0.3466333333333333,0.6866642391578051,0.6866642391578051,13,Saturday,6
2009-06-27 14:00:00,0.3892333333333333,1.507812463280821,1.8572333333333333,-1.1185791299474876,1.1185791299474876,14,Saturday,6
2009-06-27 15:00:00,0.5969,1.5368912504783143,1.6905,-0.9399912504783146,0.9399912504783146,15,Saturday,6
2009-06-27 16:00:00,1.5434,1.205012831560769,0.3892333333333333,0.338387168439231,0.338387168439231,16,Saturday,6
2009-06-27 17:00:00,1.5354,1.3448893233366976,0.5969,0.1905106766633024,0.1905106766633024,17,Saturday,6
2009-06-27 18:00:00,1.4238333333333335,1.924783781662235,1.5434,-0.5009504483289016,0.5009504483289016,18,Saturday,6
2009-06-27 19:00:00,1.8702333333333327,1.982534273298335,1.5354,-0.1123009399650023,0.1123009399650023,19,Saturday,6
2009-06-27 20:00:00,2.085166666666667,1.5837896350973983,1.4238333333333335,0.5013770315692685,0.5013770315692685,20,Saturday,6
2009-06-27 21:00:00,2.732,1.7800021023235826,1.8702333333333327,0.9519978976764176,0.9519978976764176,21,Saturday,6
2009-06-27 22:00:00,1.167266666666667,1.348477693449446,2.085166666666667,-0.1812110267827791,0.1812110267827791,22,Saturday,6
2009-06-27 23:00:00,0.3187666666666667,1.2313422553141755,2.732,-0.9125755886475092,0.9125755886475092,23,Saturday,6
2009-06-28 00:00:00,0.3548666666666667,0.5168766145184996,1.167266666666667,-0.1620099478518329,0.1620099478518329,0,Sunday,6
2009-06-28 01:00:00,0.3202666666666667,0.3729513341835422,0.3187666666666667,-0.0526846675168755,0.0526846675168755,1,Sunday,6
2009-06-28 02:00:00,0.3347333333333333,0.3912165839139658,0.3548666666666667,-0.0564832505806325,0.0564832505806325,2,Sunday,6
2009-06-28 03:00:00,0.3068333333333333,0.3706067519918192,0.3202666666666667,-0.0637734186584859,0.0637734186584859,3,Sunday,6
2009-06-28 04:00:00,0.2672333333333333,0.3922223743580665,0.3347333333333333,-0.1249890410247332,0.1249890410247332,4,Sunday,6
2009-06-28 05:00:00,0.3076,0.6664323653004778,0.3068333333333333,-0.3588323653004778,0.3588323653004778,5,Sunday,6
2009-06-28 06:00:00,0.4345666666666666,0.6054528280019217,0.2672333333333333,-0.170886161335255,0.170886161335255,6,Sunday,6
2009-06-28 07:00:00,1.3193,0.6925955537790051,0.3076,0.6267044462209949,0.6267044462209949,7,Sunday,6
2009-06-28 08:00:00,0.5831,1.0516616721660703,0.4345666666666666,-0.4685616721660706,0.4685616721660706,8,Sunday,6
2009-06-28 09:00:00,0.7758666666666667,1.1544043799184216,1.3193,-0.3785377132517549,0.3785377132517549,9,Sunday,6
2009-06-28 10:00:00,1.7275666666666667,1.2091947683279072,0.5831,0.5183718983387595,0.5183718983387595,10,Sunday,6
2009-06-28 11:00:00,0.9299333333333332,1.0817166028072016,0.7758666666666667,-0.1517832694738684,0.1517832694738684,11,Sunday,6
2009-06-28 12:00:00,0.3287666666666666,1.48068668753832,1.7275666666666667,-1.1519200208716531,1.1519200208716531,12,Sunday,6
2009-06-28 13:00:00,0.3291666666666666,1.1461910812342422,0.9299333333333332,-0.8170244145675756,0.8170244145675756,13,Sunday,6
2009-06-28 14:00:00,0.3813666666666667,0.9170662873935266,0.3287666666666666,-0.5356996207268598,0.5356996207268598,14,Sunday,6
2009-06-28 15:00:00,0.3467,0.9152219405626116,0.3291666666666666,-0.5685219405626116,0.5685219405626116,15,Sunday,6
2009-06-28 16:00:00,0.9075333333333332,1.0165302052283802,0.3813666666666667,-0.108996871895047,0.108996871895047,16,Sunday,6
2009-06-28 17:00:00,1.6843666666666666,1.0984808688318282,0.3467,0.5858857978348384,0.5858857978348384,17,Sunday,6
2009-06-28 18:00:00,0.8205666666666667,1.3365729421518624,0.9075333333333332,-0.5160062754851957,0.5160062754851957,18,Sunday,6
2009-06-28 19:00:00,1.2926666666666666,1.9076977011914489,1.6843666666666666,-0.6150310345247822,0.6150310345247822,19,Sunday,6
2009-06-28 20:00:00,1.3059666666666667,1.3130889342236085,0.8205666666666667,-0.0071222675569415,0.0071222675569415,20,Sunday,6
2009-06-28 21:00:00,1.526333333333333,1.210344334209505,1.2926666666666666,0.315988999123828,0.315988999123828,21,Sunday,6
2009-06-28 22:00:00,0.7525,0.8441235536521422,1.3059666666666667,-0.0916235536521422,0.0916235536521422,22,Sunday,6
2009-06-28 23:00:00,0.3733333333333333,0.6695334717068077,1.526333333333333,-0.2962001383734743,0.2962001383734743,23,Sunday,6
2009-06-29 00:00:00,0.3396,0.3737823995313513,0.7525,-0.0341823995313513,0.0341823995313513,0,Monday,6
2009-06-29 01:00:00,0.3545,0.3457406553223716,0.3733333333333333,0.0087593446776283,0.0087593446776283,1,Monday,6
2009-06-29 02:00:00,0.5327333333333333,0.3642684086206963,0.3396,0.1684649247126369,0.1684649247126369,2,Monday,6
2009-06-29 03:00:00,0.6917000000000001,0.3482793234045372,0.3545,0.3434206765954629,0.3434206765954629,3,Monday,6
2009-06-29 04:00:00,0.8956666666666667,0.3767153155032454,0.5327333333333333,0.5189513511634214,0.5189513511634214,4,Monday,6
2009-06-29 05:00:00,0.5673333333333334,0.8060610144592387,0.6917000000000001,-0.2387276811259053,0.2387276811259053,5,Monday,6
2009-06-29 06:00:00,1.5932,1.241396588532517,0.8956666666666667,0.3518034114674828,0.3518034114674828,6,Monday,6
2009-06-29 07:00:00,1.1245,1.153939145211279,0.5673333333333334,-0.0294391452112789,0.0294391452112789,7,Monday,6
2009-06-29 08:00:00,0.8135,1.19737617481431,1.5932,-0.3838761748143099,0.3838761748143099,8,Monday,6
2009-06-29 09:00:00,0.4021666666666667,0.7379028626399464,1.1245,-0.3357361959732797,0.3357361959732797,9,Monday,6
2009-06-29 10:00:00,0.4406666666666667,0.7399615091330325,0.8135,-0.2992948424663658,0.2992948424663658,10,Monday,6
2009-06-29 11:00:00,0.4278666666666667,0.6446680439393887,0.4021666666666667,-0.216801377272722,0.216801377272722,11,Monday,6
2009-06-29 12:00:00,0.3056333333333333,0.6383384399563002,0.4406666666666667,-0.3327051066229669,0.3327051066229669,12,Monday,6
2009-06-29 13:00:00,0.4149666666666666,0.7744858724114208,0.4278666666666667,-0.3595192057447541,0.3595192057447541,13,Monday,6
2009-06-29 14:00:00,0.4107,0.6143575408108177,0.3056333333333333,-0.2036575408108177,0.2036575408108177,14,Monday,6
2009-06-29 15:00:00,0.7136,0.6230558054526448,0.4149666666666666,0.0905441945473551,0.0905441945473551,15,Monday,6
2009-06-29 16:00:00,0.6327666666666667,0.6516936585594072,0.4107,-0.0189269918927404,0.0189269918927404,16,Monday,6
2009-06-29 17:00:00,1.3908666666666667,0.849880613558028,0.7136,0.5409860531086387,0.5409860531086387,17,Monday,6
2009-06-29 18:00:00,0.4706666666666666,1.2465735792153867,0.6327666666666667,-0.7759069125487201,0.7759069125487201,18,Monday,6
2009-06-29 19:00:00,0.5301666666666667,1.3504632767517488,1.3908666666666667,-0.8202966100850821,0.8202966100850821,19,Monday,6
2009-06-29 20:00:00,0.6917000000000001,1.2265767448135585,0.4706666666666666,-0.5348767448135584,0.5348767448135584,20,Monday,6
2009-06-29 21:00:00,1.8731666666666664,1.082710131005876,0.5301666666666667,0.7904565356607904,0.7904565356607904,21,Monday,6
2009-06-29 22:00:00,0.8445666666666667,0.8979061997256368,0.6917000000000001,-0.0533395330589701,0.0533395330589701,22,Monday,6
2009-06-29 23:00:00,0.5018333333333334,0.6294376643824305,1.8731666666666664,-0.1276043310490971,0.1276043310490971,23,Monday,6
2009-06-30 00:00:00,0.3089,0.3900633911322109,0.8445666666666667,-0.0811633911322109,0.0811633911322109,0,Tuesday,6
2009-06-30 01:00:00,0.3322666666666666,0.3663976983494133,0.5018333333333334,-0.0341310316827467,0.0341310316827467,1,Tuesday,6
2009-06-30 02:00:00,0.2887333333333333,0.3403682570271292,0.3089,-0.0516349236937959,0.0516349236937959,2,Tuesday,6
2009-06-30 03:00:00,0.3341666666666666,0.3859793804634787,0.3322666666666666,-0.051812713796812,0.051812713796812,3,Tuesday,6
2009-06-30 04:00:00,0.2804,0.3849048310415836,0.2887333333333333,-0.1045048310415836,0.1045048310415836,4,Tuesday,6
2009-06-30 05:00:00,0.9269333333333332,0.8200550448288555,0.3341666666666666,0.1068782885044776,0.1068782885044776,5,Tuesday,6
2009-06-30 06:00:00,1.5512333333333332,1.2706464587883386,0.2804,0.2805868745449946,0.2805868745449946,6,Tuesday,6
2009-06-30 07:00:00,1.5156999999999998,1.257889086874667,0.9269333333333332,0.2578109131253328,0.2578109131253328,7,Tuesday,6
2009-06-30 08:00:00,1.6702666666666666,1.1651139003370898,1.5512333333333332,0.5051527663295767,0.5051527663295767,8,Tuesday,6
2009-06-30 09:00:00,1.7890666666666666,1.0163011149948136,1.5156999999999998,0.772765551671853,0.772765551671853,9,Tuesday,6
2009-06-30 10:00:00,1.578566666666667,1.0909393521085755,1.6702666666666666,0.4876273145580914,0.4876273145580914,10,Tuesday,6
2009-06-30 11:00:00,0.5493333333333333,1.276730789091438,1.7890666666666666,-0.7273974557581048,0.7273974557581048,11,Tuesday,6
2009-06-30 12:00:00,1.0064,1.0232290641817088,1.578566666666667,-0.0168290641817088,0.0168290641817088,12,Tuesday,6
2009-06-30 13:00:00,0.8688333333333333,0.6967016291502137,0.5493333333333333,0.1721317041831196,0.1721317041831196,13,Tuesday,6
2009-06-30 14:00:00,0.6869333333333334,0.7332863362270988,1.0064,-0.0463530028937654,0.0463530028937654,14,Tuesday,6
2009-06-30 15:00:00,0.4977666666666666,0.7210003119934263,0.8688333333333333,-0.2232336453267597,0.2232336453267597,15,Tuesday,6
2009-06-30 16:00:00,0.4886333333333333,0.691813804286633,0.6869333333333334,-0.2031804709532996,0.2031804709532996,16,Tuesday,6
2009-06-30 17:00:00,0.9514,0.8473838337256223,0.4977666666666666,0.1040161662743777,0.1040161662743777,17,Tuesday,6
2009-06-30 18:00:00,0.5314,1.2057594170453954,0.4886333333333333,-0.6743594170453954,0.6743594170453954,18,Tuesday,6
2009-06-30 19:00:00,1.4445666666666666,1.270773537945541,0.9514,0.1737931287211256,0.1737931287211256,19,Tuesday,6
2009-06-30 20:00:00,0.8034666666666667,1.2602268413972872,0.5314,-0.4567601747306206,0.4567601747306206,20,Tuesday,6
2009-06-30 21:00:00,0.5581999999999999,1.2727549425068234,1.4445666666666666,-0.7145549425068235,0.7145549425068235,21,Tuesday,6
2009-06-30 22:00:00,0.4090999999999999,0.8273289566024651,0.8034666666666667,-0.4182289566024652,0.4182289566024652,22,Tuesday,6
2009-06-30 23:00:00,0.3747999999999999,0.6294081511230926,0.5581999999999999,-0.2546081511230926,0.2546081511230926,23,Tuesday,6
2009-07-01 00:00:00,0.4019,0.3456920145759697,0.4090999999999999,0.0562079854240302,0.0562079854240302,0,Wednesday,7
2009-07-01 01:00:00,0.3491333333333333,0.3545795787765746,0.3747999999999999,-0.0054462454432412,0.0054462454432412,1,Wednesday,7
2009-07-01 02:00:00,0.3987,0.3595127184065366,0.4019,0.0391872815934633,0.0391872815934633,2,Wednesday,7
2009-07-01 03:00:00,0.3596,0.3469696065298685,0.3491333333333333,0.0126303934701314,0.0126303934701314,3,Wednesday,7
2009-07-01 04:00:00,0.8734333333333333,0.3595086013660158,0.3987,0.5139247319673175,0.5139247319673175,4,Wednesday,7
2009-07-01 05:00:00,1.1159,0.7895141028553117,0.3596,0.3263858971446882,0.3263858971446882,5,Wednesday,7
2009-07-01 06:00:00,1.8274666666666664,1.3311609409681342,0.8734333333333333,0.4963057256985321,0.4963057256985321,6,Wednesday,7
2009-07-01 07:00:00,1.6091333333333333,1.3421619746542333,1.1159,0.2669713586791,0.2669713586791,7,Wednesday,7
2009-07-01 08:00:00,1.3554,1.2861851202690469,1.8274666666666664,0.069214879730953,0.069214879730953,8,Wednesday,7
2009-07-01 09:00:00,0.3872666666666667,1.0783097221846334,1.6091333333333333,-0.6910430555179667,0.6910430555179667,9,Wednesday,7
2009-07-01 10:00:00,0.5745333333333333,0.9382014708953834,1.3554,-0.3636681375620501,0.3636681375620501,10,Wednesday,7
2009-07-01 11:00:00,0.4858666666666666,0.7423994975474597,0.3872666666666667,-0.2565328308807931,0.2565328308807931,11,Wednesday,7
2009-07-01 12:00:00,1.0118,0.7888056135664879,0.5745333333333333,0.2229943864335121,0.2229943864335121,12,Wednesday,7
2009-07-01 13:00:00,0.9326333333333332,0.694615612297869,0.4858666666666666,0.2380177210354642,0.2380177210354642,13,Wednesday,7
2009-07-01 14:00:00,0.3920666666666667,0.774407116851894,1.0118,-0.3823404501852273,0.3823404501852273,14,Wednesday,7
2009-07-01 15:00:00,1.4519666666666666,0.7378727270449198,0.9326333333333332,0.7140939396217468,0.7140939396217468,15,Wednesday,7
2009-07-01 16:00:00,1.6626333333333332,0.6726771900133861,0.3920666666666667,0.9899561433199472,0.9899561433199472,16,Wednesday,7
2009-07-01 17:00:00,1.0058333333333334,1.0831143241486454,1.4519666666666666,-0.077280990815312,0.077280990815312,17,Wednesday,7
2009-07-01 18:00:00,0.9051,1.562152363012033,1.6626333333333332,-0.6570523630120331,0.6570523630120331,18,Wednesday,7
2009-07-01 19:00:00,0.6473333333333334,1.2357567289554734,1.0058333333333334,-0.58842339562214,0.58842339562214,19,Wednesday,7
2009-07-01 20:00:00,0.6779333333333334,1.413150978199636,0.9051,-0.7352176448663025,0.7352176448663025,20,Wednesday,7
2009-07-01 21:00:00,1.0746,1.1441738304568878,0.6473333333333334,-0.0695738304568878,0.0695738304568878,21,Wednesday,7
2009-07-01 22:00:00,0.4306666666666666,0.9090679614333668,0.6779333333333334,-0.4784012947667003,0.4784012947667003,22,Wednesday,7
2009-07-01 23:00:00,0.5183,0.6163074362546453,1.0746,-0.0980074362546453,0.0980074362546453,23,Wednesday,7
2009-07-02 00:00:00,0.4200666666666667,0.3558428775751458,0.4306666666666666,0.0642237890915208,0.0642237890915208,0,Thursday,7
2009-07-02 01:00:00,0.3812666666666667,0.3558428775751458,0.5183,0.0254237890915208,0.0254237890915208,1,Thursday,7
2009-07-02 02:00:00,0.3732,0.3595127184065366,0.4200666666666667,0.0136872815934633,0.0136872815934633,2,Thursday,7
2009-07-02 03:00:00,0.3741333333333333,0.3603458814667578,0.3812666666666667,0.0137874518665754,0.0137874518665754,3,Thursday,7
2009-07-02 04:00:00,0.3481666666666667,0.3693700333850522,0.3732,-0.0212033667183855,0.0212033667183855,4,Thursday,7
2009-07-02 05:00:00,1.7049,0.8300850259429919,0.3741333333333333,0.8748149740570081,0.8748149740570081,5,Thursday,7
2009-07-02 06:00:00,1.4705,1.384154288884043,0.3481666666666667,0.0863457111159569,0.0863457111159569,6,Thursday,7
2009-07-02 07:00:00,0.4395666666666666,1.4048310871002163,1.7049,-0.96526442043355,0.96526442043355,7,Thursday,7
2009-07-02 08:00:00,1.395233333333333,1.161283986832473,1.4705,0.2339493465008602,0.2339493465008602,8,Thursday,7
2009-07-02 09:00:00,1.6396666666666666,0.8460807078656934,0.4395666666666666,0.7935859588009732,0.7935859588009732,9,Thursday,7
2009-07-02 10:00:00,0.4241999999999999,0.8166572256337397,1.395233333333333,-0.3924572256337397,0.3924572256337397,10,Thursday,7
2009-07-02 11:00:00,0.6557999999999999,1.0228819631631434,1.6396666666666666,-0.3670819631631434,0.3670819631631434,11,Thursday,7
2009-07-02 12:00:00,0.7401666666666668,0.6287370726478269,0.4241999999999999,0.1114295940188399,0.1114295940188399,12,Thursday,7
2009-07-02 13:00:00,0.5313,0.6032779028497045,0.6557999999999999,-0.0719779028497045,0.0719779028497045,13,Thursday,7
2009-07-02 14:00:00,0.3677333333333333,0.6282332740491575,0.7401666666666668,-0.2604999407158242,0.2604999407158242,14,Thursday,7
2009-07-02 15:00:00,0.7414333333333333,0.6097777529884975,0.5313,0.1316555803448358,0.1316555803448358,15,Thursday,7
2009-07-02 16:00:00,1.2932333333333332,0.5342498102306799,0.3677333333333333,0.7589835231026534,0.7589835231026534,16,Thursday,7
2009-07-02 17:00:00,1.2718333333333334,1.001897232321828,0.7414333333333333,0.2699361010115053,0.2699361010115053,17,Thursday,7
2009-07-02 18:00:00,0.5774333333333334,1.2466235889112829,1.2932333333333332,-0.6691902555779493,0.6691902555779493,18,Thursday,7
2009-07-02 19:00:00,1.239,1.280291693991838,1.2718333333333334,-0.0412916939918379,0.0412916939918379,19,Thursday,7
2009-07-02 20:00:00,1.9056333333333333,1.2536093403937243,0.5774333333333334,0.652023992939609,0.652023992939609,20,Thursday,7
2009-07-02 21:00:00,1.408,1.1651413632479195,1.239,0.2428586367520802,0.2428586367520802,21,Thursday,7
2009-07-02 22:00:00,0.4888666666666666,0.8477244388208504,1.9056333333333333,-0.3588577721541837,0.3588577721541837,22,Thursday,7
2009-07-02 23:00:00,0.3928333333333333,0.6156034144341612,1.408,-0.2227700811008279,0.2227700811008279,23,Thursday,7
2009-07-03 00:00:00,0.2830666666666667,0.3685725052904975,0.4888666666666666,-0.0855058386238308,0.0855058386238308,0,Friday,7
2009-07-03 01:00:00,0.3554,0.3545795787765746,0.3928333333333333,0.0008204212234254,0.0008204212234254,1,Friday,7
2009-07-03 02:00:00,0.2952333333333333,0.3426208164957931,0.2830666666666667,-0.0473874831624598,0.0473874831624598,2,Friday,7
2009-07-03 03:00:00,0.3352666666666666,0.3608695874776763,0.3554,-0.0256029208110097,0.0256029208110097,3,Friday,7
2009-07-03 04:00:00,0.2789,0.3348144500628103,0.2952333333333333,-0.0559144500628103,0.0559144500628103,4,Friday,7
2009-07-03 05:00:00,0.4419,0.8274561300588122,0.3352666666666666,-0.3855561300588122,0.3855561300588122,5,Friday,7
2009-07-03 06:00:00,2.0542333333333334,1.4392995921666845,0.2789,0.6149337411666489,0.6149337411666489,6,Friday,7
2009-07-03 07:00:00,1.2156333333333331,1.454678569456527,0.4419,-0.2390452361231938,0.2390452361231938,7,Friday,7
2009-07-03 08:00:00,0.7424666666666667,1.2828903071380244,2.0542333333333334,-0.5404236404713577,0.5404236404713577,8,Friday,7
2009-07-03 09:00:00,0.3391333333333333,0.9692035625648696,1.2156333333333331,-0.6300702292315362,0.6300702292315362,9,Friday,7
2009-07-03 10:00:00,0.3303666666666666,0.926958928390155,0.7424666666666667,-0.5965922617234884,0.5965922617234884,10,Friday,7
2009-07-03 11:00:00,0.3386333333333333,0.7597202721089292,0.3391333333333333,-0.4210869387755959,0.4210869387755959,11,Friday,7
2009-07-03 12:00:00,0.307,0.5797712081246362,0.3303666666666666,-0.2727712081246362,0.2727712081246362,12,Friday,7
2009-07-03 13:00:00,0.3343,0.5941369277384868,0.3386333333333333,-0.2598369277384868,0.2598369277384868,13,Friday,7
2009-07-03 14:00:00,0.4308666666666667,0.5048849847243457,0.307,-0.074018318057679,0.074018318057679,14,Friday,7
2009-07-03 15:00:00,0.3823,0.6376761363340847,0.3343,-0.2553761363340847,0.2553761363340847,15,Friday,7
2009-07-03 16:00:00,1.1972333333333334,0.6498673692799671,0.4308666666666667,0.5473659640533662,0.5473659640533662,16,Friday,7
2009-07-03 17:00:00,1.3201,0.9338694293494008,0.3823,0.3862305706505992,0.3862305706505992,17,Friday,7
2009-07-03 18:00:00,1.455833333333333,1.3593519979581137,1.1972333333333334,0.0964813353752196,0.0964813353752196,18,Friday,7
2009-07-03 19:00:00,0.3479,1.3080352969497195,1.3201,-0.9601352969497196,0.9601352969497196,19,Friday,7
2009-07-03 20:00:00,0.3333666666666666,1.6045264632119896,1.455833333333333,-1.271159796545323,1.271159796545323,20,Friday,7
2009-07-03 21:00:00,0.3092,1.0629368369488903,0.3479,-0.7537368369488906,0.7537368369488906,21,Friday,7
2009-07-03 22:00:00,0.5813,0.7518311062252812,0.3333666666666666,-0.1705311062252811,0.1705311062252811,22,Friday,7
2009-07-03 23:00:00,0.2948,0.6743558884481048,0.3092,-0.3795558884481048,0.3795558884481048,23,Friday,7
2009-07-04 00:00:00,0.3241333333333333,0.4190922326538186,0.5813,-0.0949588993204853,0.0949588993204853,0,Saturday,7
2009-07-04 01:00:00,0.2804,0.3398823937773214,0.2948,-0.0594823937773214,0.0594823937773214,1,Saturday,7
2009-07-04 02:00:00,0.3513333333333333,0.354183674762507,0.3241333333333333,-0.0028503414291737,0.0028503414291737,2,Saturday,7
2009-07-04 03:00:00,0.8688,0.3442636076986166,0.2804,0.5245363923013834,0.5245363923013834,3,Saturday,7
2009-07-04 04:00:00,0.3151666666666666,0.375711740978679,0.3513333333333333,-0.0605450743120124,0.0605450743120124,4,Saturday,7
2009-07-04 05:00:00,0.2698666666666666,0.651615317355814,0.8688,-0.3817486506891474,0.3817486506891474,5,Saturday,7
2009-07-04 06:00:00,0.5873333333333334,0.6899722743843001,0.3151666666666666,-0.1026389410509667,0.1026389410509667,6,Saturday,7
2009-07-04 07:00:00,1.0962666666666665,0.8463118552768973,0.2698666666666666,0.2499548113897691,0.2499548113897691,7,Saturday,7
2009-07-04 08:00:00,0.7615999999999999,0.8485287470034196,0.5873333333333334,-0.0869287470034196,0.0869287470034196,8,Saturday,7
2009-07-04 09:00:00,1.1438,0.9780778717919776,1.0962666666666665,0.1657221282080222,0.1657221282080222,9,Saturday,7
2009-07-04 10:00:00,0.7314,0.8684949569253362,0.7615999999999999,-0.1370949569253361,0.1370949569253361,10,Saturday,7
2009-07-04 11:00:00,1.0513666666666668,0.8953770917773735,1.1438,0.1559895748892933,0.1559895748892933,11,Saturday,7
2009-07-04 12:00:00,1.6343666666666663,0.9791272608535876,0.7314,0.6552394058130788,0.6552394058130788,12,Saturday,7
2009-07-04 13:00:00,0.8959666666666667,0.9852379677931667,1.0513666666666668,-0.0892713011265001,0.0892713011265001,13,Saturday,7
2009-07-04 14:00:00,0.6047,1.2548093908278148,1.6343666666666663,-0.6501093908278148,0.6501093908278148,14,Saturday,7
2009-07-04 15:00:00,1.0897666666666666,1.0592861904293798,0.8959666666666667,0.0304804762372867,0.0304804762372867,15,Saturday,7
2009-07-04 16:00:00,1.745866666666667,1.0434943785720827,0.6047,0.7023722880945842,0.7023722880945842,16,Saturday,7
2009-07-04 17:00:00,0.8503000000000001,1.0525222444830593,1.0897666666666666,-0.2022222444830592,0.2022222444830592,17,Saturday,7
2009-07-04 18:00:00,0.6205333333333333,1.904202943488374,1.745866666666667,-1.2836696101550409,1.2836696101550409,18,Saturday,7
2009-07-04 19:00:00,0.5647666666666668,1.250456746810358,0.8503000000000001,-0.6856900801436913,0.6856900801436913,19,Saturday,7
2009-07-04 20:00:00,1.261,1.2735393690663517,0.6205333333333333,-0.0125393690663517,0.0125393690663517,20,Saturday,7
2009-07-04 21:00:00,2.071733333333333,1.167657778126839,0.5647666666666668,0.904075555206494,0.904075555206494,21,Saturday,7
2009-07-04 22:00:00,1.2275333333333334,1.0264293252981476,1.261,0.2011040080351858,0.2011040080351858,22,Saturday,7
2009-07-04 23:00:00,1.3399,0.8667668366964626,2.071733333333333,0.4731331633035375,0.4731331633035375,23,Saturday,7
2009-07-05 00:00:00,1.7968666666666666,0.3896971648163944,1.2275333333333334,1.407169501850272,1.407169501850272,0,Sunday,7
2009-07-05 01:00:00,0.4760333333333333,0.400919043778748,1.3399,0.0751142895545853,0.0751142895545853,1,Sunday,7
2009-07-05 02:00:00,0.4067,0.8603986510644636,1.7968666666666666,-0.4536986510644635,0.4536986510644635,2,Sunday,7
2009-07-05 03:00:00,0.3752,0.3579043399594857,0.4760333333333333,0.0172956600405143,0.0172956600405143,3,Sunday,7
2009-07-05 04:00:00,0.4433666666666667,0.3828144760932272,0.4067,0.0605521905734394,0.0605521905734394,4,Sunday,7
2009-07-05 05:00:00,0.4053333333333333,0.6726159851585628,0.3752,-0.2672826518252295,0.2672826518252295,5,Sunday,7
2009-07-05 06:00:00,0.3420666666666667,0.6292489603513243,0.4433666666666667,-0.2871822936846576,0.2871822936846576,6,Sunday,7
2009-07-05 07:00:00,0.6296999999999999,0.752213594738908,0.4053333333333333,-0.1225135947389081,0.1225135947389081,7,Sunday,7
2009-07-05 08:00:00,2.0231666666666666,0.9905355999907262,0.3420666666666667,1.0326310666759404,1.0326310666759404,8,Sunday,7
2009-07-05 09:00:00,0.6434333333333334,1.009173605075643,0.6296999999999999,-0.3657402717423096,0.3657402717423096,9,Sunday,7
2009-07-05 10:00:00,1.0023666666666666,1.523617788154893,2.0231666666666666,-0.521251121488226,0.521251121488226,10,Sunday,7
2009-07-05 11:00:00,0.846,1.0804647388913922,0.6434333333333334,-0.2344647388913922,0.2344647388913922,11,Sunday,7
2009-07-05 12:00:00,1.6655666666666666,1.1186576688885028,1.0023666666666666,0.5469089977781638,0.5469089977781638,12,Sunday,7
2009-07-05 13:00:00,1.310366666666667,1.1144502048456904,0.846,0.1959164618209765,0.1959164618209765,13,Sunday,7
2009-07-05 14:00:00,0.6679666666666667,1.4244849354898823,1.6655666666666666,-0.7565182688232156,0.7565182688232156,14,Sunday,7
2009-07-05 15:00:00,0.904,1.0587386937854817,1.310366666666667,-0.1547386937854816,0.1547386937854816,15,Sunday,7
2009-07-05 16:00:00,0.7600333333333332,1.0276839201037034,0.6679666666666667,-0.2676505867703701,0.2676505867703701,16,Sunday,7
2009-07-05 17:00:00,0.4668666666666666,1.1499780862363806,0.904,-0.6831114195697141,0.6831114195697141,17,Sunday,7
2009-07-05 18:00:00,2.3997666666666664,1.4022922691043993,0.7600333333333332,0.9974743975622672,0.9974743975622672,18,Sunday,7
2009-07-05 19:00:00,1.2126333333333332,1.4064939886522263,0.4668666666666666,-0.193860655318893,0.193860655318893,19,Sunday,7
2009-07-05 20:00:00,1.8672,2.3227271482725658,2.3997666666666664,-0.4555271482725658,0.4555271482725658,20,Sunday,7
2009-07-05 21:00:00,1.1488,1.2588166045649798,1.2126333333333332,-0.1100166045649797,0.1100166045649797,21,Sunday,7
2009-07-05 22:00:00,0.3789333333333333,1.0964696113442949,1.8672,-0.7175362780109613,0.7175362780109613,22,Sunday,7
2009-07-05 23:00:00,0.3422,0.5049527958035381,1.1488,-0.1627527958035381,0.1627527958035381,23,Sunday,7
2009-07-06 00:00:00,0.2865333333333333,0.383424868358296,0.3789333333333333,-0.0968915350249626,0.0968915350249626,0,Monday,7
2009-07-06 01:00:00,0.3295333333333333,0.4041273250705438,0.3422,-0.0745939917372105,0.0745939917372105,1,Monday,7
2009-07-06 02:00:00,0.3752,0.3268389263319269,0.2865333333333333,0.048361073668073,0.048361073668073,2,Monday,7
2009-07-06 03:00:00,0.2881999999999999,0.3479362638485321,0.3295333333333333,-0.0597362638485322,0.0597362638485322,3,Monday,7
2009-07-06 04:00:00,0.2921666666666667,0.3466245441700251,0.3752,-0.0544578775033584,0.0544578775033584,4,Monday,7
2009-07-06 05:00:00,0.7809333333333334,0.7956942191755539,0.2881999999999999,-0.0147608858422205,0.0147608858422205,5,Monday,7
2009-07-06 06:00:00,1.474,1.2285634043023117,0.2921666666666667,0.2454365956976885,0.2454365956976885,6,Monday,7
2009-07-06 07:00:00,1.4256333333333333,1.1362516291737392,0.7809333333333334,0.2893817041595941,0.2893817041595941,7,Monday,7
2009-07-06 08:00:00,1.3880666666666668,1.0497306108786033,1.474,0.3383360557880635,0.3383360557880635,8,Monday,7
2009-07-06 09:00:00,0.2822333333333333,0.99341532606451,1.4256333333333333,-0.7111819927311767,0.7111819927311767,9,Monday,7
2009-07-06 10:00:00,0.3061333333333333,0.861979492019431,1.3880666666666668,-0.5558461586860977,0.5558461586860977,10,Monday,7
2009-07-06 11:00:00,0.2768666666666667,0.4516054246278232,0.2822333333333333,-0.1747387579611565,0.1747387579611565,11,Monday,7
2009-07-06 12:00:00,0.2838666666666666,0.4512343044564659,0.3061333333333333,-0.1673676377897993,0.1673676377897993,12,Monday,7
2009-07-06 13:00:00,0.3155666666666666,0.4281218746693123,0.2768666666666667,-0.1125552080026457,0.1125552080026457,13,Monday,7
2009-07-06 14:00:00,0.356,0.403747870147675,0.2838666666666666,-0.047747870147675,0.047747870147675,14,Monday,7
2009-07-06 15:00:00,0.2924,0.4836334573762418,0.3155666666666666,-0.1912334573762418,0.1912334573762418,15,Monday,7
2009-07-06 16:00:00,0.3015333333333333,0.6436076004525089,0.356,-0.3420742671191755,0.3420742671191755,16,Monday,7
2009-07-06 17:00:00,0.3657666666666667,0.7013070550391264,0.2924,-0.3355403883724597,0.3355403883724597,17,Monday,7
2009-07-06 18:00:00,1.0350666666666666,0.9307534614885457,0.3015333333333333,0.104313205178121,0.104313205178121,18,Monday,7
2009-07-06 19:00:00,0.6712,1.2240860421608482,0.3657666666666667,-0.5528860421608481,0.5528860421608481,19,Monday,7
2009-07-06 20:00:00,1.2574,1.1604092112428708,1.0350666666666666,0.0969907887571293,0.0969907887571293,20,Monday,7
2009-07-06 21:00:00,1.7545,1.1225574349314784,0.6712,0.6319425650685215,0.6319425650685215,21,Monday,7
2009-07-06 22:00:00,1.4233333333333331,0.7745607188625452,1.2574,0.6487726144707879,0.6487726144707879,22,Monday,7
2009-07-06 23:00:00,0.7818333333333333,0.6075160233703581,1.7545,0.1743173099629751,0.1743173099629751,23,Monday,7
2009-07-07 00:00:00,0.3022,0.5906263958415853,1.4233333333333331,-0.2884263958415852,0.2884263958415852,0,Tuesday,7
2009-07-07 01:00:00,0.3011,0.3677081432789922,0.7818333333333333,-0.0666081432789922,0.0666081432789922,1,Tuesday,7
2009-07-07 02:00:00,0.3483666666666666,0.3514853301606024,0.3022,-0.0031186634939358,0.0031186634939358,2,Tuesday,7
2009-07-07 03:00:00,0.2916999999999999,0.3572670274200685,0.3011,-0.0655670274200686,0.0655670274200686,3,Tuesday,7
2009-07-07 04:00:00,0.2042333333333333,0.3698068063122171,0.3483666666666666,-0.1655734729788838,0.1655734729788838,4,Tuesday,7
2009-07-07 05:00:00,1.0456333333333334,0.7290158403040251,0.2916999999999999,0.3166174930293083,0.3166174930293083,5,Tuesday,7
2009-07-07 06:00:00,1.1804666666666668,1.283815233314929,0.2042333333333333,-0.1033485666482623,0.1033485666482623,6,Tuesday,7
2009-07-07 07:00:00,1.3666333333333334,1.294795893869373,1.0456333333333334,0.07183743946396,0.07183743946396,7,Tuesday,7
2009-07-07 08:00:00,0.4117333333333333,1.047820115012739,1.1804666666666668,-0.6360867816794058,0.6360867816794058,8,Tuesday,7
2009-07-07 09:00:00,1.034,1.0240684776764326,1.3666333333333334,0.0099315223235674,0.0099315223235674,9,Tuesday,7
2009-07-07 10:00:00,0.5875666666666667,0.6672360177770184,0.4117333333333333,-0.0796693511103516,0.0796693511103516,10,Tuesday,7
2009-07-07 11:00:00,0.3425666666666667,0.822794916528996,1.034,-0.4802282498623292,0.4802282498623292,11,Tuesday,7
2009-07-07 12:00:00,0.2618333333333333,0.7069203469423634,0.5875666666666667,-0.4450870136090301,0.4450870136090301,12,Tuesday,7
2009-07-07 13:00:00,0.2955,0.729722035217048,0.3425666666666667,-0.434222035217048,0.434222035217048,13,Tuesday,7
2009-07-07 14:00:00,0.3304,0.5941326354388641,0.2618333333333333,-0.263732635438864,0.263732635438864,14,Tuesday,7
2009-07-07 15:00:00,0.3185333333333334,0.6477613034839013,0.2955,-0.3292279701505679,0.3292279701505679,15,Tuesday,7
2009-07-07 16:00:00,0.5466333333333334,0.6331225009598228,0.3304,-0.0864891676264894,0.0864891676264894,16,Tuesday,7
2009-07-07 17:00:00,1.501,0.749834272061158,0.3185333333333334,0.7511657279388418,0.7511657279388418,17,Tuesday,7
2009-07-07 18:00:00,1.6315333333333333,1.3107486629864584,0.5466333333333334,0.3207846703468748,0.3207846703468748,18,Tuesday,7
2009-07-07 19:00:00,2.3666666666666667,1.494783632067486,1.501,0.8718830345991808,0.8718830345991808,19,Tuesday,7
2009-07-07 20:00:00,1.7551,1.6900774715634954,1.6315333333333333,0.0650225284365046,0.0650225284365046,20,Tuesday,7
2009-07-07 21:00:00,0.8392333333333333,1.5463773598781712,2.3666666666666667,-0.7071440265448379,0.7071440265448379,21,Tuesday,7
2009-07-07 22:00:00,0.4578,0.9065458681196682,1.7551,-0.4487458681196682,0.4487458681196682,22,Tuesday,7
2009-07-07 23:00:00,0.4197,0.548951806564112,0.8392333333333333,-0.129251806564112,0.129251806564112,23,Tuesday,7
2009-07-08 00:00:00,0.9044,0.3788610674329463,0.4578,0.5255389325670536,0.5255389325670536,0,Wednesday,7
2009-07-08 01:00:00,0.5097333333333334,0.3651406614532529,0.4197,0.1445926718800804,0.1445926718800804,1,Wednesday,7
2009-07-08 02:00:00,0.4059333333333333,0.3913918060856907,0.9044,0.0145415272476426,0.0145415272476426,2,Wednesday,7
2009-07-08 03:00:00,0.3236666666666666,0.361609180265329,0.5097333333333334,-0.0379425135986624,0.0379425135986624,3,Wednesday,7
2009-07-08 04:00:00,0.35,0.3554700524372444,0.4059333333333333,-0.0054700524372444,0.0054700524372444,4,Wednesday,7
2009-07-08 05:00:00,0.4696999999999999,0.7467237256882199,0.3236666666666666,-0.27702372568822,0.27702372568822,5,Wednesday,7
2009-07-08 06:00:00,1.2348,1.384154288884043,0.35,-0.1493542888840431,0.1493542888840431,6,Wednesday,7
2009-07-08 07:00:00,3.0504,1.3502298325905304,0.4696999999999999,1.7001701674094694,1.7001701674094694,7,Wednesday,7
2009-07-08 08:00:00,1.4867333333333332,1.0686753331181378,1.2348,0.4180580002151954,0.4180580002151954,8,Wednesday,7
2009-07-08 09:00:00,1.4225333333333334,1.2582291937988408,3.0504,0.1643041395344926,0.1643041395344926,9,Wednesday,7
2009-07-08 10:00:00,1.423366666666667,0.9932475281174304,1.4867333333333332,0.4301191385492364,0.4301191385492364,10,Wednesday,7
2009-07-08 11:00:00,0.4646333333333333,0.8949304940880386,1.4225333333333334,-0.4302971607547053,0.4302971607547053,11,Wednesday,7
2009-07-08 12:00:00,0.2717333333333333,0.8880292825890685,1.423366666666667,-0.6162959492557352,0.6162959492557352,12,Wednesday,7
2009-07-08 13:00:00,0.3725,0.7381840743312886,0.4646333333333333,-0.3656840743312886,0.3656840743312886,13,Wednesday,7
2009-07-08 14:00:00,0.3409,0.6091103539617078,0.2717333333333333,-0.2682103539617078,0.2682103539617078,14,Wednesday,7
2009-07-08 15:00:00,0.3546666666666667,0.6434121496669144,0.3725,-0.2887454830002477,0.2887454830002477,15,Wednesday,7
2009-07-08 16:00:00,0.3418666666666666,0.669584064764654,0.3409,-0.3277173980979874,0.3277173980979874,16,Wednesday,7
2009-07-08 17:00:00,0.3125333333333333,0.8768277289084537,0.3546666666666667,-0.5642943955751205,0.5642943955751205,17,Wednesday,7
2009-07-08 18:00:00,0.5585666666666668,1.28696701812977,0.3418666666666666,-0.7284003514631033,0.7284003514631033,18,Wednesday,7
2009-07-08 19:00:00,1.4781666666666666,1.107096731551435,0.3125333333333333,0.3710699351152315,0.3710699351152315,19,Wednesday,7
2009-07-08 20:00:00,1.9325333333333328,1.28562276496124,0.5585666666666668,0.6469105683720928,0.6469105683720928,20,Wednesday,7
2009-07-08 21:00:00,1.5284666666666666,1.4090680691138442,1.4781666666666666,0.1193985975528224,0.1193985975528224,21,Wednesday,7
2009-07-08 22:00:00,0.6158,0.8559506240026431,1.9325333333333328,-0.2401506240026431,0.2401506240026431,22,Wednesday,7
2009-07-08 23:00:00,0.3592666666666667,0.627974488854096,1.5284666666666666,-0.2687078221874293,0.2687078221874293,23,Wednesday,7
2009-07-09 00:00:00,0.3643,0.3712120158910775,0.6158,-0.0069120158910774,0.0069120158910774,0,Thursday,7
2009-07-09 01:00:00,0.2502333333333333,0.3686982865206641,0.3592666666666667,-0.1184649531873308,0.1184649531873308,1,Thursday,7
2009-07-09 02:00:00,0.3795666666666666,0.3722423461218884,0.3643,0.0073243205447782,0.0073243205447782,2,Thursday,7
2009-07-09 03:00:00,0.3292,0.3243425475081771,0.2502333333333333,0.0048574524918229,0.0048574524918229,3,Thursday,7
2009-07-09 04:00:00,0.2508666666666667,0.3693700333850522,0.3795666666666666,-0.1185033667183855,0.1185033667183855,4,Thursday,7
2009-07-09 05:00:00,0.4317333333333333,0.8243038033420603,0.3292,-0.392570470008727,0.392570470008727,5,Thursday,7
2009-07-09 06:00:00,1.3883333333333332,1.1441493137537908,0.2508666666666667,0.2441840195795424,0.2441840195795424,6,Thursday,7
2009-07-09 07:00:00,1.2039666666666666,1.3347202157146072,0.4317333333333333,-0.1307535490479405,0.1307535490479405,7,Thursday,7
2009-07-09 08:00:00,0.4698666666666666,1.1460572849769908,1.3883333333333332,-0.6761906183103241,0.6761906183103241,8,Thursday,7
2009-07-09 09:00:00,0.4063,0.8440507476135172,1.2039666666666666,-0.4377507476135172,0.4377507476135172,9,Thursday,7
2009-07-09 10:00:00,0.4421666666666667,0.7826957067890947,0.4698666666666666,-0.340529040122428,0.340529040122428,10,Thursday,7
2009-07-09 11:00:00,0.2658666666666666,0.6270269878087348,0.4063,-0.3611603211420682,0.3611603211420682,11,Thursday,7
2009-07-09 12:00:00,0.3348,0.6244830273183952,0.4421666666666667,-0.2896830273183952,0.2896830273183952,12,Thursday,7
2009-07-09 13:00:00,0.3479,0.5683142669646948,0.2658666666666666,-0.2204142669646948,0.2204142669646948,13,Thursday,7
2009-07-09 14:00:00,0.2525666666666666,0.6094061357466867,0.3348,-0.35683946908002,0.35683946908002,14,Thursday,7
2009-07-09 15:00:00,0.8265333333333333,0.5784919292194919,0.3479,0.2480414041138414,0.2480414041138414,15,Thursday,7
2009-07-09 16:00:00,0.6217666666666666,0.5148033174409622,0.2525666666666666,0.1069633492257043,0.1069633492257043,16,Thursday,7
2009-07-09 17:00:00,0.347,0.8749317710568668,0.8265333333333333,-0.5279317710568668,0.5279317710568668,17,Thursday,7
2009-07-09 18:00:00,0.514,1.3283257821793109,0.6217666666666666,-0.8143257821793108,0.8143257821793108,18,Thursday,7
2009-07-09 19:00:00,0.9639666666666666,1.0575983395170994,0.347,-0.0936316728504327,0.0936316728504327,19,Thursday,7
2009-07-09 20:00:00,1.1645333333333334,1.1625742416705986,0.514,0.0019590916627347,0.0019590916627347,20,Thursday,7
2009-07-09 21:00:00,1.338,1.3969760707931758,0.9639666666666666,-0.0589760707931756,0.0589760707931756,21,Thursday,7
2009-07-09 22:00:00,0.8514666666666667,0.7883316821073174,1.1645333333333334,0.0631349845593493,0.0631349845593493,22,Thursday,7
2009-07-09 23:00:00,0.4345,0.575558380439988,1.338,-0.1410583804399879,0.1410583804399879,23,Thursday,7
2009-07-10 00:00:00,0.2117666666666666,0.3988245119401947,0.8514666666666667,-0.1870578452735281,0.1870578452735281,0,Friday,7
2009-07-10 01:00:00,0.3039666666666666,0.3642766333236072,0.4345,-0.0603099666569406,0.0603099666569406,1,Friday,7
2009-07-10 02:00:00,0.2823666666666666,0.3130482933863944,0.2117666666666666,-0.0306816267197278,0.0306816267197278,2,Friday,7
2009-07-10 03:00:00,0.2016666666666666,0.3568362695037206,0.3039666666666666,-0.155169602837054,0.155169602837054,3,Friday,7
2009-07-10 04:00:00,1.0066666666666666,0.3610041202534481,0.2823666666666666,0.6456625464132185,0.6456625464132185,4,Friday,7
2009-07-10 05:00:00,0.6657,0.5329549631817856,0.2016666666666666,0.1327450368182143,0.1327450368182143,5,Friday,7
2009-07-10 06:00:00,1.9404666666666663,0.8842203756453146,1.0066666666666666,1.0562462910213517,1.0562462910213517,6,Friday,7
2009-07-10 07:00:00,1.9249333333333327,1.0777112942673668,0.6657,0.8472220390659659,0.8472220390659659,7,Friday,7
2009-07-10 08:00:00,1.2937333333333332,1.3103634558763126,1.9404666666666663,-0.0166301225429794,0.0166301225429794,8,Friday,7
2009-07-10 09:00:00,0.5968,1.2887287023335876,1.9249333333333327,-0.6919287023335876,0.6919287023335876,9,Friday,7
2009-07-10 10:00:00,0.2659666666666667,0.7906679833243199,1.2937333333333332,-0.5247013166576532,0.5247013166576532,10,Friday,7
2009-07-10 11:00:00,0.2922333333333333,0.7724881107038949,0.5968,-0.4802547773705616,0.4802547773705616,11,Friday,7
2009-07-10 12:00:00,0.3572333333333333,0.5926489909996361,0.2659666666666667,-0.2354156576663028,0.2354156576663028,12,Friday,7
2009-07-10 13:00:00,0.5520333333333334,0.5882720545527682,0.2922333333333333,-0.0362387212194348,0.0362387212194348,13,Friday,7
2009-07-10 14:00:00,1.2984,0.6462317629518116,0.3572333333333333,0.6521682370481884,0.6521682370481884,14,Friday,7
2009-07-10 15:00:00,0.5610666666666667,0.7296328101889089,0.5520333333333334,-0.1685661435222422,0.1685661435222422,15,Friday,7
2009-07-10 16:00:00,0.5861333333333333,0.7853687065419716,1.2984,-0.1992353732086382,0.1992353732086382,16,Friday,7
2009-07-10 17:00:00,0.4721333333333333,0.9517360371855622,0.5610666666666667,-0.4796027038522289,0.4796027038522289,17,Friday,7
2009-07-10 18:00:00,0.5937,1.447511709139144,0.5861333333333333,-0.8538117091391441,0.8538117091391441,18,Friday,7
2009-07-10 19:00:00,0.6712333333333333,1.3779490400350518,0.4721333333333333,-0.7067157067017185,0.7067157067017185,19,Friday,7
2009-07-10 20:00:00,1.2651333333333334,1.1940889610625955,0.5937,0.0710443722707379,0.0710443722707379,20,Friday,7
2009-07-10 21:00:00,1.8649,1.0759575112298123,0.6712333333333333,0.7889424887701877,0.7889424887701877,21,Friday,7
2009-07-10 22:00:00,2.2360333333333333,0.7952665457179667,1.2651333333333334,1.4407667876153667,1.4407667876153667,22,Friday,7
2009-07-10 23:00:00,0.3297333333333333,0.647483747162615,1.8649,-0.3177504138292817,0.3177504138292817,23,Friday,7
2009-07-11 00:00:00,0.2914666666666666,0.8924459073673621,2.2360333333333333,-0.6009792407006955,0.6009792407006955,0,Saturday,7
2009-07-11 01:00:00,0.3568,0.3220174843718291,0.3297333333333333,0.0347825156281708,0.0347825156281708,1,Saturday,7
2009-07-11 02:00:00,0.2695999999999999,0.3426208164957931,0.2914666666666666,-0.0730208164957932,0.0730208164957932,2,Saturday,7
2009-07-11 03:00:00,0.6262666666666666,0.3435160202582493,0.3568,0.2827506464084173,0.2827506464084173,3,Saturday,7
2009-07-11 04:00:00,0.6920666666666667,0.307697951962658,0.2695999999999999,0.3843687147040087,0.3843687147040087,4,Saturday,7
2009-07-11 05:00:00,0.2555666666666666,0.6267338907773887,0.6262666666666666,-0.3711672241107221,0.3711672241107221,5,Saturday,7
2009-07-11 06:00:00,0.6804333333333333,0.9120582722482592,0.6920666666666667,-0.2316249389149258,0.2316249389149258,6,Saturday,7
2009-07-11 07:00:00,1.0806333333333331,0.9240084406296284,0.2555666666666666,0.1566248927037046,0.1566248927037046,7,Saturday,7
2009-07-11 08:00:00,1.2837333333333334,1.0588742508818538,0.6804333333333333,0.2248590824514795,0.2248590824514795,8,Saturday,7
2009-07-11 09:00:00,0.5766666666666667,1.0417151411346384,1.0806333333333331,-0.4650484744679717,0.4650484744679717,9,Saturday,7
2009-07-11 10:00:00,0.6476000000000001,1.006973537458831,1.2837333333333334,-0.3593735374588306,0.3593735374588306,10,Saturday,7
2009-07-11 11:00:00,1.5468000000000002,0.9930689690740248,0.5766666666666667,0.5537310309259753,0.5537310309259753,11,Saturday,7
2009-07-11 12:00:00,1.7594,0.9805385949011498,0.6476000000000001,0.7788614050988503,0.7788614050988503,12,Saturday,7
2009-07-11 13:00:00,1.907333333333333,1.220165490082453,1.5468000000000002,0.6871678432508801,0.6871678432508801,13,Saturday,7
2009-07-11 14:00:00,1.3996,1.3868253233425385,1.7594,0.0127746766574616,0.0127746766574616,14,Saturday,7
2009-07-11 15:00:00,0.5216,1.3473143487508088,1.907333333333333,-0.8257143487508088,0.8257143487508088,15,Saturday,7
2009-07-11 16:00:00,0.5684666666666666,1.033940969685475,1.3996,-0.4654743030188085,0.4654743030188085,16,Saturday,7
2009-07-11 17:00:00,0.4357666666666667,0.9590199507638628,0.5216,-0.523253284097196,0.523253284097196,17,Saturday,7
2009-07-11 18:00:00,0.2531333333333333,1.3070091946600495,0.5684666666666666,-1.0538758613267163,1.0538758613267163,18,Saturday,7
2009-07-11 19:00:00,0.2855666666666667,1.1847635960218497,0.4357666666666667,-0.8991969293551829,0.8991969293551829,19,Saturday,7
2009-07-11 20:00:00,0.2344666666666666,0.8069813472260015,0.2531333333333333,-0.5725146805593349,0.5725146805593349,20,Saturday,7
2009-07-11 21:00:00,0.3164666666666667,0.8447129155407515,0.2855666666666667,-0.5282462488740848,0.5282462488740848,21,Saturday,7
2009-07-11 22:00:00,0.2469666666666666,0.7351970506231094,0.2344666666666666,-0.4882303839564427,0.4882303839564427,22,Saturday,7
2009-07-11 23:00:00,0.7856666666666666,0.6959456597039576,0.3164666666666667,0.089721006962709,0.089721006962709,23,Saturday,7
2009-07-12 00:00:00,0.2471,0.3452867808309174,0.2469666666666666,-0.0981867808309174,0.0981867808309174,0,Sunday,7
2009-07-12 01:00:00,0.2824333333333333,0.3974194690910495,0.7856666666666666,-0.1149861357577162,0.1149861357577162,1,Sunday,7
2009-07-12 02:00:00,0.2858,0.349001484327333,0.2471,-0.063201484327333,0.063201484327333,2,Sunday,7
2009-07-12 03:00:00,0.1886,0.3448546172388512,0.2824333333333333,-0.1562546172388512,0.1562546172388512,3,Sunday,7
2009-07-12 04:00:00,0.3149666666666667,0.3756706974467413,0.2858,-0.0607040307800746,0.0607040307800746,4,Sunday,7
2009-07-12 05:00:00,0.2406,0.5608666281203792,0.1886,-0.3202666281203792,0.3202666281203792,5,Sunday,7
2009-07-12 06:00:00,0.2911333333333333,0.5922026791988302,0.3149666666666667,-0.3010693458654969,0.3010693458654969,6,Sunday,7
2009-07-12 07:00:00,0.1999333333333333,0.7039121925950628,0.2406,-0.5039788592617295,0.5039788592617295,7,Sunday,7
2009-07-12 08:00:00,0.2598999999999999,0.7713696158212565,0.2911333333333333,-0.5114696158212566,0.5114696158212566,8,Sunday,7
2009-07-12 09:00:00,0.7105333333333334,0.7099846620712901,0.1999333333333333,0.0005486712620432,0.0005486712620432,9,Sunday,7
2009-07-12 10:00:00,0.5339666666666666,0.6708460530825302,0.2598999999999999,-0.1368793864158636,0.1368793864158636,10,Sunday,7
2009-07-12 11:00:00,0.2498666666666666,0.8963337548401661,0.7105333333333334,-0.6464670881734995,0.6464670881734995,11,Sunday,7
2009-07-12 12:00:00,0.2528333333333333,0.820799417661008,0.5339666666666666,-0.5679660843276746,0.5679660843276746,12,Sunday,7
2009-07-12 13:00:00,0.2816333333333333,0.509529847078458,0.2498666666666666,-0.2278965137451247,0.2278965137451247,13,Sunday,7
2009-07-12 14:00:00,0.2629666666666667,0.5238994440564063,0.2528333333333333,-0.2609327773897396,0.2609327773897396,14,Sunday,7
2009-07-12 15:00:00,0.2015666666666666,0.3809590873274115,0.2816333333333333,-0.1793924206607449,0.1793924206607449,15,Sunday,7
2009-07-12 16:00:00,0.5376333333333334,0.3891883455716849,0.2629666666666667,0.1484449877616485,0.1484449877616485,16,Sunday,7
2009-07-12 17:00:00,0.2417666666666666,0.406443759506509,0.2015666666666666,-0.1646770928398424,0.1646770928398424,17,Sunday,7
2009-07-12 18:00:00,0.2967666666666667,0.6527360539759888,0.5376333333333334,-0.3559693873093221,0.3559693873093221,18,Sunday,7
2009-07-12 19:00:00,0.2097,0.3530682541547253,0.2417666666666666,-0.1433682541547253,0.1433682541547253,19,Sunday,7
2009-07-12 20:00:00,0.5500666666666666,0.3982414547552388,0.2967666666666667,0.1518252119114277,0.1518252119114277,20,Sunday,7
2009-07-12 21:00:00,0.8645333333333334,0.3714135532361678,0.2097,0.4931197800971655,0.4931197800971655,21,Sunday,7
2009-07-12 22:00:00,0.2679999999999999,0.514725243952612,0.5500666666666666,-0.246725243952612,0.246725243952612,22,Sunday,7
2009-07-12 23:00:00,0.2879333333333333,0.3687894621963837,0.8645333333333334,-0.0808561288630504,0.0808561288630504,23,Sunday,7
2009-07-13 00:00:00,0.2050333333333333,0.3275131085116063,0.2679999999999999,-0.122479775178273,0.122479775178273,0,Monday,7
2009-07-13 01:00:00,0.298,0.3150489117270468,0.2879333333333333,-0.0170489117270468,0.0170489117270468,1,Monday,7
2009-07-13 02:00:00,0.262,0.3048712376919567,0.2050333333333333,-0.0428712376919567,0.0428712376919567,2,Monday,7
2009-07-13 03:00:00,0.2598333333333333,0.32976436699926,0.298,-0.0699310336659267,0.0699310336659267,3,Monday,7
2009-07-13 04:00:00,0.2545666666666666,0.3067866750352457,0.262,-0.0522200083685791,0.0522200083685791,4,Monday,7
2009-07-13 05:00:00,0.2512333333333333,0.3741931978283022,0.2598333333333333,-0.1229598644949688,0.1229598644949688,5,Monday,7
2009-07-13 06:00:00,0.2962999999999999,0.3744915925387295,0.2545666666666666,-0.0781915925387295,0.0781915925387295,6,Monday,7
2009-07-13 07:00:00,0.2628333333333333,0.374937516347253,0.2512333333333333,-0.1121041830139196,0.1121041830139196,7,Monday,7
2009-07-13 08:00:00,1.14,0.3642535064966887,0.2962999999999999,0.7757464935033112,0.7757464935033112,8,Monday,7
2009-07-13 09:00:00,0.2790333333333333,0.3475084081407926,0.2628333333333333,-0.0684750748074593,0.0684750748074593,9,Monday,7
2009-07-13 10:00:00,0.2627,0.5278992416820111,1.14,-0.2651992416820111,0.2651992416820111,10,Monday,7
2009-07-13 11:00:00,0.313,0.2901460749014134,0.2790333333333333,0.0228539250985865,0.0228539250985865,11,Monday,7
2009-07-13 12:00:00,0.1906666666666666,0.2903518499578012,0.2627,-0.0996851832911346,0.0996851832911346,12,Monday,7
2009-07-13 13:00:00,0.2871333333333333,0.346158594147193,0.313,-0.0590252608138597,0.0590252608138597,13,Monday,7
2009-07-13 14:00:00,0.2694,0.2734018571631189,0.1906666666666666,-0.0040018571631189,0.0040018571631189,14,Monday,7
2009-07-13 15:00:00,0.2807333333333333,0.3554019333594039,0.2871333333333333,-0.0746686000260706,0.0746686000260706,15,Monday,7
2009-07-13 16:00:00,0.2281,0.3335471800355303,0.2694,-0.1054471800355303,0.1054471800355303,16,Monday,7
2009-07-13 17:00:00,0.3163,0.4229227275903025,0.2807333333333333,-0.1066227275903025,0.1066227275903025,17,Monday,7
2009-07-13 18:00:00,0.3459666666666666,0.2736204270257094,0.2281,0.0723462396409571,0.0723462396409571,18,Monday,7
2009-07-13 19:00:00,0.6221333333333334,0.4777338823628828,0.3163,0.1443994509704506,0.1443994509704506,19,Monday,7
2009-07-13 20:00:00,0.8406666666666667,0.4648251319841913,0.3459666666666666,0.3758415346824754,0.3758415346824754,20,Monday,7
2009-07-13 21:00:00,0.2693333333333333,0.8210373683086235,0.6221333333333334,-0.5517040349752902,0.5517040349752902,21,Monday,7
2009-07-13 22:00:00,0.2562,0.5337410100822129,0.8406666666666667,-0.2775410100822129,0.2775410100822129,22,Monday,7
2009-07-13 23:00:00,0.3253333333333333,0.4616967128893756,0.2693333333333333,-0.1363633795560423,0.1363633795560423,23,Monday,7
2009-07-14 00:00:00,0.1868,0.3268802888733974,0.2562,-0.1400802888733973,0.1400802888733973,0,Tuesday,7
2009-07-14 01:00:00,0.3036666666666666,0.3621645256173286,0.3253333333333333,-0.058497858950662,0.058497858950662,1,Tuesday,7
2009-07-14 02:00:00,0.2603666666666667,0.3122366608318478,0.1868,-0.0518699941651811,0.0518699941651811,2,Tuesday,7
2009-07-14 03:00:00,0.2747666666666666,0.3371297901391511,0.3036666666666666,-0.0623631234724845,0.0623631234724845,3,Tuesday,7
2009-07-14 04:00:00,0.2515666666666666,0.3300177855942784,0.2603666666666667,-0.0784511189276118,0.0784511189276118,4,Tuesday,7
2009-07-14 05:00:00,0.2246333333333333,0.3928958584099944,0.2747666666666666,-0.1682625250766611,0.1682625250766611,5,Tuesday,7
2009-07-14 06:00:00,0.3198,0.3458672125398215,0.2515666666666666,-0.0260672125398215,0.0260672125398215,6,Tuesday,7
2009-07-14 07:00:00,0.9441,0.3561646915589935,0.2246333333333333,0.5879353084410066,0.5879353084410066,7,Tuesday,7
2009-07-14 08:00:00,0.8212666666666667,0.403274777387394,0.3198,0.4179918892792727,0.4179918892792727,8,Tuesday,7
2009-07-14 09:00:00,0.298,0.5520612732442414,0.9441,-0.2540612732442414,0.2540612732442414,9,Tuesday,7
2009-07-14 10:00:00,1.2340666666666666,0.5135863904751609,0.8212666666666667,0.7204802761915058,0.7204802761915058,10,Tuesday,7
2009-07-14 11:00:00,2.7453333333333334,0.3926916920927044,0.298,2.352641641240629,2.352641641240629,11,Tuesday,7
2009-07-14 12:00:00,0.2823,0.508604988363108,1.2340666666666666,-0.2263049883631079,0.2263049883631079,12,Tuesday,7
2009-07-14 13:00:00,0.4414333333333333,1.2936572791311096,2.7453333333333334,-0.8522239457977763,0.8522239457977763,13,Tuesday,7
2009-07-14 14:00:00,0.4941666666666666,0.6118603624725613,0.2823,-0.1176936958058946,0.1176936958058946,14,Tuesday,7
2009-07-14 15:00:00,0.4592666666666666,0.7230235702866394,0.4414333333333333,-0.2637569036199728,0.2637569036199728,15,Tuesday,7
2009-07-14 16:00:00,0.4318333333333333,0.6907045841514263,0.4941666666666666,-0.258871250818093,0.258871250818093,16,Tuesday,7
2009-07-14 17:00:00,0.7939666666666666,0.7170889990141296,0.4592666666666666,0.076877667652537,0.076877667652537,17,Tuesday,7
2009-07-14 18:00:00,1.1217666666666666,1.1696047740413062,0.4318333333333333,-0.0478381073746396,0.0478381073746396,18,Tuesday,7
2009-07-14 19:00:00,0.5028666666666667,1.268538498142289,0.7939666666666666,-0.7656718314756222,0.7656718314756222,19,Tuesday,7
2009-07-14 20:00:00,1.743,1.253332757262078,1.1217666666666666,0.489667242737922,0.489667242737922,20,Tuesday,7
2009-07-14 21:00:00,0.4189666666666666,1.1045862118879557,0.5028666666666667,-0.6856195452212889,0.6856195452212889,21,Tuesday,7
2009-07-14 22:00:00,0.3112333333333333,0.8289906400406153,1.743,-0.517757306707282,0.517757306707282,22,Tuesday,7
2009-07-14 23:00:00,0.256,0.6215939736396535,0.4189666666666666,-0.3655939736396535,0.3655939736396535,23,Tuesday,7
2009-07-15 00:00:00,0.2885999999999999,0.348443674837158,0.3112333333333333,-0.0598436748371581,0.0598436748371581,0,Wednesday,7
2009-07-15 01:00:00,0.3503333333333333,0.3105746554913496,0.256,0.0397586778419836,0.0397586778419836,1,Wednesday,7
2009-07-15 02:00:00,0.2757333333333333,0.348443674837158,0.2885999999999999,-0.0727103415038247,0.0727103415038247,2,Wednesday,7
2009-07-15 03:00:00,0.2683999999999999,0.3561455170147059,0.3503333333333333,-0.087745517014706,0.087745517014706,3,Wednesday,7
2009-07-15 04:00:00,0.2909333333333333,0.348203556290134,0.2757333333333333,-0.0572702229568007,0.0572702229568007,4,Wednesday,7
2009-07-15 05:00:00,0.5903666666666666,0.6621876214128094,0.2683999999999999,-0.0718209547461428,0.0718209547461428,5,Wednesday,7
2009-07-15 06:00:00,1.4597,0.8198543226052688,0.2909333333333333,0.6398456773947312,0.6398456773947312,6,Wednesday,7
2009-07-15 07:00:00,1.7753,1.1548399172070043,0.5903666666666666,0.6204600827929956,0.6204600827929956,7,Wednesday,7
2009-07-15 08:00:00,1.5733,1.1548751346176729,1.4597,0.4184248653823272,0.4184248653823272,8,Wednesday,7
2009-07-15 09:00:00,0.2184666666666666,1.2587496919000685,1.7753,-1.040283025233402,1.040283025233402,9,Wednesday,7
2009-07-15 10:00:00,0.3010333333333334,1.01710726309183,1.5733,-0.7160739297584967,0.7160739297584967,10,Wednesday,7
2009-07-15 11:00:00,0.3034333333333333,0.5702799626253772,0.2184666666666666,-0.2668466292920439,0.2668466292920439,11,Wednesday,7
2009-07-15 12:00:00,0.2999333333333333,0.5392899202776923,0.3010333333333334,-0.239356586944359,0.239356586944359,12,Wednesday,7
2009-07-15 13:00:00,0.2687333333333333,0.551160149330615,0.3034333333333333,-0.2824268159972816,0.2824268159972816,13,Wednesday,7
2009-07-15 14:00:00,0.2660666666666667,0.5627884115330187,0.2999333333333333,-0.296721744866352,0.296721744866352,14,Wednesday,7
2009-07-15 15:00:00,0.3507333333333333,0.5220082128542786,0.2687333333333333,-0.1712748795209452,0.1712748795209452,15,Wednesday,7
2009-07-15 16:00:00,0.3053666666666667,0.5702982316464654,0.2660666666666667,-0.2649315649797987,0.2649315649797987,16,Wednesday,7
2009-07-15 17:00:00,0.8022000000000001,0.7574794414872132,0.3507333333333333,0.0447205585127868,0.0447205585127868,17,Wednesday,7
2009-07-15 18:00:00,0.4185666666666667,0.9001675118228629,0.3053666666666667,-0.4816008451561962,0.4816008451561962,18,Wednesday,7
2009-07-15 19:00:00,0.3498,1.1374854667647516,0.8022000000000001,-0.7876854667647516,0.7876854667647516,19,Wednesday,7
2009-07-15 20:00:00,0.3355333333333333,1.0708801982100435,0.4185666666666667,-0.7353468648767103,0.7353468648767103,20,Wednesday,7
2009-07-15 21:00:00,0.3312666666666667,1.1172133667039372,0.3498,-0.7859467000372705,0.7859467000372705,21,Wednesday,7
2009-07-15 22:00:00,0.2881,0.8389275233241896,0.3355333333333333,-0.5508275233241896,0.5508275233241896,22,Wednesday,7
2009-07-15 23:00:00,0.3463,0.5711309829127565,0.3312666666666667,-0.2248309829127565,0.2248309829127565,23,Wednesday,7
2009-07-16 00:00:00,0.3291666666666666,0.3275891505733534,0.2881,0.0015775160933131,0.0015775160933131,0,Thursday,7
2009-07-16 01:00:00,0.3313,0.3512181333772241,0.3463,-0.019918133377224,0.019918133377224,1,Thursday,7
2009-07-16 02:00:00,0.3413333333333333,0.3670577322902539,0.3291666666666666,-0.0257243989569205,0.0257243989569205,2,Thursday,7
2009-07-16 03:00:00,0.283,0.3636369447184674,0.3313,-0.0806369447184674,0.0806369447184674,3,Thursday,7
2009-07-16 04:00:00,1.0413666666666666,0.3709571221849466,0.3413333333333333,0.67040954448172,0.67040954448172,4,Thursday,7
2009-07-16 05:00:00,0.4274333333333333,0.6334761803434374,0.283,-0.2060428470101041,0.2060428470101041,5,Thursday,7
2009-07-16 06:00:00,0.3567333333333333,1.0181183649195449,1.0413666666666666,-0.6613850315862115,0.6613850315862115,6,Thursday,7
2009-07-16 07:00:00,0.4076,1.0065711343774926,0.4274333333333333,-0.5989711343774926,0.5989711343774926,7,Thursday,7
2009-07-16 08:00:00,0.2983,0.7167921494158914,0.3567333333333333,-0.4184921494158914,0.4184921494158914,8,Thursday,7
2009-07-16 09:00:00,0.3695,0.6516591917293523,0.4076,-0.2821591917293523,0.2821591917293523,9,Thursday,7
2009-07-16 10:00:00,0.37,0.3768328029790916,0.2983,-0.0068328029790916,0.0068328029790916,10,Thursday,7
2009-07-16 11:00:00,0.3541999999999999,0.4696224745364312,0.3695,-0.1154224745364313,0.1154224745364313,11,Thursday,7
2009-07-16 12:00:00,0.3242,0.499138488799737,0.37,-0.174938488799737,0.174938488799737,12,Thursday,7
2009-07-16 13:00:00,0.3574333333333334,0.4839231134655462,0.3541999999999999,-0.1264897801322128,0.1264897801322128,13,Thursday,7
2009-07-16 14:00:00,0.376,0.4359682842941349,0.3242,-0.0599682842941349,0.0599682842941349,14,Thursday,7
2009-07-16 15:00:00,0.6151,0.5649898376658365,0.3574333333333334,0.0501101623341634,0.0501101623341634,15,Thursday,7
2009-07-16 16:00:00,1.1898000000000002,0.4885310575457091,0.376,0.701268942454291,0.701268942454291,16,Thursday,7
2009-07-16 17:00:00,0.3702,0.6267260154379638,0.6151,-0.2565260154379638,0.2565260154379638,17,Thursday,7
2009-07-16 18:00:00,0.2925666666666666,1.1415661776296162,1.1898000000000002,-0.8489995109629496,0.8489995109629496,18,Thursday,7
2009-07-16 19:00:00,0.2784333333333333,0.9380135656882164,0.3702,-0.6595802323548832,0.6595802323548832,19,Thursday,7
2009-07-16 20:00:00,0.3411,0.6071392813942261,0.2925666666666666,-0.2660392813942261,0.2660392813942261,20,Thursday,7
2009-07-16 21:00:00,0.335,0.5648429016802238,0.2784333333333333,-0.2298429016802237,0.2298429016802237,21,Thursday,7
2009-07-16 22:00:00,0.2565,0.6664187604605382,0.3411,-0.4099187604605381,0.4099187604605381,22,Thursday,7
2009-07-16 23:00:00,0.2916333333333333,0.5167977565875296,0.335,-0.2251644232541962,0.2251644232541962,23,Thursday,7
2009-07-17 00:00:00,0.2805999999999999,0.3299088674537144,0.2565,-0.0493088674537145,0.0493088674537145,0,Friday,7
2009-07-17 01:00:00,0.3257333333333333,0.3095022025902973,0.2916333333333333,0.016231130743036,0.016231130743036,1,Friday,7
2009-07-17 02:00:00,0.3175333333333333,0.3329837228272184,0.2805999999999999,-0.0154503894938851,0.0154503894938851,2,Friday,7
2009-07-17 03:00:00,0.7123666666666666,0.3462526265600324,0.3257333333333333,0.3661140401066342,0.3661140401066342,3,Friday,7
2009-07-17 04:00:00,0.8155,0.3240709924484763,0.3175333333333333,0.4914290075515236,0.4914290075515236,4,Friday,7
2009-07-17 05:00:00,0.2776666666666667,0.6513529507518788,0.7123666666666666,-0.3736862840852121,0.3736862840852121,5,Friday,7
2009-07-17 06:00:00,0.3483666666666666,0.6332239256033417,0.8155,-0.2848572589366751,0.2848572589366751,6,Friday,7
2009-07-17 07:00:00,0.8352666666666667,0.4758010029831068,0.2776666666666667,0.3594656636835598,0.3594656636835598,7,Friday,7
2009-07-17 08:00:00,1.3584333333333334,0.5909462448162228,0.3483666666666666,0.7674870885171106,0.7674870885171106,8,Friday,7
2009-07-17 09:00:00,1.3736666666666666,0.7444493822126507,0.8352666666666667,0.6292172844540159,0.6292172844540159,9,Friday,7
2009-07-17 10:00:00,0.4561333333333333,0.7328745779953119,1.3584333333333334,-0.2767412446619786,0.2767412446619786,10,Friday,7
2009-07-17 11:00:00,0.3459333333333333,0.7496152895144483,1.3736666666666666,-0.403681956181115,0.403681956181115,11,Friday,7
2009-07-17 12:00:00,0.3603333333333333,0.6942959807773875,0.4561333333333333,-0.3339626474440542,0.3339626474440542,12,Friday,7
2009-07-17 13:00:00,0.3222333333333333,0.6434428901996186,0.3459333333333333,-0.3212095568662853,0.3212095568662853,13,Friday,7
2009-07-17 14:00:00,0.4423666666666667,0.6512795614686379,0.3603333333333333,-0.2089128948019711,0.2089128948019711,14,Friday,7
2009-07-17 15:00:00,0.4285333333333333,0.5954011628736732,0.3222333333333333,-0.1668678295403398,0.1668678295403398,15,Friday,7
2009-07-17 16:00:00,0.4717666666666666,0.6443991080234949,0.4423666666666667,-0.1726324413568282,0.1726324413568282,16,Friday,7
2009-07-17 17:00:00,0.3498333333333333,0.831597135080079,0.4285333333333333,-0.4817638017467457,0.4817638017467457,17,Friday,7
2009-07-17 18:00:00,0.3211,0.9881063055371598,0.4717666666666666,-0.6670063055371598,0.6670063055371598,18,Friday,7
2009-07-17 19:00:00,0.9540666666666666,0.8372234442723997,0.3498333333333333,0.1168432223942669,0.1168432223942669,19,Friday,7
2009-07-17 20:00:00,0.2527,0.7234918539378544,0.3211,-0.4707918539378544,0.4707918539378544,20,Friday,7
2009-07-17 21:00:00,0.2943333333333333,0.976533990486004,0.9540666666666666,-0.6822006571526706,0.6822006571526706,21,Friday,7
2009-07-17 22:00:00,0.2607,0.5870126768446141,0.2527,-0.3263126768446141,0.3263126768446141,22,Friday,7
2009-07-17 23:00:00,0.3118666666666667,0.5611614711810877,0.2943333333333333,-0.249294804514421,0.249294804514421,23,Friday,7
2009-07-18 00:00:00,0.2667333333333334,0.3332194754536548,0.2607,-0.0664861421203214,0.0664861421203214,0,Saturday,7
2009-07-18 01:00:00,0.2645666666666666,0.3379559313901261,0.3118666666666667,-0.0733892647234595,0.0733892647234595,1,Saturday,7
2009-07-18 02:00:00,0.2524,0.3464839973833764,0.2667333333333334,-0.0940839973833763,0.0940839973833763,2,Saturday,7
2009-07-18 03:00:00,0.3037333333333333,0.3332837309476064,0.2645666666666666,-0.029550397614273,0.029550397614273,3,Saturday,7
2009-07-18 04:00:00,0.2876,0.3739130786849324,0.2524,-0.0863130786849323,0.0863130786849323,4,Saturday,7
2009-07-18 05:00:00,0.2106666666666666,0.5824413643114797,0.3037333333333333,-0.3717746976448131,0.3717746976448131,5,Saturday,7
2009-07-18 06:00:00,1.147166666666667,0.6052797386000759,0.2876,0.541886928066591,0.541886928066591,6,Saturday,7
2009-07-18 07:00:00,0.4481,0.5249162951027849,0.2106666666666666,-0.0768162951027849,0.0768162951027849,7,Saturday,7
2009-07-18 08:00:00,0.4255333333333333,0.8474887925650971,1.147166666666667,-0.4219554592317638,0.4219554592317638,8,Saturday,7
2009-07-18 09:00:00,0.3898999999999999,0.8154164980521657,0.4481,-0.4255164980521657,0.4255164980521657,9,Saturday,7
2009-07-18 10:00:00,0.4404666666666667,0.7587071345366012,0.4255333333333333,-0.3182404678699345,0.3182404678699345,10,Saturday,7
2009-07-18 11:00:00,0.4883,0.5735557550227718,0.3898999999999999,-0.0852557550227717,0.0852557550227717,11,Saturday,7
2009-07-18 12:00:00,1.0999,0.5467269866787218,0.4404666666666667,0.5531730133212783,0.5531730133212783,12,Saturday,7
2009-07-18 13:00:00,0.4766666666666667,0.5744612475219079,0.4883,-0.0977945808552411,0.0977945808552411,13,Saturday,7
2009-07-18 14:00:00,0.4084,0.8166918353440583,1.0999,-0.4082918353440583,0.4082918353440583,14,Saturday,7
2009-07-18 15:00:00,0.4454,0.6597331701627901,0.4766666666666667,-0.21433317016279,0.21433317016279,15,Saturday,7
2009-07-18 16:00:00,0.6408,0.7692674861961605,0.4084,-0.1284674861961604,0.1284674861961604,16,Saturday,7
2009-07-18 17:00:00,1.0535333333333334,0.7710063725166558,0.4454,0.2825269608166776,0.2825269608166776,17,Saturday,7
2009-07-18 18:00:00,1.5589666666666666,1.042285135415831,0.6408,0.5166815312508359,0.5166815312508359,18,Saturday,7
2009-07-18 19:00:00,1.4880666666666669,1.1290215484350912,1.0535333333333334,0.3590451182315757,0.3590451182315757,19,Saturday,7
2009-07-18 20:00:00,0.8616666666666667,1.5478900452570328,1.5589666666666666,-0.6862233785903661,0.6862233785903661,20,Saturday,7
2009-07-18 21:00:00,1.3443333333333334,1.193905919016253,1.4880666666666669,0.1504274143170803,0.1504274143170803,21,Saturday,7
2009-07-18 22:00:00,1.4920666666666669,0.840009740325171,0.8616666666666667,0.6520569263414959,0.6520569263414959,22,Saturday,7
2009-07-18 23:00:00,1.8418333333333328,0.4813396455329599,1.3443333333333334,1.3604936878003728,1.3604936878003728,23,Saturday,7
2009-07-19 00:00:00,1.7421666666666666,0.48165596262239,1.4920666666666669,1.260510704044277,1.260510704044277,0,Sunday,7
2009-07-19 01:00:00,2.0685,0.6233222678907636,1.8418333333333328,1.445177732109236,1.445177732109236,1,Sunday,7
2009-07-19 02:00:00,1.997966666666667,0.7853562851870971,1.7421666666666666,1.21261038147957,1.21261038147957,2,Sunday,7
2009-07-19 03:00:00,0.6161,0.9310176177964282,2.0685,-0.3149176177964282,0.3149176177964282,3,Sunday,7
2009-07-19 04:00:00,0.5078333333333334,1.1549954765008756,1.997966666666667,-0.6471621431675423,0.6471621431675423,4,Sunday,7
2009-07-19 05:00:00,0.4227333333333333,0.6562624893345526,0.6161,-0.2335291560012192,0.2335291560012192,5,Sunday,7
2009-07-19 06:00:00,0.4042333333333333,0.645949262306813,0.5078333333333334,-0.2417159289734797,0.2417159289734797,6,Sunday,7
2009-07-19 07:00:00,0.4794333333333333,0.7021084402705664,0.4227333333333333,-0.222675106937233,0.222675106937233,7,Sunday,7
2009-07-19 08:00:00,1.0739,0.97672971055939,0.4042333333333333,0.09717028944061,0.09717028944061,8,Sunday,7
2009-07-19 09:00:00,0.6888666666666666,0.9407833409096048,0.4794333333333333,-0.2519166742429382,0.2519166742429382,9,Sunday,7
2009-07-19 10:00:00,1.1891666666666665,1.033056997035102,1.0739,0.1561096696315644,0.1561096696315644,10,Sunday,7
2009-07-19 11:00:00,0.91,1.0686451800717387,0.6888666666666666,-0.1586451800717386,0.1586451800717386,11,Sunday,7
2009-07-19 12:00:00,0.4057666666666666,0.9201348544266544,1.1891666666666665,-0.5143681877599879,0.5143681877599879,12,Sunday,7
2009-07-19 13:00:00,0.4320666666666666,1.083809336685802,0.91,-0.6517426700191356,0.6517426700191356,13,Sunday,7
2009-07-19 14:00:00,0.4754666666666667,1.0939443852888189,0.4057666666666666,-0.618477718622152,0.618477718622152,14,Sunday,7
2009-07-19 15:00:00,0.4300333333333333,1.1650887735334543,0.4320666666666666,-0.7350554402001213,0.7350554402001213,15,Sunday,7
2009-07-19 16:00:00,0.4697666666666666,1.0691960707423802,0.4754666666666667,-0.5994294040757135,0.5994294040757135,16,Sunday,7
2009-07-19 17:00:00,1.045,1.0497554667594942,0.4300333333333333,-0.0047554667594942,0.0047554667594942,17,Sunday,7
2009-07-19 18:00:00,0.4726333333333333,1.32689527550609,0.4697666666666666,-0.8542619421727569,0.8542619421727569,18,Sunday,7
2009-07-19 19:00:00,0.4379666666666666,1.4412408343060568,1.045,-1.00327416763939,1.00327416763939,19,Sunday,7
2009-07-19 20:00:00,0.7565000000000001,1.1610748128339294,0.4726333333333333,-0.4045748128339294,0.4045748128339294,20,Sunday,7
2009-07-19 21:00:00,0.6506333333333334,1.0735319673563928,0.4379666666666666,-0.4228986340230594,0.4228986340230594,21,Sunday,7
2009-07-19 22:00:00,0.5421666666666667,0.8309494870438351,0.7565000000000001,-0.2887828203771684,0.2887828203771684,22,Sunday,7
2009-07-19 23:00:00,0.2467666666666667,0.5484685850117015,0.6506333333333334,-0.3017019183450348,0.3017019183450348,23,Sunday,7
2009-07-20 00:00:00,0.2536333333333333,0.3323163022059736,0.5421666666666667,-0.0786829688726402,0.0786829688726402,0,Monday,7
2009-07-20 01:00:00,0.2914333333333333,0.3494157649897016,0.2467666666666667,-0.0579824316563682,0.0579824316563682,1,Monday,7
2009-07-20 02:00:00,0.2006666666666667,0.346426298537777,0.2536333333333333,-0.1457596318711103,0.1457596318711103,2,Monday,7
2009-07-20 03:00:00,0.9864,0.3557910504214634,0.2914333333333333,0.6306089495785366,0.6306089495785366,3,Monday,7
2009-07-20 04:00:00,0.2699,0.3213750934674728,0.2006666666666667,-0.0514750934674728,0.0514750934674728,4,Monday,7
2009-07-20 05:00:00,0.1964333333333333,0.7094751037776096,0.9864,-0.5130417704442762,0.5130417704442762,5,Monday,7
2009-07-20 06:00:00,0.3962666666666666,0.6615847982549599,0.2699,-0.2653181315882932,0.2653181315882932,6,Monday,7
2009-07-20 07:00:00,0.2294333333333333,0.5775390119422092,0.1964333333333333,-0.348105678608876,0.348105678608876,7,Monday,7
2009-07-20 08:00:00,0.2568,0.6574148203016864,0.3962666666666666,-0.4006148203016864,0.4006148203016864,8,Monday,7
2009-07-20 09:00:00,0.2486,0.5502325884123178,0.2294333333333333,-0.3016325884123178,0.3016325884123178,9,Monday,7
2009-07-20 10:00:00,0.2629666666666667,0.5209175793981514,0.2568,-0.2579509127314847,0.2579509127314847,10,Monday,7
2009-07-20 11:00:00,0.4772333333333333,0.4221681066724576,0.2486,0.0550652266608757,0.0550652266608757,11,Monday,7
2009-07-20 12:00:00,1.8275333333333328,0.456479309967739,0.2629666666666667,1.3710540233655937,1.3710540233655937,12,Monday,7
2009-07-20 13:00:00,1.8438,0.6303216038821103,0.4772333333333333,1.21347839611789,1.21347839611789,13,Monday,7
2009-07-20 14:00:00,0.5011,1.197137610600852,1.8275333333333328,-0.696037610600852,0.696037610600852,14,Monday,7
2009-07-20 15:00:00,0.3455,1.195937315503353,1.8438,-0.8504373155033531,0.8504373155033531,15,Monday,7
2009-07-20 16:00:00,0.2948333333333333,0.6643460216321871,0.5011,-0.3695126882988538,0.3695126882988538,16,Monday,7
2009-07-20 17:00:00,0.3332666666666666,0.7517163410941009,0.3455,-0.4184496744274343,0.4184496744274343,17,Monday,7
2009-07-20 18:00:00,0.3375333333333333,0.7851201273066587,0.2948333333333333,-0.4475867939733254,0.4475867939733254,18,Monday,7
2009-07-20 19:00:00,0.3445,0.7907590364994531,0.3332666666666666,-0.4462590364994531,0.4462590364994531,19,Monday,7
2009-07-20 20:00:00,0.2725333333333333,0.8868044564419741,0.3375333333333333,-0.6142711231086408,0.6142711231086408,20,Monday,7
2009-07-20 21:00:00,0.3328,0.9473184942409962,0.3445,-0.6145184942409962,0.6145184942409962,21,Monday,7
2009-07-20 22:00:00,0.2915,0.6596622065027964,0.2725333333333333,-0.3681622065027964,0.3681622065027964,22,Monday,7
2009-07-20 23:00:00,1.0598,0.7398783885552632,0.3328,0.3199216114447368,0.3199216114447368,23,Monday,7
2009-07-21 00:00:00,0.3392666666666667,0.3275891505733534,0.2915,0.0116775160933132,0.0116775160933132,0,Tuesday,7
2009-07-21 01:00:00,0.3013333333333333,0.3770224412399948,1.0598,-0.0756891079066615,0.0756891079066615,1,Tuesday,7
2009-07-21 02:00:00,0.3213,0.3564493498980005,0.3392666666666667,-0.0351493498980005,0.0351493498980005,2,Tuesday,7
2009-07-21 03:00:00,0.3330666666666667,0.310338531377804,0.3013333333333333,0.0227281352888626,0.0227281352888626,3,Tuesday,7
2009-07-21 04:00:00,0.2808666666666666,0.3882528070301668,0.3213,-0.1073861403635002,0.1073861403635002,4,Tuesday,7
2009-07-21 05:00:00,0.2544333333333333,0.677137636035512,0.3330666666666667,-0.4227043027021787,0.4227043027021787,5,Tuesday,7
2009-07-21 06:00:00,0.4273666666666667,0.6523977776867708,0.2808666666666666,-0.2250311110201041,0.2250311110201041,6,Tuesday,7
2009-07-21 07:00:00,1.4196,0.6249864271071542,0.2544333333333333,0.7946135728928457,0.7946135728928457,7,Tuesday,7
2009-07-21 08:00:00,1.4529,0.6180702810371432,0.4273666666666667,0.8348297189628568,0.8348297189628568,8,Tuesday,7
2009-07-21 09:00:00,1.4603,0.7681640361460953,1.4196,0.6921359638539046,0.6921359638539046,9,Tuesday,7
2009-07-21 10:00:00,1.3353,0.9035893927762156,1.4529,0.4317106072237844,0.4317106072237844,10,Tuesday,7
2009-07-21 11:00:00,0.2941,0.9515762111442612,1.4603,-0.6574762111442611,0.6574762111442611,11,Tuesday,7
2009-07-21 12:00:00,0.2908666666666666,0.7769571899068962,1.3353,-0.4860905232402296,0.4860905232402296,12,Tuesday,7
2009-07-21 13:00:00,0.2677,0.4915626408905123,0.2941,-0.2238626408905123,0.2238626408905123,13,Tuesday,7
2009-07-21 14:00:00,0.2991,0.5105226895516295,0.2908666666666666,-0.2114226895516295,0.2114226895516295,14,Tuesday,7
2009-07-21 15:00:00,0.3666333333333333,0.521804896511276,0.2677,-0.1551715631779427,0.1551715631779427,15,Tuesday,7
2009-07-21 16:00:00,0.3923666666666667,0.5622396103626274,0.2991,-0.1698729436959606,0.1698729436959606,16,Tuesday,7
2009-07-21 17:00:00,0.4024,0.722138924958891,0.3666333333333333,-0.319738924958891,0.319738924958891,17,Tuesday,7
2009-07-21 18:00:00,0.2894333333333333,1.110948018294834,0.3923666666666667,-0.8215146849615008,0.8215146849615008,18,Tuesday,7
2009-07-21 19:00:00,0.9425333333333332,1.034982877492615,0.4024,-0.0924495441592818,0.0924495441592818,19,Tuesday,7
2009-07-21 20:00:00,0.4085333333333333,0.7115935241410851,0.2894333333333333,-0.3030601908077518,0.3030601908077518,20,Tuesday,7
2009-07-21 21:00:00,0.2863333333333333,1.072901496050859,0.9425333333333332,-0.7865681627175256,0.7865681627175256,21,Tuesday,7
2009-07-21 22:00:00,0.3371666666666666,0.8764378939763446,0.4085333333333333,-0.539271227309678,0.539271227309678,22,Tuesday,7
2009-07-21 23:00:00,0.3018666666666666,0.5732577068104743,0.2863333333333333,-0.2713910401438076,0.2713910401438076,23,Tuesday,7
2009-07-22 00:00:00,0.2750333333333333,0.3785689128053573,0.3371666666666666,-0.103535579472024,0.103535579472024,0,Wednesday,7
2009-07-22 01:00:00,0.3609666666666667,0.3464839973833764,0.3018666666666666,0.0144826692832903,0.0144826692832903,1,Wednesday,7
2009-07-22 02:00:00,0.2928333333333333,0.3412698945930968,0.2750333333333333,-0.0484365612597635,0.0484365612597635,2,Wednesday,7
2009-07-22 03:00:00,0.2783333333333333,0.3763029365027448,0.3609666666666667,-0.0979696031694115,0.0979696031694115,3,Wednesday,7
2009-07-22 04:00:00,0.3430333333333333,0.3456416239054243,0.2928333333333333,-0.0026082905720909,0.0026082905720909,4,Wednesday,7
2009-07-22 05:00:00,0.243,0.6442681018305834,0.2783333333333333,-0.4012681018305833,0.4012681018305833,5,Wednesday,7
2009-07-22 06:00:00,0.8751,0.710538861371382,0.3430333333333333,0.164561138628618,0.164561138628618,6,Wednesday,7
2009-07-22 07:00:00,0.6121666666666666,0.601089451079692,0.243,0.0110772155869746,0.0110772155869746,7,Wednesday,7
2009-07-22 08:00:00,0.2947,0.9944736328334168,0.8751,-0.6997736328334168,0.6997736328334168,8,Wednesday,7
2009-07-22 09:00:00,0.3381,0.8183688519586882,0.6121666666666666,-0.4802688519586882,0.4802688519586882,9,Wednesday,7
2009-07-22 10:00:00,0.2795333333333333,0.5922597040683505,0.2947,-0.3127263707350172,0.3127263707350172,10,Wednesday,7
2009-07-22 11:00:00,0.2993666666666666,0.5577411232859696,0.3381,-0.258374456619303,0.258374456619303,11,Wednesday,7
2009-07-22 12:00:00,0.2894666666666666,0.4201764477498033,0.2795333333333333,-0.1307097810831367,0.1307097810831367,12,Wednesday,7
2009-07-22 13:00:00,0.2742333333333333,0.4201764477498033,0.2993666666666666,-0.14594311441647,0.14594311441647,13,Wednesday,7
2009-07-22 14:00:00,0.3536,0.4444989676722753,0.2894666666666666,-0.0908989676722753,0.0908989676722753,14,Wednesday,7
2009-07-22 15:00:00,0.3834666666666667,0.4114260359812255,0.2742333333333333,-0.0279593693145588,0.0279593693145588,15,Wednesday,7
2009-07-22 16:00:00,0.3544666666666666,0.4742020861968209,0.3536,-0.1197354195301543,0.1197354195301543,16,Wednesday,7
2009-07-22 17:00:00,0.5396666666666667,0.6195104768598397,0.3834666666666667,-0.0798438101931729,0.0798438101931729,17,Wednesday,7
2009-07-22 18:00:00,1.3132,0.8001764298694715,0.3544666666666666,0.5130235701305285,0.5130235701305285,18,Wednesday,7
2009-07-22 19:00:00,1.1041999999999998,0.8106102813687869,0.5396666666666667,0.2935897186312129,0.2935897186312129,19,Wednesday,7
2009-07-22 20:00:00,0.9580333333333332,1.2091016416702058,1.3132,-0.2510683083368726,0.2510683083368726,20,Wednesday,7
2009-07-22 21:00:00,0.9629666666666666,1.0031755209152613,1.1041999999999998,-0.0402088542485946,0.0402088542485946,21,Wednesday,7
2009-07-22 22:00:00,0.9982,0.9065136724349616,0.9580333333333332,0.0916863275650384,0.0916863275650384,22,Wednesday,7
2009-07-22 23:00:00,0.9039,0.580503479666587,0.9629666666666666,0.323396520333413,0.323396520333413,23,Wednesday,7
2009-07-23 00:00:00,1.0976666666666666,0.4078726441179592,0.9982,0.6897940225487074,0.6897940225487074,0,Thursday,7
2009-07-23 01:00:00,1.7405000000000002,0.3980633620507571,0.9039,1.342436637949243,1.342436637949243,1,Thursday,7
2009-07-23 02:00:00,0.9756,0.4243768759110945,1.0976666666666666,0.5512231240889055,0.5512231240889055,2,Thursday,7
2009-07-23 03:00:00,0.7655333333333334,0.8478459308578549,1.7405000000000002,-0.0823125975245214,0.0823125975245214,3,Thursday,7
2009-07-23 04:00:00,0.2711666666666666,0.4505854806611294,0.9756,-0.1794188139944628,0.1794188139944628,4,Thursday,7
2009-07-23 05:00:00,0.3042333333333333,0.8100579143168979,0.7655333333333334,-0.5058245809835646,0.5058245809835646,5,Thursday,7
2009-07-23 06:00:00,0.2892666666666666,0.950332245235822,0.2711666666666666,-0.6610655785691555,0.6610655785691555,6,Thursday,7
2009-07-23 07:00:00,1.0783333333333334,1.2695349532978517,0.3042333333333333,-0.1912016199645183,0.1912016199645183,7,Thursday,7
2009-07-23 08:00:00,1.4548666666666668,0.7858254221436756,0.2892666666666666,0.6690412445229912,0.6690412445229912,8,Thursday,7
2009-07-23 09:00:00,1.3782333333333334,0.8017015667900392,1.0783333333333334,0.5765317665432942,0.5765317665432942,9,Thursday,7
2009-07-23 10:00:00,1.3882,0.8754424935799212,1.4548666666666668,0.5127575064200789,0.5127575064200789,10,Thursday,7
2009-07-23 11:00:00,0.4677666666666666,0.775729230651787,1.3782333333333334,-0.3079625639851204,0.3079625639851204,11,Thursday,7
2009-07-23 12:00:00,0.2687666666666667,0.7536623877211847,1.3882,-0.4848957210545179,0.4848957210545179,12,Thursday,7
2009-07-23 13:00:00,0.3263333333333333,0.6499807514109497,0.4677666666666666,-0.3236474180776164,0.3236474180776164,13,Thursday,7
2009-07-23 14:00:00,0.2074,0.5343593129292727,0.2687666666666667,-0.3269593129292727,0.3269593129292727,14,Thursday,7
2009-07-23 15:00:00,0.4342666666666667,0.5805454807656845,0.3263333333333333,-0.1462788140990177,0.1462788140990177,15,Thursday,7
2009-07-23 16:00:00,0.3215333333333333,0.4034662259446675,0.2074,-0.0819328926113342,0.0819328926113342,16,Thursday,7
2009-07-23 17:00:00,0.3264333333333333,0.996741360227258,0.4342666666666667,-0.6703080268939248,0.6703080268939248,17,Thursday,7
2009-07-23 18:00:00,1.346933333333333,1.0353242431382847,0.3215333333333333,0.3116090901950483,0.3116090901950483,18,Thursday,7
2009-07-23 19:00:00,0.9739666666666668,1.152879970059698,0.3264333333333333,-0.1789133033930311,0.1789133033930311,19,Thursday,7
2009-07-23 20:00:00,0.2866,1.1730177597030849,1.346933333333333,-0.8864177597030849,0.8864177597030849,20,Thursday,7
2009-07-23 21:00:00,0.3017666666666667,1.0964707428992655,0.9739666666666668,-0.7947040762325988,0.7947040762325988,21,Thursday,7
2009-07-23 22:00:00,0.2573999999999999,0.6470713488195363,0.2866,-0.3896713488195364,0.3896713488195364,22,Thursday,7
2009-07-23 23:00:00,0.3730333333333333,0.6158078165855396,0.3017666666666667,-0.2427744832522063,0.2427744832522063,23,Thursday,7
2009-07-24 00:00:00,0.5261666666666667,0.3540469541808814,0.2573999999999999,0.1721197124857852,0.1721197124857852,0,Friday,7
2009-07-24 01:00:00,0.3395333333333333,0.3773495923860499,0.3730333333333333,-0.0378162590527166,0.0378162590527166,1,Friday,7
2009-07-24 02:00:00,0.2849666666666666,0.4049525419933975,0.5261666666666667,-0.1199858753267308,0.1199858753267308,2,Friday,7
2009-07-24 03:00:00,0.2799666666666667,0.3875663678298141,0.3395333333333333,-0.1075997011631474,0.1075997011631474,3,Friday,7
2009-07-24 04:00:00,0.9423333333333334,0.3752966079114102,0.2849666666666666,0.5670367254219231,0.5670367254219231,4,Friday,7
2009-07-24 05:00:00,0.1979666666666666,0.6380402521921154,0.2799666666666667,-0.4400735855254487,0.4400735855254487,5,Friday,7
2009-07-24 06:00:00,0.3189333333333333,0.8768549293840278,0.9423333333333334,-0.5579215960506945,0.5579215960506945,6,Friday,7
2009-07-24 07:00:00,0.3922666666666667,0.5962519062478965,0.1979666666666666,-0.2039852395812297,0.2039852395812297,7,Friday,7
2009-07-24 08:00:00,0.4224333333333333,0.698156416326525,0.3189333333333333,-0.2757230829931917,0.2757230829931917,8,Friday,7
2009-07-24 09:00:00,0.6252,0.731354986732052,0.3922666666666667,-0.106154986732052,0.106154986732052,9,Friday,7
2009-07-24 10:00:00,0.6830666666666667,0.7104642083505286,0.4224333333333333,-0.0273975416838618,0.0273975416838618,10,Friday,7
2009-07-24 11:00:00,0.2841666666666667,0.7944067570183051,0.6252,-0.5102400903516384,0.5102400903516384,11,Friday,7
2009-07-24 12:00:00,0.2658333333333333,0.7417335645420818,0.6830666666666667,-0.4759002312087485,0.4759002312087485,12,Friday,7
2009-07-24 13:00:00,0.3221666666666666,0.5783807691109637,0.2841666666666667,-0.2562141024442971,0.2562141024442971,13,Friday,7
2009-07-24 14:00:00,0.1826666666666666,0.577201651070436,0.2658333333333333,-0.3945349844037694,0.3945349844037694,14,Friday,7
2009-07-24 15:00:00,0.2932333333333333,0.564511242146434,0.3221666666666666,-0.2712779088131007,0.2712779088131007,15,Friday,7
2009-07-24 16:00:00,0.3120666666666666,0.4945177947007483,0.1826666666666666,-0.1824511280340817,0.1824511280340817,16,Friday,7
2009-07-24 17:00:00,0.2586,0.5940206289027197,0.2932333333333333,-0.3354206289027197,0.3354206289027197,17,Friday,7
2009-07-24 18:00:00,0.2524666666666667,0.746623200158636,0.3120666666666666,-0.4941565334919693,0.4941565334919693,18,Friday,7
2009-07-24 19:00:00,0.3544666666666666,0.8852587638438355,0.2586,-0.5307920971771689,0.5307920971771689,19,Friday,7
2009-07-24 20:00:00,0.9636666666666668,0.7549891771560865,0.2524666666666667,0.2086774895105803,0.2086774895105803,20,Friday,7
2009-07-24 21:00:00,0.2617,0.6014638554499355,0.3544666666666666,-0.3397638554499355,0.3397638554499355,21,Friday,7
2009-07-24 22:00:00,0.2254,0.6991483196554424,0.9636666666666668,-0.4737483196554424,0.4737483196554424,22,Friday,7
2009-07-24 23:00:00,0.2615333333333333,0.3722365584149828,0.2617,-0.1107032250816495,0.1107032250816495,23,Friday,7
2009-07-25 00:00:00,0.2724333333333333,0.3141703676701956,0.2254,-0.0417370343368623,0.0417370343368623,0,Saturday,7
2009-07-25 01:00:00,0.2964,0.3332040471904532,0.2615333333333333,-0.0368040471904532,0.0368040471904532,1,Saturday,7
2009-07-25 02:00:00,0.1797333333333333,0.3204744194751014,0.2724333333333333,-0.1407410861417681,0.1407410861417681,2,Saturday,7
2009-07-25 03:00:00,0.3134666666666666,0.3208688236246005,0.2964,-0.0074021569579339,0.0074021569579339,3,Saturday,7
2009-07-25 04:00:00,0.2545333333333333,0.3115771480613298,0.1797333333333333,-0.0570438147279965,0.0570438147279965,4,Saturday,7
2009-07-25 05:00:00,0.2154333333333333,0.4283774144313577,0.3134666666666666,-0.2129440810980244,0.2129440810980244,5,Saturday,7
2009-07-25 06:00:00,0.2827,0.2547413727648388,0.2545333333333333,0.0279586272351611,0.0279586272351611,6,Saturday,7
2009-07-25 07:00:00,1.350833333333333,0.3380728279125047,0.2154333333333333,1.0127605054208284,1.0127605054208284,7,Saturday,7
2009-07-25 08:00:00,0.5141333333333333,0.4397844141697141,0.2827,0.0743489191636192,0.0743489191636192,8,Saturday,7
2009-07-25 09:00:00,0.3240666666666666,0.6708581396556874,1.350833333333333,-0.3467914729890208,0.3467914729890208,9,Saturday,7
2009-07-25 10:00:00,0.3431333333333333,0.6840002876304073,0.5141333333333333,-0.340866954297074,0.340866954297074,10,Saturday,7
2009-07-25 11:00:00,0.2179666666666666,0.5340922004121211,0.3240666666666666,-0.3161255337454545,0.3161255337454545,11,Saturday,7
2009-07-25 12:00:00,0.3186333333333333,0.612114952885089,0.3431333333333333,-0.2934816195517556,0.2934816195517556,12,Saturday,7
2009-07-25 13:00:00,0.3196333333333333,0.3657783885238469,0.2179666666666666,-0.0461450551905135,0.0461450551905135,13,Saturday,7
2009-07-25 14:00:00,0.2301666666666666,0.4429985962896258,0.3186333333333333,-0.2128319296229592,0.2128319296229592,14,Saturday,7
2009-07-25 15:00:00,0.3194666666666667,0.430819818969148,0.3196333333333333,-0.1113531523024813,0.1113531523024813,15,Saturday,7
2009-07-25 16:00:00,0.2857333333333333,0.3614770734926433,0.2301666666666666,-0.07574374015931,0.07574374015931,16,Saturday,7
2009-07-25 17:00:00,0.2705,0.432869760515914,0.3194666666666667,-0.162369760515914,0.162369760515914,17,Saturday,7
2009-07-25 18:00:00,0.9160333333333333,0.4824761023300426,0.2857333333333333,0.4335572310032906,0.4335572310032906,18,Saturday,7
2009-07-25 19:00:00,0.6616666666666667,0.4739616886304976,0.2705,0.1877049780361691,0.1877049780361691,19,Saturday,7
2009-07-25 20:00:00,0.2829666666666666,0.8279399383757818,0.9160333333333333,-0.5449732717091152,0.5449732717091152,20,Saturday,7
2009-07-25 21:00:00,0.2353,0.8252085437328979,0.6616666666666667,-0.5899085437328979,0.5899085437328979,21,Saturday,7
2009-07-25 22:00:00,0.2783333333333333,0.4545222429970989,0.2829666666666666,-0.1761889096637656,0.1761889096637656,22,Saturday,7
2009-07-25 23:00:00,0.2725,0.3189708900541357,0.2353,-0.0464708900541356,0.0464708900541356,23,Saturday,7
2009-07-26 00:00:00,0.3209333333333333,0.3238395328324247,0.2783333333333333,-0.0029061994990914,0.0029061994990914,0,Sunday,7
2009-07-26 01:00:00,0.2160333333333333,0.3238395328324247,0.2725,-0.1078061994990914,0.1078061994990914,1,Sunday,7
2009-07-26 02:00:00,0.3205333333333333,0.330392481519758,0.3209333333333333,-0.0098591481864247,0.0098591481864247,2,Sunday,7
2009-07-26 03:00:00,0.2627333333333333,0.3017227144374152,0.2160333333333333,-0.0389893811040819,0.0389893811040819,3,Sunday,7
2009-07-26 04:00:00,0.2894,0.3331698634822264,0.3205333333333333,-0.0437698634822264,0.0437698634822264,4,Sunday,7
2009-07-26 05:00:00,0.2303666666666666,0.361314319269397,0.2627333333333333,-0.1309476526027304,0.1309476526027304,5,Sunday,7
2009-07-26 06:00:00,1.2570333333333332,0.359296138767138,0.2894,0.8977371945661952,0.8977371945661952,6,Sunday,7
2009-07-26 07:00:00,0.2976666666666666,0.3279841040545686,0.2303666666666666,-0.030317437387902,0.030317437387902,7,Sunday,7
2009-07-26 08:00:00,0.2507,0.6836126224517152,1.2570333333333332,-0.4329126224517152,0.4329126224517152,8,Sunday,7
2009-07-26 09:00:00,0.2535666666666666,0.5015606892336079,0.2976666666666666,-0.2479940225669412,0.2479940225669412,9,Sunday,7
2009-07-26 10:00:00,0.2777333333333333,0.3678260192650805,0.2507,-0.0900926859317472,0.0900926859317472,10,Sunday,7
2009-07-26 11:00:00,0.3193333333333333,0.3678260192650805,0.2535666666666666,-0.0484926859317472,0.0484926859317472,11,Sunday,7
2009-07-26 12:00:00,0.2058666666666666,0.3968875501351381,0.2777333333333333,-0.1910208834684715,0.1910208834684715,12,Sunday,7
2009-07-26 13:00:00,0.2760666666666667,0.4599482964112607,0.3193333333333333,-0.183881629744594,0.183881629744594,13,Sunday,7
2009-07-26 14:00:00,0.2995666666666666,0.3829920602962417,0.2058666666666666,-0.0834253936295751,0.0834253936295751,14,Sunday,7
2009-07-26 15:00:00,0.6093333333333334,0.4215952698751298,0.2760666666666667,0.1877380634582036,0.1877380634582036,15,Sunday,7
2009-07-26 16:00:00,1.0012333333333332,0.436620728341279,0.2995666666666666,0.5646126049920541,0.5646126049920541,16,Sunday,7
2009-07-26 17:00:00,0.3672,0.7520045588476976,0.6093333333333334,-0.3848045588476975,0.3848045588476975,17,Sunday,7
2009-07-26 18:00:00,0.3373,1.0492334246051669,1.0012333333333332,-0.7119334246051667,0.7119334246051667,18,Sunday,7
2009-07-26 19:00:00,0.3692,0.8580840655676979,0.3672,-0.4888840655676979,0.4888840655676979,19,Sunday,7
2009-07-26 20:00:00,0.3210666666666666,0.7641121655155588,0.3373,-0.4430454988488922,0.4430454988488922,20,Sunday,7
2009-07-26 21:00:00,0.3248333333333333,0.5704472136659118,0.3692,-0.2456138803325784,0.2456138803325784,21,Sunday,7
2009-07-26 22:00:00,0.3700666666666666,0.5268010023989695,0.3210666666666666,-0.1567343357323029,0.1567343357323029,22,Sunday,7
2009-07-26 23:00:00,0.3646333333333333,0.3703430096977508,0.3248333333333333,-0.0057096763644175,0.0057096763644175,23,Sunday,7
2009-07-27 00:00:00,0.3400666666666667,0.3768506397987547,0.3700666666666666,-0.036783973132088,0.036783973132088,0,Monday,7
2009-07-27 01:00:00,0.3592,0.3516845460857482,0.3646333333333333,0.0075154539142517,0.0075154539142517,1,Monday,7
2009-07-27 02:00:00,0.3682333333333333,0.3274459535752519,0.3400666666666667,0.0407873797580813,0.0407873797580813,2,Monday,7
2009-07-27 03:00:00,1.2118,0.3497097842254009,0.3592,0.8620902157745991,0.8620902157745991,3,Monday,7
2009-07-27 04:00:00,0.3493666666666666,0.3625264649246708,0.3682333333333333,-0.0131597982580041,0.0131597982580041,4,Monday,7
2009-07-27 05:00:00,0.36,0.7047008205387918,1.2118,-0.3447008205387918,0.3447008205387918,5,Monday,7
2009-07-27 06:00:00,0.2948,0.6201100934214746,0.3493666666666666,-0.3253100934214746,0.3253100934214746,6,Monday,7
2009-07-27 07:00:00,0.3459666666666666,0.8859209823583237,0.36,-0.5399543156916571,0.5399543156916571,7,Monday,7
2009-07-27 08:00:00,1.3537333333333337,0.4290612784835897,0.2948,0.924672054849744,0.924672054849744,8,Monday,7
2009-07-27 09:00:00,1.0349666666666666,0.5574523141322121,0.3459666666666666,0.4775143525344545,0.4775143525344545,9,Monday,7
2009-07-27 10:00:00,0.3529,0.7079354707277229,1.3537333333333337,-0.3550354707277229,0.3550354707277229,10,Monday,7
2009-07-27 11:00:00,0.3359333333333333,0.6837733462315005,1.0349666666666666,-0.3478400128981672,0.3478400128981672,11,Monday,7
2009-07-27 12:00:00,0.3115333333333333,0.608874525350321,0.3529,-0.2973411920169878,0.2973411920169878,12,Monday,7
2009-07-27 13:00:00,0.3637333333333333,0.5504970714396502,0.3359333333333333,-0.1867637381063169,0.1867637381063169,13,Monday,7
2009-07-27 14:00:00,0.3400333333333333,0.605725415949372,0.3115333333333333,-0.2656920826160387,0.2656920826160387,14,Monday,7
2009-07-27 15:00:00,0.2996999999999999,0.6709497372325698,0.3637333333333333,-0.3712497372325699,0.3712497372325699,15,Monday,7
2009-07-27 16:00:00,0.3564,0.5707506085179758,0.3400333333333333,-0.2143506085179757,0.2143506085179757,16,Monday,7
2009-07-27 17:00:00,0.3397666666666666,0.5825327584936575,0.2996999999999999,-0.2427660918269908,0.2427660918269908,17,Monday,7
2009-07-27 18:00:00,1.0382,0.8716932145505666,0.3564,0.1665067854494334,0.1665067854494334,18,Monday,7
2009-07-27 19:00:00,0.3006333333333333,0.8892579457586354,0.3397666666666666,-0.5886246124253021,0.5886246124253021,19,Monday,7
2009-07-27 20:00:00,0.3447333333333333,1.0643817184819957,1.0382,-0.7196483851486621,0.7196483851486621,20,Monday,7
2009-07-27 21:00:00,0.3530333333333333,0.6735602417112734,0.3006333333333333,-0.32052690837794,0.32052690837794,21,Monday,7
2009-07-27 22:00:00,0.3567333333333333,0.8232884833664068,0.3447333333333333,-0.4665551500330735,0.4665551500330735,22,Monday,7
2009-07-27 23:00:00,0.2951666666666667,0.750902807948726,0.3530333333333333,-0.4557361412820593,0.4557361412820593,23,Monday,7
2009-07-28 00:00:00,0.3451,0.363995452001817,0.3567333333333333,-0.0188954520018169,0.0188954520018169,0,Tuesday,7
2009-07-28 01:00:00,0.3543,0.3464839973833764,0.2951666666666667,0.0078160026166236,0.0078160026166236,1,Tuesday,7
2009-07-28 02:00:00,0.2959333333333333,0.3690294864984114,0.3451,-0.0730961531650781,0.0730961531650781,2,Tuesday,7
2009-07-28 03:00:00,0.3396666666666667,0.3748111837578776,0.3543,-0.0351445170912109,0.0351445170912109,3,Tuesday,7
2009-07-28 04:00:00,0.357,0.3770516339540441,0.2959333333333333,-0.0200516339540441,0.0200516339540441,4,Tuesday,7
2009-07-28 05:00:00,1.1497333333333333,0.6771939100846709,0.3396666666666667,0.4725394232486624,0.4725394232486624,5,Tuesday,7
2009-07-28 06:00:00,0.3309666666666667,0.6602527851822366,0.357,-0.3292861185155699,0.3292861185155699,6,Tuesday,7
2009-07-28 07:00:00,0.4626,0.783532423548834,1.1497333333333333,-0.320932423548834,0.320932423548834,7,Tuesday,7
2009-07-28 08:00:00,0.3686,0.6456288465573369,0.3309666666666667,-0.2770288465573369,0.2770288465573369,8,Tuesday,7
2009-07-28 09:00:00,0.4316333333333333,0.6986823692360423,0.4626,-0.267049035902709,0.267049035902709,9,Tuesday,7
2009-07-28 10:00:00,0.4649333333333333,0.6340097682158397,0.3686,-0.1690764348825063,0.1690764348825063,10,Tuesday,7
2009-07-28 11:00:00,1.5792,0.5173856436670083,0.4316333333333333,1.0618143563329916,1.0618143563329916,11,Tuesday,7
2009-07-28 12:00:00,0.2283666666666666,0.5594164015995126,0.4649333333333333,-0.3310497349328459,0.3310497349328459,12,Tuesday,7
2009-07-28 13:00:00,0.2842666666666666,0.9738665443798538,1.5792,-0.6895998777131871,0.6895998777131871,13,Tuesday,7
2009-07-28 14:00:00,0.2983333333333333,0.458727817643892,0.2283666666666666,-0.1603944843105587,0.1603944843105587,14,Tuesday,7
2009-07-28 15:00:00,0.2653,0.5681675634386854,0.2842666666666666,-0.3028675634386853,0.3028675634386853,15,Tuesday,7
2009-07-28 16:00:00,0.3349,0.5753988586591015,0.2983333333333333,-0.2404988586591014,0.2404988586591014,16,Tuesday,7
2009-07-28 17:00:00,1.4864666666666666,0.5319258691511273,0.2653,0.9545407975155392,0.9545407975155392,17,Tuesday,7
2009-07-28 18:00:00,1.5357333333333334,0.929290456070076,0.3349,0.6064428772632573,0.6064428772632573,18,Tuesday,7
2009-07-28 19:00:00,0.4181999999999999,1.5074385744849554,1.4864666666666666,-1.0892385744849555,1.0892385744849555,19,Tuesday,7
2009-07-28 20:00:00,0.4073,1.5236140399840732,1.5357333333333334,-1.1163140399840732,1.1163140399840732,20,Tuesday,7
2009-07-28 21:00:00,1.3024666666666669,0.8999164431580635,0.4181999999999999,0.4025502235086033,0.4025502235086033,21,Tuesday,7
2009-07-28 22:00:00,1.7113333333333334,0.8704648666324807,0.4073,0.8408684667008527,0.8408684667008527,22,Tuesday,7
2009-07-28 23:00:00,0.3700333333333334,0.5151391895775896,1.3024666666666669,-0.1451058562442562,0.1451058562442562,23,Tuesday,7
2009-07-29 00:00:00,0.3648,0.6789479973281376,1.7113333333333334,-0.3141479973281376,0.3141479973281376,0,Wednesday,7
2009-07-29 01:00:00,0.5869666666666666,0.3655880996133166,0.3700333333333334,0.22137856705335,0.22137856705335,1,Wednesday,7
2009-07-29 02:00:00,0.6620333333333334,0.3685057804874929,0.3648,0.2935275528458404,0.2935275528458404,2,Wednesday,7
2009-07-29 03:00:00,0.3144333333333333,0.3576217568456082,0.5869666666666666,-0.0431884235122749,0.0431884235122749,3,Wednesday,7
2009-07-29 04:00:00,0.3127333333333333,0.3909251406226919,0.6620333333333334,-0.0781918072893586,0.0781918072893586,4,Wednesday,7
2009-07-29 05:00:00,0.3004666666666666,0.7711352627592905,0.3144333333333333,-0.4706685960926238,0.4706685960926238,5,Wednesday,7
2009-07-29 06:00:00,0.2605,1.1972521871868715,0.3127333333333333,-0.9367521871868716,0.9367521871868716,6,Wednesday,7
2009-07-29 07:00:00,0.5618,0.7507105604160231,0.3004666666666666,-0.1889105604160231,0.1889105604160231,7,Wednesday,7
2009-07-29 08:00:00,1.4592666666666667,0.5985452014943811,0.2605,0.8607214651722856,0.8607214651722856,8,Wednesday,7
2009-07-29 09:00:00,1.3826,0.6541656477132236,0.5618,0.7284343522867764,0.7284343522867764,9,Wednesday,7
2009-07-29 10:00:00,1.5692666666666668,0.9494669181797476,1.4592666666666667,0.6197997484869192,0.6197997484869192,10,Wednesday,7
2009-07-29 11:00:00,1.4220666666666666,0.8596702785676337,1.3826,0.5623963880990329,0.5623963880990329,11,Wednesday,7
2009-07-29 12:00:00,0.6293000000000001,1.004637223159775,1.5692666666666668,-0.375337223159775,0.375337223159775,12,Wednesday,7
2009-07-29 13:00:00,0.3034,0.7786630051066841,1.4220666666666666,-0.475263005106684,0.475263005106684,13,Wednesday,7
2009-07-29 14:00:00,0.3153666666666667,0.716168170434628,0.6293000000000001,-0.4008015037679613,0.4008015037679613,14,Wednesday,7
2009-07-29 15:00:00,0.7016666666666667,0.5802970154441623,0.3034,0.1213696512225043,0.1213696512225043,15,Wednesday,7
2009-07-29 16:00:00,0.5243666666666666,0.6029745322524488,0.3153666666666667,-0.0786078655857821,0.0786078655857821,16,Wednesday,7
2009-07-29 17:00:00,0.765,0.8339109612067563,0.7016666666666667,-0.0689109612067563,0.0689109612067563,17,Wednesday,7
2009-07-29 18:00:00,0.2949666666666666,1.2855951730273012,0.5243666666666666,-0.9906285063606346,0.9906285063606346,18,Wednesday,7
2009-07-29 19:00:00,0.2216999999999999,1.42136075448337,0.765,-1.1996607544833702,1.1996607544833702,19,Wednesday,7
2009-07-29 20:00:00,0.3088666666666667,0.9087502897384596,0.2949666666666666,-0.599883623071793,0.599883623071793,20,Wednesday,7
2009-07-29 21:00:00,0.6327333333333333,0.7513400317295128,0.2216999999999999,-0.1186066983961795,0.1186066983961795,21,Wednesday,7
2009-07-29 22:00:00,0.769,0.8182167287782587,0.3088666666666667,-0.0492167287782586,0.0492167287782586,22,Wednesday,7
2009-07-29 23:00:00,0.2687666666666667,0.6201014802493537,0.6327333333333333,-0.351334813582687,0.351334813582687,23,Wednesday,7
2009-07-30 00:00:00,0.2947666666666667,0.3631819717034514,0.769,-0.0684153050367847,0.0684153050367847,0,Thursday,7
2009-07-30 01:00:00,0.2962999999999999,0.3444308944499281,0.2687666666666667,-0.0481308944499282,0.0481308944499282,1,Thursday,7
2009-07-30 02:00:00,0.2212666666666666,0.3461153154531824,0.2947666666666667,-0.1248486487865158,0.1248486487865158,2,Thursday,7
2009-07-30 03:00:00,0.3111333333333333,0.3708306802708684,0.2962999999999999,-0.0596973469375351,0.0596973469375351,3,Thursday,7
2009-07-30 04:00:00,0.2567333333333333,0.3496439865226504,0.2212666666666666,-0.092910653189317,0.092910653189317,4,Thursday,7
2009-07-30 05:00:00,0.3258,0.6423654502805483,0.3111333333333333,-0.3165654502805483,0.3165654502805483,5,Thursday,7
2009-07-30 06:00:00,0.2706333333333333,0.6187055718687856,0.2567333333333333,-0.3480722385354523,0.3480722385354523,6,Thursday,7
2009-07-30 07:00:00,0.6489999999999999,0.7305654137961048,0.3258,-0.0815654137961049,0.0815654137961049,7,Thursday,7
2009-07-30 08:00:00,0.8324,0.6274603334151659,0.2706333333333333,0.2049396665848341,0.2049396665848341,8,Thursday,7
2009-07-30 09:00:00,0.7343,0.7433700110150875,0.6489999999999999,-0.0090700110150875,0.0090700110150875,9,Thursday,7
2009-07-30 10:00:00,0.2467666666666667,0.7447913789972487,0.8324,-0.498024712330582,0.498024712330582,10,Thursday,7
2009-07-30 11:00:00,0.2682,0.6592889767483315,0.7343,-0.3910889767483315,0.3910889767483315,11,Thursday,7
2009-07-30 12:00:00,0.3437666666666666,0.4456225027837048,0.2467666666666667,-0.1018558361170382,0.1018558361170382,12,Thursday,7
2009-07-30 13:00:00,0.2874,0.4602112466131196,0.2682,-0.1728112466131196,0.1728112466131196,13,Thursday,7
2009-07-30 14:00:00,0.2666666666666666,0.5941560044574293,0.3437666666666666,-0.3274893377907627,0.3274893377907627,14,Thursday,7
2009-07-30 15:00:00,0.2713666666666666,0.5242895803630151,0.2874,-0.2529229136963485,0.2529229136963485,15,Thursday,7
2009-07-30 16:00:00,0.4806999999999999,0.4107245221129985,0.2666666666666666,0.0699754778870014,0.0699754778870014,16,Thursday,7
2009-07-30 17:00:00,1.5900333333333334,0.5468582807477359,0.2713666666666666,1.0431750525855974,1.0431750525855974,17,Thursday,7
2009-07-30 18:00:00,0.5373666666666667,0.9730822072858176,0.4806999999999999,-0.4357155406191509,0.4357155406191509,18,Thursday,7
2009-07-30 19:00:00,1.3225,1.6563228456677526,1.5900333333333334,-0.3338228456677525,0.3338228456677525,19,Thursday,7
2009-07-30 20:00:00,1.4496,0.7823724626092018,0.5373666666666667,0.6672275373907982,0.6672275373907982,20,Thursday,7
2009-07-30 21:00:00,0.8709666666666667,0.8451119866242974,1.3225,0.0258546800423692,0.0258546800423692,21,Thursday,7
2009-07-30 22:00:00,0.8089999999999999,0.8099452944731249,1.4496,-0.0009452944731249,0.0009452944731249,22,Thursday,7
2009-07-30 23:00:00,0.7209666666666668,0.5819820318539275,0.8709666666666667,0.1389846348127392,0.1389846348127392,23,Thursday,7
2009-07-31 00:00:00,1.1798666666666666,0.3551685059741442,0.8089999999999999,0.8246981606925224,0.8246981606925224,0,Friday,7
2009-07-31 01:00:00,0.4249666666666666,0.3485685205191474,0.7209666666666668,0.0763981461475192,0.0763981461475192,1,Friday,7
2009-07-31 02:00:00,0.3774,0.3072865382610698,1.1798666666666666,0.0701134617389302,0.0701134617389302,2,Friday,7
2009-07-31 03:00:00,0.4038,0.3417827691346337,0.4249666666666666,0.0620172308653662,0.0620172308653662,3,Friday,7
2009-07-31 04:00:00,0.3644,0.3853270884210392,0.3774,-0.0209270884210391,0.0209270884210391,4,Friday,7
2009-07-31 05:00:00,0.3659666666666666,0.6810309626481023,0.4038,-0.3150642959814356,0.3150642959814356,5,Friday,7
2009-07-31 06:00:00,0.4324333333333333,0.9990158576471048,0.3644,-0.5665825243137714,0.5665825243137714,6,Friday,7
2009-07-31 07:00:00,0.2673333333333333,0.842042337510386,0.3659666666666666,-0.5747090041770527,0.5747090041770527,7,Friday,7
2009-07-31 08:00:00,0.2746,0.8027774638740824,0.4324333333333333,-0.5281774638740824,0.5281774638740824,8,Friday,7
2009-07-31 09:00:00,0.2499666666666666,0.6127664752763143,0.2673333333333333,-0.3627998086096478,0.3627998086096478,9,Friday,7
2009-07-31 10:00:00,0.7256,0.619398717883743,0.2746,0.106201282116257,0.106201282116257,10,Friday,7
2009-07-31 11:00:00,0.8151333333333334,0.5184771245875897,0.2499666666666666,0.2966562087457437,0.2966562087457437,11,Friday,7
2009-07-31 12:00:00,0.3225666666666666,0.7234819305744112,0.7256,-0.4009152639077446,0.4009152639077446,12,Friday,7
2009-07-31 13:00:00,0.3118666666666667,0.732133836704748,0.8151333333333334,-0.4202671700380813,0.4202671700380813,13,Friday,7
2009-07-31 14:00:00,0.2687,0.5870556770064491,0.3225666666666666,-0.3183556770064491,0.3183556770064491,14,Friday,7
2009-07-31 15:00:00,0.3327333333333333,0.5787039198927952,0.3118666666666667,-0.2459705865594619,0.2459705865594619,15,Friday,7
2009-07-31 16:00:00,1.8858,0.5795477942670373,0.2687,1.3062522057329626,1.3062522057329626,16,Friday,7
2009-07-31 17:00:00,1.6413,0.7849187294765708,0.3327333333333333,0.8563812705234292,0.8563812705234292,17,Friday,7
2009-07-31 18:00:00,2.9812333333333334,1.8507950163787992,1.8858,1.1304383169545342,1.1304383169545342,18,Friday,7
2009-07-31 19:00:00,0.8223,1.5342908306372278,1.6413,-0.7119908306372278,0.7119908306372278,19,Friday,7
2009-07-31 20:00:00,0.3699,2.134585611601561,2.9812333333333334,-1.764685611601561,1.764685611601561,20,Friday,7
2009-07-31 21:00:00,0.3584333333333333,1.154688337135819,0.8223,-0.7962550038024856,0.7962550038024856,21,Friday,7
2009-07-31 22:00:00,0.3665666666666666,0.8072579227611446,0.3699,-0.440691256094478,0.440691256094478,22,Friday,7
2009-07-31 23:00:00,0.3020666666666666,0.7667564635130147,0.3584333333333333,-0.4646897968463481,0.4646897968463481,23,Friday,7
2009-08-01 00:00:00,0.3163333333333333,0.3790669742510213,0.3665666666666666,-0.062733640917688,0.062733640917688,0,Saturday,8
2009-08-01 01:00:00,0.2851,0.3691175447006363,0.3020666666666666,-0.0840175447006362,0.0840175447006362,1,Saturday,8
2009-08-01 02:00:00,0.2651,0.3516138785767494,0.3163333333333333,-0.0865138785767494,0.0865138785767494,2,Saturday,8
2009-08-01 03:00:00,0.3236666666666667,0.3427236706587842,0.2851,-0.0190570039921175,0.0190570039921175,3,Saturday,8
2009-08-01 04:00:00,1.0245666666666666,0.3447238106313352,0.2651,0.6798428560353313,0.6798428560353313,4,Saturday,8
2009-08-01 05:00:00,0.2564333333333333,0.5951606868738968,0.3236666666666667,-0.3387273535405635,0.3387273535405635,5,Saturday,8
2009-08-01 06:00:00,0.3218,0.8892493042202337,1.0245666666666666,-0.5674493042202338,0.5674493042202338,6,Saturday,8
2009-08-01 07:00:00,0.2846666666666667,0.6459632544427385,0.2564333333333333,-0.3612965877760718,0.3612965877760718,7,Saturday,8
2009-08-01 08:00:00,0.2778,0.6719174988437142,0.3218,-0.3941174988437142,0.3941174988437142,8,Saturday,8
2009-08-01 09:00:00,0.2564,0.6420890497816418,0.2846666666666667,-0.3856890497816418,0.3856890497816418,9,Saturday,8
2009-08-01 10:00:00,1.034166666666667,0.6155597766608006,0.2778,0.4186068900058662,0.4186068900058662,10,Saturday,8
2009-08-01 11:00:00,0.6047,0.5784650662001495,0.2564,0.0262349337998505,0.0262349337998505,11,Saturday,8
2009-08-01 12:00:00,0.3364,0.9513141351533893,1.034166666666667,-0.6149141351533891,0.6149141351533891,12,Saturday,8
2009-08-01 13:00:00,0.3450333333333333,0.9941901538776892,0.6047,-0.649156820544356,0.649156820544356,13,Saturday,8
2009-08-01 14:00:00,0.3100333333333333,0.8429037305984951,0.3364,-0.5328703972651618,0.5328703972651618,14,Saturday,8
2009-08-01 15:00:00,0.7275666666666667,0.8778074767631331,0.3450333333333333,-0.1502408100964664,0.1502408100964664,15,Saturday,8
2009-08-01 16:00:00,0.6299333333333333,0.6616158143014624,0.3100333333333333,-0.031682480968129,0.031682480968129,16,Saturday,8
2009-08-01 17:00:00,0.3752666666666666,1.1093732202679942,0.7275666666666667,-0.7341065536013276,0.7341065536013276,17,Saturday,8
2009-08-01 18:00:00,1.4530666666666667,1.1077409218282015,0.6299333333333333,0.3453257448384652,0.3453257448384652,18,Saturday,8
2009-08-01 19:00:00,1.1012666666666666,0.9202643393972284,0.3752666666666666,0.1810023272694382,0.1810023272694382,19,Saturday,8
2009-08-01 20:00:00,0.3004666666666666,1.343268054443062,1.4530666666666667,-1.0428013877763953,1.0428013877763953,20,Saturday,8
2009-08-01 21:00:00,0.2996,1.031155529863641,1.1012666666666666,-0.731555529863641,0.731555529863641,21,Saturday,8
2009-08-01 22:00:00,0.3513333333333333,0.5985363456075674,0.3004666666666666,-0.2472030122742341,0.2472030122742341,22,Saturday,8
2009-08-01 23:00:00,0.3196,0.709456914135675,0.2996,-0.389856914135675,0.389856914135675,23,Saturday,8
2009-08-02 00:00:00,0.2661,0.3661118056242351,0.3513333333333333,-0.1000118056242351,0.1000118056242351,0,Sunday,8
2009-08-02 01:00:00,0.3163666666666666,0.3524539539387227,0.3196,-0.0360872872720561,0.0360872872720561,1,Sunday,8
2009-08-02 02:00:00,0.2889333333333333,0.314474411153205,0.2661,-0.0255410778198716,0.0255410778198716,2,Sunday,8
2009-08-02 03:00:00,0.2337333333333333,0.3454139235713461,0.3163666666666666,-0.1116805902380128,0.1116805902380128,3,Sunday,8
2009-08-02 04:00:00,0.3173,0.3386683450806609,0.2889333333333333,-0.0213683450806608,0.0213683450806608,4,Sunday,8
2009-08-02 05:00:00,0.8670666666666667,0.5306583067643297,0.2337333333333333,0.336408359902337,0.336408359902337,5,Sunday,8
2009-08-02 06:00:00,0.3314666666666667,0.5218192415456673,0.3173,-0.1903525748790006,0.1903525748790006,6,Sunday,8
2009-08-02 07:00:00,0.2847333333333333,0.7123889422128258,0.8670666666666667,-0.4276556088794925,0.4276556088794925,7,Sunday,8
2009-08-02 08:00:00,0.2598333333333333,0.7774435595376685,0.3314666666666667,-0.5176102262043352,0.5176102262043352,8,Sunday,8
2009-08-02 09:00:00,0.2606666666666666,0.6644641756147368,0.2847333333333333,-0.4037975089480702,0.4037975089480702,9,Sunday,8
2009-08-02 10:00:00,0.2827333333333333,0.5877112714717938,0.2598333333333333,-0.3049779381384605,0.3049779381384605,10,Sunday,8
2009-08-02 11:00:00,0.2991,0.609106011745319,0.2606666666666666,-0.310006011745319,0.310006011745319,11,Sunday,8
2009-08-02 12:00:00,0.2612666666666666,0.6039013996678013,0.2827333333333333,-0.3426347330011347,0.3426347330011347,12,Sunday,8
2009-08-02 13:00:00,0.3001333333333333,0.6412207211273495,0.2991,-0.3410873877940162,0.3410873877940162,13,Sunday,8
2009-08-02 14:00:00,0.2533666666666667,0.6151305417935873,0.2612666666666666,-0.3617638751269206,0.3617638751269206,14,Sunday,8
2009-08-02 15:00:00,0.2492666666666666,0.6667437510828388,0.3001333333333333,-0.4174770844161721,0.4174770844161721,15,Sunday,8
2009-08-02 16:00:00,0.9166,0.6080711210820384,0.2533666666666667,0.3085288789179615,0.3085288789179615,16,Sunday,8
2009-08-02 17:00:00,0.5056666666666667,0.5348764031776544,0.2492666666666666,-0.0292097365109876,0.0292097365109876,17,Sunday,8
2009-08-02 18:00:00,0.2205333333333333,1.197379331366033,0.9166,-0.9768459980326998,0.9768459980326998,18,Sunday,8
2009-08-02 19:00:00,0.2780333333333333,0.91386577944686,0.5056666666666667,-0.6358324461135267,0.6358324461135267,19,Sunday,8
2009-08-02 20:00:00,0.2794999999999999,0.6289031289142392,0.2205333333333333,-0.3494031289142392,0.3494031289142392,20,Sunday,8
2009-08-02 21:00:00,0.3242666666666666,0.4132404610613984,0.2780333333333333,-0.0889737943947318,0.0889737943947318,21,Sunday,8
2009-08-02 22:00:00,0.2458,0.4137760435963721,0.2794999999999999,-0.1679760435963721,0.1679760435963721,22,Sunday,8
2009-08-02 23:00:00,0.2472666666666666,0.3686759337121126,0.3242666666666666,-0.121409267045446,0.121409267045446,23,Sunday,8
2009-08-03 00:00:00,0.2977999999999999,0.3132312878849424,0.2458,-0.0154312878849425,0.0154312878849425,0,Monday,8
2009-08-03 01:00:00,0.2511333333333333,0.3075025260512537,0.2472666666666666,-0.0563691927179204,0.0563691927179204,1,Monday,8
2009-08-03 02:00:00,0.3196333333333333,0.3323427199327796,0.2977999999999999,-0.0127093865994462,0.0127093865994462,2,Monday,8
2009-08-03 03:00:00,0.2352666666666666,0.3132842233107198,0.2511333333333333,-0.0780175566440532,0.0780175566440532,3,Monday,8
2009-08-03 04:00:00,1.1811666666666667,0.3285358776976774,0.3196333333333333,0.8526307889689893,0.8526307889689893,4,Monday,8
2009-08-03 05:00:00,0.2653333333333333,0.3520888599912993,0.2352666666666666,-0.0867555266579659,0.0867555266579659,5,Monday,8
2009-08-03 06:00:00,0.272,0.7030220479270249,1.1811666666666667,-0.4310220479270249,0.4310220479270249,6,Monday,8
2009-08-03 07:00:00,0.3049666666666667,0.3564082032019041,0.2653333333333333,-0.0514415365352374,0.0514415365352374,7,Monday,8
2009-08-03 08:00:00,0.2018333333333333,0.3922047681457742,0.272,-0.1903714348124409,0.1903714348124409,8,Monday,8
2009-08-03 09:00:00,0.3102999999999999,0.4114381308565459,0.3049666666666667,-0.101138130856546,0.101138130856546,9,Monday,8
2009-08-03 10:00:00,0.2530666666666666,0.378002743603958,0.2018333333333333,-0.1249360769372914,0.1249360769372914,10,Monday,8
2009-08-03 11:00:00,0.2695333333333333,0.3797100448120962,0.3102999999999999,-0.1101767114787629,0.1101767114787629,11,Monday,8
2009-08-03 12:00:00,0.2608333333333333,0.2979513300382406,0.2530666666666666,-0.0371179967049072,0.0371179967049072,12,Monday,8
2009-08-03 13:00:00,0.2433,0.3784937004239321,0.2695333333333333,-0.1351937004239321,0.1351937004239321,13,Monday,8
2009-08-03 14:00:00,0.3249,0.3224675687629189,0.2608333333333333,0.0024324312370811,0.0024324312370811,14,Monday,8
2009-08-03 15:00:00,0.4939,0.2868259187185283,0.2433,0.2070740812814716,0.2070740812814716,15,Monday,8
2009-08-03 16:00:00,0.9542333333333332,0.4579807275234093,0.3249,0.4962526058099238,0.4962526058099238,16,Monday,8
2009-08-03 17:00:00,0.2765666666666667,0.6043122302996475,0.4939,-0.3277455636329808,0.3277455636329808,17,Monday,8
2009-08-03 18:00:00,0.2835,0.96210359194053,0.9542333333333332,-0.6786035919405299,0.6786035919405299,18,Monday,8
2009-08-03 19:00:00,0.2804999999999999,0.4538930135193025,0.2765666666666667,-0.1733930135193025,0.1733930135193025,19,Monday,8
2009-08-03 20:00:00,0.2124666666666666,0.4875296279502103,0.2835,-0.2750629612835437,0.2750629612835437,20,Monday,8
2009-08-03 21:00:00,0.3207,0.4890968819423373,0.2804999999999999,-0.1683968819423373,0.1683968819423373,21,Monday,8
2009-08-03 22:00:00,0.2781,0.508435342905771,0.2124666666666666,-0.2303353429057709,0.2303353429057709,22,Monday,8
2009-08-03 23:00:00,0.2618,0.3702827478430094,0.3207,-0.1084827478430094,0.1084827478430094,23,Monday,8
2009-08-04 00:00:00,0.2405333333333333,0.3206832351720979,0.2781,-0.0801499018387646,0.0801499018387646,0,Tuesday,8
2009-08-04 01:00:00,0.2710666666666667,0.3263135600523993,0.2618,-0.0552468933857326,0.0552468933857326,1,Tuesday,8
2009-08-04 02:00:00,0.3232666666666667,0.3015718031242608,0.2405333333333333,0.0216948635424059,0.0216948635424059,2,Tuesday,8
2009-08-04 03:00:00,0.7182333333333334,0.3387654200866846,0.2710666666666667,0.3794679132466488,0.3794679132466488,3,Tuesday,8
2009-08-04 04:00:00,0.7366333333333334,0.3262048495503581,0.3232666666666667,0.4104284837829752,0.4104284837829752,4,Tuesday,8
2009-08-04 05:00:00,0.2951666666666667,0.4363422474212455,0.7182333333333334,-0.1411755807545788,0.1411755807545788,5,Tuesday,8
2009-08-04 06:00:00,0.2544333333333333,0.5583227267227163,0.7366333333333334,-0.303889393389383,0.303889393389383,6,Tuesday,8
2009-08-04 07:00:00,0.3164333333333333,0.4175588571487246,0.2951666666666667,-0.1011255238153913,0.1011255238153913,7,Tuesday,8
2009-08-04 08:00:00,0.2804333333333333,0.3437089858055474,0.2544333333333333,-0.063275652472214,0.063275652472214,8,Tuesday,8
2009-08-04 09:00:00,0.3235,0.3837165154217217,0.3164333333333333,-0.0602165154217217,0.0602165154217217,9,Tuesday,8
2009-08-04 10:00:00,0.2369333333333333,0.3782274291508529,0.2804333333333333,-0.1412940958175196,0.1412940958175196,10,Tuesday,8
2009-08-04 11:00:00,0.2290666666666666,0.392321141026116,0.3235,-0.1632544743594494,0.1632544743594494,11,Tuesday,8
2009-08-04 12:00:00,0.3049,0.3189844382457217,0.2369333333333333,-0.0140844382457216,0.0140844382457216,12,Tuesday,8
2009-08-04 13:00:00,0.2379,0.2876979968157522,0.2290666666666666,-0.0497979968157522,0.0497979968157522,13,Tuesday,8
2009-08-04 14:00:00,0.3018666666666666,0.4032709614431959,0.3049,-0.1014042947765293,0.1014042947765293,14,Tuesday,8
2009-08-04 15:00:00,0.8594333333333333,0.3012279637128884,0.2379,0.5582053696204449,0.5582053696204449,15,Tuesday,8
2009-08-04 16:00:00,0.6268666666666667,0.3342088813940146,0.3018666666666666,0.292657785272652,0.292657785272652,16,Tuesday,8
2009-08-04 17:00:00,0.2572666666666666,0.5908338172938793,0.8594333333333333,-0.3335671506272127,0.3335671506272127,17,Tuesday,8
2009-08-04 18:00:00,0.2839333333333333,0.8474775213123072,0.6268666666666667,-0.563544187978974,0.563544187978974,18,Tuesday,8
2009-08-04 19:00:00,0.3168333333333333,0.513823010149717,0.2572666666666666,-0.1969896768163836,0.1969896768163836,19,Tuesday,8
2009-08-04 20:00:00,0.2195,0.4909552823011159,0.2839333333333333,-0.2714552823011159,0.2714552823011159,20,Tuesday,8
2009-08-04 21:00:00,0.3065,0.4948218805360928,0.3168333333333333,-0.1883218805360928,0.1883218805360928,21,Tuesday,8
2009-08-04 22:00:00,0.2790333333333333,0.5139875322625734,0.2195,-0.2349541989292401,0.2349541989292401,22,Tuesday,8
2009-08-04 23:00:00,0.2782666666666667,0.3859499188629705,0.3065,-0.1076832521963037,0.1076832521963037,23,Tuesday,8
2009-08-05 00:00:00,0.3092,0.3310500159888706,0.2790333333333333,-0.0218500159888706,0.0218500159888706,0,Wednesday,8
2009-08-05 01:00:00,0.2460333333333333,0.3101602220691993,0.2782666666666667,-0.064126888735866,0.064126888735866,1,Wednesday,8
2009-08-05 02:00:00,0.2702,0.3348847395445223,0.3092,-0.0646847395445223,0.0646847395445223,2,Wednesday,8
2009-08-05 03:00:00,1.0668666666666666,0.3378636877058649,0.2460333333333333,0.7290029789608017,0.7290029789608017,3,Wednesday,8
2009-08-05 04:00:00,0.4511333333333333,0.3635513593978862,0.2702,0.087581973935447,0.087581973935447,4,Wednesday,8
2009-08-05 05:00:00,0.2814,0.4746770779503316,1.0668666666666666,-0.1932770779503316,0.1932770779503316,5,Wednesday,8
2009-08-05 06:00:00,0.2820666666666666,0.4851576151618683,0.4511333333333333,-0.2030909484952017,0.2030909484952017,6,Wednesday,8
2009-08-05 07:00:00,0.2575666666666666,0.4226039781506003,0.2814,-0.1650373114839337,0.1650373114839337,7,Wednesday,8
2009-08-05 08:00:00,0.2490666666666667,0.3995157299949393,0.2820666666666666,-0.1504490633282726,0.1504490633282726,8,Wednesday,8
2009-08-05 09:00:00,0.3145333333333333,0.3314300111962779,0.2575666666666666,-0.0168966778629446,0.0168966778629446,9,Wednesday,8
2009-08-05 10:00:00,0.2887666666666666,0.3230707100625959,0.2490666666666667,-0.0343040433959293,0.0343040433959293,10,Wednesday,8
2009-08-05 11:00:00,0.2760666666666667,0.3680126290392571,0.3145333333333333,-0.0919459623725904,0.0919459623725904,11,Wednesday,8
2009-08-05 12:00:00,0.2313666666666666,0.3492103562745411,0.2887666666666666,-0.1178436896078745,0.1178436896078745,12,Wednesday,8
2009-08-05 13:00:00,0.2733666666666667,0.3738433260888583,0.2760666666666667,-0.1004766594221915,0.1004766594221915,13,Wednesday,8
2009-08-05 14:00:00,0.3429,0.2898182767550234,0.2313666666666666,0.0530817232449765,0.0530817232449765,14,Wednesday,8
2009-08-05 15:00:00,1.2110666666666667,0.3817703340985799,0.2733666666666667,0.8292963325680868,0.8292963325680868,15,Wednesday,8
2009-08-05 16:00:00,0.2885333333333333,0.4216215182519823,0.3429,-0.133088184918649,0.133088184918649,16,Wednesday,8
2009-08-05 17:00:00,0.3048,0.6341978026739734,1.2110666666666667,-0.3293978026739734,0.3293978026739734,17,Wednesday,8
2009-08-05 18:00:00,0.2248333333333333,0.4790308376075028,0.2885333333333333,-0.2541975042741695,0.2541975042741695,18,Wednesday,8
2009-08-05 19:00:00,0.3175333333333333,0.5014874395901807,0.3048,-0.1839541062568474,0.1839541062568474,19,Wednesday,8
2009-08-05 20:00:00,0.2608333333333333,0.3697784734890822,0.2248333333333333,-0.1089451401557489,0.1089451401557489,20,Wednesday,8
2009-08-05 21:00:00,0.3269,0.4832918906433214,0.3175333333333333,-0.1563918906433214,0.1563918906433214,21,Wednesday,8
2009-08-05 22:00:00,0.2909,0.4544896350359362,0.2608333333333333,-0.1635896350359362,0.1635896350359362,22,Wednesday,8
2009-08-05 23:00:00,0.2718666666666667,0.4660298754692346,0.3269,-0.1941632088025679,0.1941632088025679,23,Wednesday,8
2009-08-06 00:00:00,0.3116,0.3511529500484202,0.2909,-0.0395529500484202,0.0395529500484202,0,Thursday,8
2009-08-06 01:00:00,0.2741333333333333,0.3329837228272184,0.2718666666666667,-0.0588503894938851,0.0588503894938851,1,Thursday,8
2009-08-06 02:00:00,0.3117999999999999,0.3101602220691993,0.3116,0.0016397779308005,0.0016397779308005,2,Thursday,8
2009-08-06 03:00:00,1.1637,0.3133501930114156,0.2741333333333333,0.8503498069885843,0.8503498069885843,3,Thursday,8
2009-08-06 04:00:00,0.3246333333333334,0.3472971503823823,0.3117999999999999,-0.0226638170490489,0.0226638170490489,4,Thursday,8
2009-08-06 05:00:00,0.3071333333333333,0.5203248985363517,1.1637,-0.2131915652030183,0.2131915652030183,5,Thursday,8
2009-08-06 06:00:00,0.2754,0.4336803565280341,0.3246333333333334,-0.1582803565280341,0.1582803565280341,6,Thursday,8
2009-08-06 07:00:00,0.3176333333333333,0.4067669356615789,0.3071333333333333,-0.0891336023282455,0.0891336023282455,7,Thursday,8
2009-08-06 08:00:00,0.2637333333333333,0.3739525284183206,0.2754,-0.1102191950849872,0.1102191950849872,8,Thursday,8
2009-08-06 09:00:00,0.2582666666666667,0.3552278150548118,0.3176333333333333,-0.0969611483881451,0.0969611483881451,9,Thursday,8
2009-08-06 10:00:00,0.2965333333333333,0.3002737632893271,0.2637333333333333,-0.0037404299559938,0.0037404299559938,10,Thursday,8
2009-08-06 11:00:00,0.2609,0.3073604031516882,0.2582666666666667,-0.0464604031516882,0.0464604031516882,11,Thursday,8
2009-08-06 12:00:00,0.3309666666666667,0.3875047768330962,0.2965333333333333,-0.0565381101664295,0.0565381101664295,12,Thursday,8
2009-08-06 13:00:00,0.2801,0.2860142724235824,0.2609,-0.0059142724235823,0.0059142724235823,13,Thursday,8
2009-08-06 14:00:00,0.3160666666666666,0.4564484690879825,0.3309666666666667,-0.1403818024213159,0.1403818024213159,14,Thursday,8
2009-08-06 15:00:00,1.0612666666666668,0.3466583679466161,0.2801,0.7146082987200506,0.7146082987200506,15,Thursday,8
2009-08-06 16:00:00,0.4738666666666666,0.36416350237856,0.3160666666666666,0.1097031642881065,0.1097031642881065,16,Thursday,8
2009-08-06 17:00:00,0.2777666666666666,0.5341190592170156,1.0612666666666668,-0.256352392550349,0.256352392550349,17,Thursday,8
2009-08-06 18:00:00,0.2714999999999999,0.8194360246005973,0.4738666666666666,-0.5479360246005973,0.5479360246005973,18,Thursday,8
2009-08-06 19:00:00,0.323,0.3684727414056528,0.2777666666666666,-0.0454727414056527,0.0454727414056527,19,Thursday,8
2009-08-06 20:00:00,0.2896333333333333,0.5763620702458848,0.2714999999999999,-0.2867287369125515,0.2867287369125515,20,Thursday,8
2009-08-06 21:00:00,0.2949,0.5751770957164122,0.323,-0.2802770957164122,0.2802770957164122,21,Thursday,8
2009-08-06 22:00:00,0.3214666666666667,0.4522467584510921,0.2896333333333333,-0.1307800917844254,0.1307800917844254,22,Thursday,8
2009-08-06 23:00:00,0.2750333333333333,0.4844348372358796,0.2949,-0.2094015039025463,0.2094015039025463,23,Thursday,8
2009-08-07 00:00:00,0.3299666666666667,0.3365045486018935,0.3214666666666667,-0.0065378819352268,0.0065378819352268,0,Friday,8
2009-08-07 01:00:00,0.2900666666666666,0.3368184463828701,0.2750333333333333,-0.0467517797162035,0.0467517797162035,1,Friday,8
2009-08-07 02:00:00,0.3006666666666666,0.3526109326207131,0.3299666666666667,-0.0519442659540465,0.0519442659540465,2,Friday,8
2009-08-07 03:00:00,0.6704333333333333,0.3387654200866846,0.2900666666666666,0.3316679132466487,0.3316679132466487,3,Friday,8
2009-08-07 04:00:00,0.8293333333333333,0.3256079088110985,0.3006666666666666,0.5037254245222347,0.5037254245222347,4,Friday,8
2009-08-07 05:00:00,0.3192333333333333,0.4519550468756063,0.6704333333333333,-0.1327217135422729,0.1327217135422729,5,Friday,8
2009-08-07 06:00:00,0.2797333333333333,0.5299965306155381,0.8293333333333333,-0.2502631972822048,0.2502631972822048,6,Friday,8
2009-08-07 07:00:00,0.3103666666666667,0.4245771229239641,0.3192333333333333,-0.1142104562572974,0.1142104562572974,7,Friday,8
2009-08-07 08:00:00,0.2944,0.3928137739935138,0.2797333333333333,-0.0984137739935138,0.0984137739935138,8,Friday,8
2009-08-07 09:00:00,0.2914333333333333,0.4436357092879839,0.3103666666666667,-0.1522023759546505,0.1522023759546505,9,Friday,8
2009-08-07 10:00:00,0.3301666666666666,0.4183965827910463,0.2944,-0.0882299161243797,0.0882299161243797,10,Friday,8
2009-08-07 11:00:00,0.2629666666666667,0.4274061101099103,0.2914333333333333,-0.1644394434432436,0.1644394434432436,11,Friday,8
2009-08-07 12:00:00,0.2859333333333333,0.463926587815536,0.3301666666666666,-0.1779932544822026,0.1779932544822026,12,Friday,8
2009-08-07 13:00:00,0.2664333333333333,0.3589345750986404,0.2629666666666667,-0.0925012417653071,0.0925012417653071,13,Friday,8
2009-08-07 14:00:00,0.2991333333333333,0.4309539682093076,0.2859333333333333,-0.1318206348759743,0.1318206348759743,14,Friday,8
2009-08-07 15:00:00,0.478,0.4059909075194544,0.2664333333333333,0.0720090924805456,0.0720090924805456,15,Friday,8
2009-08-07 16:00:00,1.0875333333333332,0.3410283974572853,0.2991333333333333,0.7465049358760479,0.7465049358760479,16,Friday,8
2009-08-07 17:00:00,0.3388,0.6019704162492652,0.478,-0.2631704162492652,0.2631704162492652,17,Friday,8
2009-08-07 18:00:00,0.2913666666666666,1.021732592011516,1.0875333333333332,-0.7303659253448493,0.7303659253448493,18,Friday,8
2009-08-07 19:00:00,0.3003666666666666,0.5566250917338975,0.3388,-0.2562584250672309,0.2562584250672309,19,Friday,8
2009-08-07 20:00:00,0.2432333333333333,0.4946944366798185,0.2913666666666666,-0.2514611033464852,0.2514611033464852,20,Friday,8
2009-08-07 21:00:00,0.2715333333333333,0.4295023783717723,0.3003666666666666,-0.157969045038439,0.157969045038439,21,Friday,8
2009-08-07 22:00:00,0.3421333333333333,0.349562857744485,0.2432333333333333,-0.0074295244111516,0.0074295244111516,22,Friday,8
2009-08-07 23:00:00,0.2747666666666666,0.4953937934983936,0.2715333333333333,-0.2206271268317269,0.2206271268317269,23,Friday,8
2009-08-08 00:00:00,0.3053,0.3446714953802592,0.3421333333333333,-0.0393714953802591,0.0393714953802591,0,Saturday,8
2009-08-08 01:00:00,0.2953666666666666,0.3069380620449064,0.2747666666666666,-0.0115713953782398,0.0115713953782398,1,Saturday,8
2009-08-08 02:00:00,0.2805666666666667,0.3050043552065586,0.3053,-0.0244376885398919,0.0244376885398919,2,Saturday,8
2009-08-08 03:00:00,0.2795666666666667,0.2978390491544448,0.2953666666666666,-0.0182723824877781,0.0182723824877781,3,Saturday,8
2009-08-08 04:00:00,1.0085000000000002,0.3305324197908107,0.2805666666666667,0.6779675802091893,0.6779675802091893,4,Saturday,8
2009-08-08 05:00:00,0.5310333333333334,0.40663207805108,0.2795666666666667,0.1244012552822533,0.1244012552822533,5,Saturday,8
2009-08-08 06:00:00,0.2859,0.4833750376969331,1.0085000000000002,-0.1974750376969331,0.1974750376969331,6,Saturday,8
2009-08-08 07:00:00,0.2928333333333333,0.4608574564695335,0.5310333333333334,-0.1680241231362002,0.1680241231362002,7,Saturday,8
2009-08-08 08:00:00,0.3065333333333333,0.4214992977804258,0.2859,-0.1149659644470924,0.1149659644470924,8,Saturday,8
2009-08-08 09:00:00,0.2678333333333333,0.4028455384700563,0.2928333333333333,-0.1350122051367229,0.1350122051367229,9,Saturday,8
2009-08-08 10:00:00,0.2696333333333333,0.3841498113312474,0.3065333333333333,-0.1145164779979141,0.1145164779979141,10,Saturday,8
2009-08-08 11:00:00,0.2753333333333333,0.3836084121938982,0.2678333333333333,-0.1082750788605649,0.1082750788605649,11,Saturday,8
2009-08-08 12:00:00,0.2860333333333333,0.4216463332267151,0.2696333333333333,-0.1356129998933817,0.1356129998933817,12,Saturday,8
2009-08-08 13:00:00,0.3047666666666667,0.4233621297607815,0.2753333333333333,-0.1185954630941148,0.1185954630941148,13,Saturday,8
2009-08-08 14:00:00,0.2789333333333333,0.4275817156237041,0.2860333333333333,-0.1486483822903708,0.1486483822903708,14,Saturday,8
2009-08-08 15:00:00,0.2846666666666666,0.3989987012927469,0.3047666666666667,-0.1143320346260802,0.1143320346260802,15,Saturday,8
2009-08-08 16:00:00,0.8108,0.3780582297203737,0.2789333333333333,0.4327417702796263,0.4327417702796263,16,Saturday,8
2009-08-08 17:00:00,0.6936333333333333,0.3679529406302792,0.2846666666666666,0.3256803927030541,0.3256803927030541,17,Saturday,8
2009-08-08 18:00:00,0.3049666666666667,0.7364358507518558,0.8108,-0.4314691840851891,0.4314691840851891,18,Saturday,8
2009-08-08 19:00:00,0.292,0.7077664852268511,0.6936333333333333,-0.4157664852268511,0.4157664852268511,19,Saturday,8
2009-08-08 20:00:00,0.2946333333333333,0.4443111938526728,0.3049666666666667,-0.1496778605193395,0.1496778605193395,20,Saturday,8
2009-08-08 21:00:00,0.2702333333333333,0.4483207539384977,0.292,-0.1780874206051644,0.1780874206051644,21,Saturday,8
2009-08-08 22:00:00,0.2807,0.4674243961890726,0.2946333333333333,-0.1867243961890726,0.1867243961890726,22,Saturday,8
2009-08-08 23:00:00,0.2676,0.4825155152506223,0.2702333333333333,-0.2149155152506223,0.2149155152506223,23,Saturday,8
2009-08-09 00:00:00,0.2955333333333333,0.3698458819338572,0.2807,-0.0743125486005238,0.0743125486005238,0,Sunday,8
2009-08-09 01:00:00,0.2922666666666667,0.332567270342671,0.2676,-0.0403006036760043,0.0403006036760043,1,Sunday,8
2009-08-09 02:00:00,0.2926,0.3434409437472546,0.2955333333333333,-0.0508409437472545,0.0508409437472545,2,Sunday,8
2009-08-09 03:00:00,0.3144333333333333,0.3721739929217041,0.2922666666666667,-0.0577406595883708,0.0577406595883708,3,Sunday,8
2009-08-09 04:00:00,0.7237666666666667,0.3545931416267625,0.2926,0.3691735250399042,0.3691735250399042,4,Sunday,8
2009-08-09 05:00:00,0.7739333333333334,0.406896907418795,0.3144333333333333,0.3670364259145384,0.3670364259145384,5,Sunday,8
2009-08-09 06:00:00,0.2864,0.4898882780175981,0.7237666666666667,-0.2034882780175981,0.2034882780175981,6,Sunday,8
2009-08-09 07:00:00,0.2906666666666667,0.5137569537182738,0.7739333333333334,-0.2230902870516071,0.2230902870516071,7,Sunday,8
2009-08-09 08:00:00,0.2838333333333333,0.4330474548576625,0.2864,-0.1492141215243292,0.1492141215243292,8,Sunday,8
2009-08-09 09:00:00,0.2729999999999999,0.4553631782312798,0.2906666666666667,-0.1823631782312799,0.1823631782312799,9,Sunday,8
2009-08-09 10:00:00,0.3531333333333333,0.448991338058546,0.2838333333333333,-0.0958580047252127,0.0958580047252127,10,Sunday,8
2009-08-09 11:00:00,0.1978666666666666,0.4617987183014774,0.2729999999999999,-0.2639320516348108,0.2639320516348108,11,Sunday,8
2009-08-09 12:00:00,0.3116666666666666,0.6829523752715441,0.3531333333333333,-0.3712857086048775,0.3712857086048775,12,Sunday,8
2009-08-09 13:00:00,0.3027666666666667,0.3648131857179064,0.1978666666666666,-0.0620465190512397,0.0620465190512397,13,Sunday,8
2009-08-09 14:00:00,0.3019666666666666,0.4592483535278556,0.3116666666666666,-0.1572816868611889,0.1572816868611889,14,Sunday,8
2009-08-09 15:00:00,0.3195333333333333,0.451032847777114,0.3027666666666667,-0.1314995144437807,0.1314995144437807,15,Sunday,8
2009-08-09 16:00:00,2.234166666666667,0.451032847777114,0.3019666666666666,1.783133818889553,1.783133818889553,16,Sunday,8
2009-08-09 17:00:00,2.7101,0.5068664953677411,0.3195333333333333,2.203233504632259,2.203233504632259,17,Sunday,8
2009-08-09 18:00:00,1.5472666666666666,1.878285404714971,2.234166666666667,-0.3310187380483045,0.3310187380483045,18,Sunday,8
2009-08-09 19:00:00,0.8859,2.451647725897589,2.7101,-1.5657477258975891,1.5657477258975891,19,Sunday,8
2009-08-09 20:00:00,2.234733333333333,1.6305791492776605,1.5472666666666666,0.6041541840556723,0.6041541840556723,20,Sunday,8
2009-08-09 21:00:00,0.8042,0.9802982476013496,0.8859,-0.1760982476013496,0.1760982476013496,21,Sunday,8
2009-08-09 22:00:00,0.3399,1.0394546404681118,2.234733333333333,-0.6995546404681118,0.6995546404681118,22,Sunday,8
2009-08-09 23:00:00,0.3429,0.708086457084917,0.8042,-0.365186457084917,0.365186457084917,23,Sunday,8
2009-08-10 00:00:00,0.3419333333333333,0.3842802612109288,0.3399,-0.0423469278775954,0.0423469278775954,0,Monday,8
2009-08-10 01:00:00,0.3667999999999999,0.3513699469084478,0.3429,0.015430053091552,0.015430053091552,1,Monday,8
2009-08-10 02:00:00,0.2972333333333333,0.3583185452941956,0.3419333333333333,-0.0610852119608623,0.0610852119608623,2,Monday,8
2009-08-10 03:00:00,0.3644,0.3615610777869575,0.3667999999999999,0.0028389222130424,0.0028389222130424,3,Monday,8
2009-08-10 04:00:00,0.3151333333333334,0.3426518764154215,0.2972333333333333,-0.0275185430820881,0.0275185430820881,4,Monday,8
2009-08-10 05:00:00,0.6637666666666667,0.781680159187653,0.3644,-0.1179134925209862,0.1179134925209862,5,Monday,8
2009-08-10 06:00:00,0.8197,1.2476500893422824,0.3151333333333334,-0.4279500893422824,0.4279500893422824,6,Monday,8
2009-08-10 07:00:00,1.2277,1.048375561628408,0.6637666666666667,0.1793244383715919,0.1793244383715919,7,Monday,8
2009-08-10 08:00:00,0.4994666666666666,0.9025943769080784,0.8197,-0.4031277102414119,0.4031277102414119,8,Monday,8
2009-08-10 09:00:00,0.2414,0.8420959403917161,1.2277,-0.600695940391716,0.600695940391716,9,Monday,8
2009-08-10 10:00:00,0.3484,0.6641792848124544,0.4994666666666666,-0.3157792848124544,0.3157792848124544,10,Monday,8
2009-08-10 11:00:00,0.3006,0.3803561387192697,0.2414,-0.0797561387192697,0.0797561387192697,11,Monday,8
2009-08-10 12:00:00,0.3251666666666667,0.646428933809741,0.3484,-0.3212622671430742,0.3212622671430742,12,Monday,8
2009-08-10 13:00:00,0.3145333333333333,0.5460373891610039,0.3006,-0.2315040558276705,0.2315040558276705,13,Monday,8
2009-08-10 14:00:00,0.2927,0.6377353529902406,0.3251666666666667,-0.3450353529902406,0.3450353529902406,14,Monday,8
2009-08-10 15:00:00,0.3737666666666667,0.5797157458580383,0.3145333333333333,-0.2059490791913716,0.2059490791913716,15,Monday,8
2009-08-10 16:00:00,0.2963666666666666,0.6069530081974268,0.2927,-0.3105863415307602,0.3105863415307602,16,Monday,8
2009-08-10 17:00:00,1.1763,0.940418120632244,0.3737666666666667,0.2358818793677558,0.2358818793677558,17,Monday,8
2009-08-10 18:00:00,1.7943333333333331,1.0534248655442702,0.2963666666666666,0.7409084677890629,0.7409084677890629,18,Monday,8
2009-08-10 19:00:00,1.0578999999999998,1.331076814995656,1.1763,-0.2731768149956561,0.2731768149956561,19,Monday,8
2009-08-10 20:00:00,1.3689666666666669,1.7186167828715866,1.7943333333333331,-0.3496501162049197,0.3496501162049197,20,Monday,8
2009-08-10 21:00:00,2.7808333333333333,1.134824503851925,1.0578999999999998,1.6460088294814086,1.6460088294814086,21,Monday,8
2009-08-10 22:00:00,1.9123333333333328,0.8378555527376028,1.3689666666666669,1.07447778059573,1.07447778059573,22,Monday,8
2009-08-10 23:00:00,0.4051666666666667,0.8586051927373352,2.7808333333333333,-0.4534385260706685,0.4534385260706685,23,Monday,8
2009-08-11 00:00:00,0.3016666666666667,0.7248107084137678,1.9123333333333328,-0.4231440417471011,0.4231440417471011,0,Tuesday,8
2009-08-11 01:00:00,0.3300666666666666,0.3683064360817682,0.4051666666666667,-0.0382397694151016,0.0382397694151016,1,Tuesday,8
2009-08-11 02:00:00,0.3170666666666666,0.3384104123646823,0.3016666666666667,-0.0213437456980157,0.0213437456980157,2,Tuesday,8
2009-08-11 03:00:00,0.3031333333333333,0.3653335137303365,0.3300666666666666,-0.0622001803970032,0.0622001803970032,3,Tuesday,8
2009-08-11 04:00:00,0.3468,0.3680018751128817,0.3170666666666666,-0.0212018751128816,0.0212018751128816,4,Tuesday,8
2009-08-11 05:00:00,0.3020666666666666,0.82440240994923,0.3031333333333333,-0.5223357432825634,0.5223357432825634,5,Tuesday,8
2009-08-11 06:00:00,1.5400333333333334,1.3472906650327232,0.3468,0.1927426683006101,0.1927426683006101,6,Tuesday,8
2009-08-11 07:00:00,1.8278333333333328,1.2993654347620809,0.3020666666666666,0.5284678985712521,0.5284678985712521,7,Tuesday,8
2009-08-11 08:00:00,1.7838666666666667,1.070659521734905,1.5400333333333334,0.7132071449317616,0.7132071449317616,8,Tuesday,8
2009-08-11 09:00:00,0.2802666666666666,1.2252373405330723,1.8278333333333328,-0.944970673866406,0.944970673866406,9,Tuesday,8
2009-08-11 10:00:00,0.2965,1.198236372704483,1.7838666666666667,-0.9017363727044828,0.9017363727044828,10,Tuesday,8
2009-08-11 11:00:00,0.3418666666666666,0.545444511324058,0.2802666666666666,-0.2035778446573914,0.2035778446573914,11,Tuesday,8
2009-08-11 12:00:00,0.3236,0.5433280785395097,0.2965,-0.2197280785395097,0.2197280785395097,12,Tuesday,8
2009-08-11 13:00:00,0.3798666666666667,0.6831552789794376,0.3418666666666666,-0.3032886123127709,0.3032886123127709,13,Tuesday,8
2009-08-11 14:00:00,0.3308999999999999,0.6017165619173198,0.3236,-0.2708165619173199,0.2708165619173199,14,Tuesday,8
2009-08-11 15:00:00,0.3675666666666666,0.6939246307859596,0.3798666666666667,-0.3263579641192929,0.3263579641192929,15,Tuesday,8
2009-08-11 16:00:00,0.3441666666666666,0.6745934457803621,0.3308999999999999,-0.3304267791136954,0.3304267791136954,16,Tuesday,8
2009-08-11 17:00:00,0.6240333333333333,0.8424989690928149,0.3675666666666666,-0.2184656357594815,0.2184656357594815,17,Tuesday,8
2009-08-11 18:00:00,1.3659333333333334,1.091277511882125,0.3441666666666666,0.2746558214512085,0.2746558214512085,18,Tuesday,8
2009-08-11 19:00:00,1.3286666666666669,1.2566156261150343,0.6240333333333333,0.0720510405516323,0.0720510405516323,19,Tuesday,8
2009-08-11 20:00:00,0.3845,1.218832348594005,1.3659333333333334,-0.8343323485940048,0.8343323485940048,20,Tuesday,8
2009-08-11 21:00:00,1.4776333333333334,1.121548761975998,1.3286666666666669,0.3560845713573353,0.3560845713573353,21,Tuesday,8
2009-08-11 22:00:00,0.5460333333333334,0.8925907540795716,0.3845,-0.3465574207462382,0.3465574207462382,22,Tuesday,8
2009-08-11 23:00:00,0.2981666666666667,0.6428426524023072,1.4776333333333334,-0.3446759857356405,0.3446759857356405,23,Tuesday,8
2009-08-12 00:00:00,0.2689,0.3536763909936536,0.5460333333333334,-0.0847763909936537,0.0847763909936537,0,Wednesday,8
2009-08-12 01:00:00,0.3493666666666666,0.3464839973833764,0.2981666666666667,0.0028826692832902,0.0028826692832902,1,Wednesday,8
2009-08-12 02:00:00,0.7998999999999999,0.3356920758962307,0.2689,0.4642079241037692,0.4642079241037692,2,Wednesday,8
2009-08-12 03:00:00,0.4275666666666666,0.3768266425136633,0.3493666666666666,0.0507400241530032,0.0507400241530032,3,Wednesday,8
2009-08-12 04:00:00,0.2786333333333333,0.3984835919081506,0.7998999999999999,-0.1198502585748173,0.1198502585748173,4,Wednesday,8
2009-08-12 05:00:00,0.3289666666666667,0.8206909383995696,0.4275666666666666,-0.4917242717329029,0.4917242717329029,5,Wednesday,8
2009-08-12 06:00:00,0.7487333333333334,1.114213203620408,0.2786333333333333,-0.3654798702870746,0.3654798702870746,6,Wednesday,8
2009-08-12 07:00:00,0.8999666666666667,1.2501804071395743,0.3289666666666667,-0.3502137404729076,0.3502137404729076,7,Wednesday,8
2009-08-12 08:00:00,0.3344,0.9123872037259388,0.7487333333333334,-0.5779872037259388,0.5779872037259388,8,Wednesday,8
2009-08-12 09:00:00,0.2974,0.8393289781115792,0.8999666666666667,-0.5419289781115793,0.5419289781115793,9,Wednesday,8
2009-08-12 10:00:00,0.3015666666666667,0.6315890316133896,0.3344,-0.3300223649467229,0.3300223649467229,10,Wednesday,8
2009-08-12 11:00:00,0.2789,0.5780819836782467,0.2974,-0.2991819836782467,0.2991819836782467,11,Wednesday,8
2009-08-12 12:00:00,0.3198666666666667,0.568141512475903,0.3015666666666667,-0.2482748458092363,0.2482748458092363,12,Wednesday,8
2009-08-12 13:00:00,0.3021,0.560037616007678,0.2789,-0.257937616007678,0.257937616007678,13,Wednesday,8
2009-08-12 14:00:00,0.3921,0.613681164696282,0.3198666666666667,-0.2215811646962819,0.2215811646962819,14,Wednesday,8
2009-08-12 15:00:00,0.3771333333333333,0.5681675634386854,0.3021,-0.191034230105352,0.191034230105352,15,Wednesday,8
2009-08-12 16:00:00,0.6773,0.6416132562177889,0.3921,0.0356867437822111,0.0356867437822111,16,Wednesday,8
2009-08-12 17:00:00,0.6906333333333333,0.8096344846606168,0.3771333333333333,-0.1190011513272835,0.1190011513272835,17,Wednesday,8
2009-08-12 18:00:00,0.7836333333333333,1.1192520429960695,0.6773,-0.3356187096627362,0.3356187096627362,18,Wednesday,8
2009-08-12 19:00:00,0.8075666666666667,1.2034167959218427,0.6906333333333333,-0.395850129255176,0.395850129255176,19,Wednesday,8
2009-08-12 20:00:00,1.4200666666666666,1.2897209027747436,0.7836333333333333,0.1303457638919229,0.1303457638919229,20,Wednesday,8
2009-08-12 21:00:00,1.4624333333333333,0.9728275330419156,0.8075666666666667,0.4896058002914177,0.4896058002914177,21,Wednesday,8
2009-08-12 22:00:00,0.8953,0.916380120509586,1.4200666666666666,-0.0210801205095859,0.0210801205095859,22,Wednesday,8
2009-08-12 23:00:00,0.3007,0.6626916175732184,1.4624333333333333,-0.3619916175732183,0.3619916175732183,23,Wednesday,8
2009-08-13 00:00:00,0.3336666666666666,0.388805805534184,0.8953,-0.0551391388675174,0.0551391388675174,0,Thursday,8
2009-08-13 01:00:00,0.3217333333333333,0.3379559313901261,0.3007,-0.0162225980567928,0.0162225980567928,1,Thursday,8
2009-08-13 02:00:00,0.3020666666666666,0.3710449452541972,0.3336666666666666,-0.0689782785875305,0.0689782785875305,2,Thursday,8
2009-08-13 03:00:00,0.3444666666666666,0.3837868793896251,0.3217333333333333,-0.0393202127229584,0.0393202127229584,3,Thursday,8
2009-08-13 04:00:00,0.22529932735426,0.3602682689482216,0.3020666666666666,-0.1349689415939616,0.1349689415939616,4,Thursday,8
2009-08-13 05:00:00,0.2278553811659192,0.6768395591446977,0.3444666666666666,-0.4489841779787785,0.4489841779787785,5,Thursday,8
2009-08-13 06:00:00,0.2304114349775784,0.5947808455429757,0.22529932735426,-0.3643694105653973,0.3643694105653973,6,Thursday,8
2009-08-13 07:00:00,0.2329674887892376,0.9280424081734115,0.2278553811659192,-0.6950749193841741,0.6950749193841741,7,Thursday,8
2009-08-13 08:00:00,0.2355235426008968,0.6141969901226897,0.2304114349775784,-0.3786734475217929,0.3786734475217929,8,Thursday,8
2009-08-13 09:00:00,0.238079596412556,0.4573706559630843,0.2329674887892376,-0.2192910595505283,0.2192910595505283,9,Thursday,8
2009-08-13 10:00:00,0.2406356502242152,0.4421441170742806,0.2355235426008968,-0.2015084668500653,0.2015084668500653,10,Thursday,8
2009-08-13 11:00:00,0.2431917040358744,0.4475373346579759,0.238079596412556,-0.2043456306221015,0.2043456306221015,11,Thursday,8
2009-08-13 12:00:00,0.2457477578475336,0.4664817465662969,0.2406356502242152,-0.2207339887187632,0.2207339887187632,12,Thursday,8
2009-08-13 13:00:00,0.2483038116591928,0.4409801086032969,0.2431917040358744,-0.1926762969441041,0.1926762969441041,13,Thursday,8
2009-08-13 14:00:00,0.250859865470852,0.4472151532220053,0.2457477578475336,-0.1963552877511533,0.1963552877511533,14,Thursday,8
2009-08-13 15:00:00,0.2534159192825111,0.4430216183218649,0.2483038116591928,-0.1896056990393538,0.1896056990393538,15,Thursday,8
2009-08-13 16:00:00,0.2559719730941704,0.4937733566885003,0.250859865470852,-0.2378013835943299,0.2378013835943299,16,Thursday,8
2009-08-13 17:00:00,0.2585280269058296,0.5972949441205191,0.2534159192825111,-0.3387669172146895,0.3387669172146895,17,Thursday,8
2009-08-13 18:00:00,0.5069585201793722,0.8771492674915349,0.2559719730941704,-0.3701907473121627,0.3701907473121627,18,Thursday,8
2009-08-13 19:00:00,3.717533333333333,0.8553126801421468,0.2585280269058296,2.8622206531911862,2.8622206531911862,19,Thursday,8
2009-08-13 20:00:00,1.8557666666666668,0.9208841463982512,0.5069585201793722,0.9348825202684156,0.9348825202684156,20,Thursday,8
2009-08-13 21:00:00,1.4389,1.6819282712311665,3.717533333333333,-0.2430282712311664,0.2430282712311664,21,Thursday,8
2009-08-13 22:00:00,1.214,0.901151475525525,1.8557666666666668,0.312848524474475,0.312848524474475,22,Thursday,8
2009-08-13 23:00:00,0.8366333333333333,0.6504614698187494,1.4389,0.1861718635145839,0.1861718635145839,23,Thursday,8
2009-08-14 00:00:00,0.3391666666666666,0.2949131790954938,1.214,0.0442534875711728,0.0442534875711728,0,Friday,8
2009-08-14 01:00:00,0.2909,0.4116555349759478,0.8366333333333333,-0.1207555349759478,0.1207555349759478,1,Friday,8
2009-08-14 02:00:00,0.7936333333333334,0.3690294864984114,0.3391666666666666,0.4246038468349219,0.4246038468349219,2,Friday,8
2009-08-14 03:00:00,0.6335999999999999,0.3522656946428425,0.2909,0.2813343053571574,0.2813343053571574,3,Friday,8
2009-08-14 04:00:00,0.3277666666666666,0.4428653430749723,0.7936333333333334,-0.1150986764083056,0.1150986764083056,4,Friday,8
2009-08-14 05:00:00,0.3193666666666666,0.69742961576835,0.6335999999999999,-0.3780629491016835,0.3780629491016835,5,Friday,8
2009-08-14 06:00:00,0.5227999999999999,0.8503097867858533,0.3277666666666666,-0.3275097867858534,0.3275097867858534,6,Friday,8
2009-08-14 07:00:00,0.5338333333333334,0.8571999998702211,0.3193666666666666,-0.3233666665368877,0.3233666665368877,7,Friday,8
2009-08-14 08:00:00,1.1215333333333333,0.6556340996081288,0.5227999999999999,0.4658992337252045,0.4658992337252045,8,Friday,8
2009-08-14 09:00:00,0.4328,0.7825029335131254,0.5338333333333334,-0.3497029335131253,0.3497029335131253,9,Friday,8
2009-08-14 10:00:00,0.3622666666666667,0.6463034063269834,1.1215333333333333,-0.2840367396603167,0.2840367396603167,10,Friday,8
2009-08-14 11:00:00,0.3999,0.6542687577880661,0.4328,-0.2543687577880661,0.2543687577880661,11,Friday,8
2009-08-14 12:00:00,0.4593,0.6782242774942341,0.3622666666666667,-0.2189242774942341,0.2189242774942341,12,Friday,8
2009-08-14 13:00:00,0.3918999999999999,0.6782242774942341,0.3999,-0.2863242774942341,0.2863242774942341,13,Friday,8
2009-08-14 14:00:00,0.4334666666666666,0.7244266779738003,0.4593,-0.2909600113071337,0.2909600113071337,14,Friday,8
2009-08-14 15:00:00,0.3989666666666666,0.7121754782029236,0.3918999999999999,-0.313208811536257,0.313208811536257,15,Friday,8
2009-08-14 16:00:00,0.4407666666666667,0.7156486405275027,0.4334666666666666,-0.2748819738608359,0.2748819738608359,16,Friday,8
2009-08-14 17:00:00,0.4303666666666667,0.9201203949259168,0.3989666666666666,-0.4897537282592502,0.4897537282592502,17,Friday,8
2009-08-14 18:00:00,0.7281333333333334,0.9887957916344186,0.4407666666666667,-0.2606624583010851,0.2606624583010851,18,Friday,8
2009-08-14 19:00:00,0.9105333333333332,1.2861229004737165,0.4303666666666667,-0.3755895671403833,0.3755895671403833,19,Friday,8
2009-08-14 20:00:00,0.5125333333333333,1.3490793613117211,0.7281333333333334,-0.8365460279783881,0.8365460279783881,20,Friday,8
2009-08-14 21:00:00,0.5421333333333334,1.2189157911278534,0.9105333333333332,-0.6767824577945201,0.6767824577945201,21,Friday,8
2009-08-14 22:00:00,0.3156333333333333,0.8279707777682904,0.5125333333333333,-0.5123374444349571,0.5123374444349571,22,Friday,8
2009-08-14 23:00:00,0.3070333333333333,0.7246766294275574,0.5421333333333334,-0.417643296094224,0.417643296094224,23,Friday,8
2009-08-15 00:00:00,0.3394666666666666,0.3725300440290379,0.3156333333333333,-0.0330633773623713,0.0330633773623713,0,Saturday,8
2009-08-15 01:00:00,0.2793333333333334,0.3467820742741907,0.3070333333333333,-0.0674487409408573,0.0674487409408573,1,Saturday,8
2009-08-15 02:00:00,0.3604333333333333,0.3564493498980005,0.3394666666666666,0.0039839834353327,0.0039839834353327,2,Saturday,8
2009-08-15 03:00:00,0.4439666666666667,0.3697282738235118,0.2793333333333334,0.0742383928431548,0.0742383928431548,3,Saturday,8
2009-08-15 04:00:00,0.98,0.3890935349124266,0.3604333333333333,0.5909064650875734,0.5909064650875734,4,Saturday,8
2009-08-15 05:00:00,0.3284,0.5991710501274174,0.4439666666666667,-0.2707710501274174,0.2707710501274174,5,Saturday,8
2009-08-15 06:00:00,0.5373666666666667,0.7797772395204363,0.98,-0.2424105728537696,0.2424105728537696,6,Saturday,8
2009-08-15 07:00:00,0.4233,0.7585400141670685,0.3284,-0.3352400141670685,0.3352400141670685,7,Saturday,8
2009-08-15 08:00:00,0.2886333333333333,0.8887555720464391,0.5373666666666667,-0.6001222387131058,0.6001222387131058,8,Saturday,8
2009-08-15 09:00:00,0.393,0.8618659476998867,0.4233,-0.4688659476998866,0.4688659476998866,9,Saturday,8
2009-08-15 10:00:00,0.8076333333333333,0.6382142475338913,0.2886333333333333,0.1694190857994419,0.1694190857994419,10,Saturday,8
2009-08-15 11:00:00,0.5824,0.97323083506597,0.393,-0.39083083506597,0.39083083506597,11,Saturday,8
2009-08-15 12:00:00,1.2913666666666666,0.94865781816909,0.8076333333333333,0.3427088484975764,0.3427088484975764,12,Saturday,8
2009-08-15 13:00:00,0.5923999999999999,0.9264962458130436,0.5824,-0.3340962458130435,0.3340962458130435,13,Saturday,8
2009-08-15 14:00:00,1.6376,0.8206913340402068,1.2913666666666666,0.8169086659597932,0.8169086659597932,14,Saturday,8
2009-08-15 15:00:00,2.6086,0.9602081068198424,0.5923999999999999,1.6483918931801576,1.6483918931801576,15,Saturday,8
2009-08-15 16:00:00,2.7618666666666667,1.1932468223928838,1.6376,1.5686198442737829,1.5686198442737829,16,Saturday,8
2009-08-15 17:00:00,1.5720333333333334,2.240823823722851,2.6086,-0.6687904903895177,0.6687904903895177,17,Saturday,8
2009-08-15 18:00:00,1.7382666666666666,2.495855520484511,2.7618666666666667,-0.7575888538178446,0.7575888538178446,18,Saturday,8
2009-08-15 19:00:00,1.5211333333333334,1.4447681118682465,1.5720333333333334,0.0763652214650871,0.0763652214650871,19,Saturday,8
2009-08-15 20:00:00,1.9045666666666667,1.5394867231051297,1.7382666666666666,0.3650799435615373,0.3650799435615373,20,Saturday,8
2009-08-15 21:00:00,1.8996666666666668,1.3071750554982473,1.5211333333333334,0.5924916111684195,0.5924916111684195,21,Saturday,8
2009-08-15 22:00:00,1.6359,1.0599421243950722,1.9045666666666667,0.5759578756049277,0.5759578756049277,22,Saturday,8
2009-08-15 23:00:00,1.5841666666666667,0.9730392205600322,1.8996666666666668,0.6111274461066345,0.6111274461066345,23,Saturday,8
2009-08-16 00:00:00,2.0914,0.809548562204125,1.6359,1.2818514377958752,1.2818514377958752,0,Sunday,8
2009-08-16 01:00:00,0.6325000000000001,0.6525722515037152,1.5841666666666667,-0.0200722515037151,0.0200722515037151,1,Sunday,8
2009-08-16 02:00:00,0.7462333333333333,0.8247953012623306,2.0914,-0.0785619679289972,0.0785619679289972,2,Sunday,8
2009-08-16 03:00:00,0.289,0.3753154213217518,0.6325000000000001,-0.0863154213217518,0.0863154213217518,3,Sunday,8
2009-08-16 04:00:00,0.3674666666666667,0.3890317490729424,0.7462333333333333,-0.0215650824062756,0.0215650824062756,4,Sunday,8
2009-08-16 05:00:00,0.3639,0.585162569272229,0.289,-0.2212625692722289,0.2212625692722289,5,Sunday,8
2009-08-16 06:00:00,0.3045333333333334,0.6335485400547264,0.3674666666666667,-0.329015206721393,0.329015206721393,6,Sunday,8
2009-08-16 07:00:00,0.6061666666666666,0.7276967515293412,0.3639,-0.1215300848626745,0.1215300848626745,7,Sunday,8
2009-08-16 08:00:00,1.5111666666666668,0.7525487246106207,0.3045333333333334,0.758617942056046,0.758617942056046,8,Sunday,8
2009-08-16 09:00:00,0.3388333333333333,0.9760314272274144,0.6061666666666666,-0.6371980938940812,0.6371980938940812,9,Sunday,8
2009-08-16 10:00:00,0.6550999999999999,1.2032975910664805,1.5111666666666668,-0.5481975910664804,0.5481975910664804,10,Sunday,8
2009-08-16 11:00:00,0.6295333333333333,0.9151894539244748,0.3388333333333333,-0.2856561205911414,0.2856561205911414,11,Sunday,8
2009-08-16 12:00:00,0.4259,1.00356101979181,0.6550999999999999,-0.57766101979181,0.57766101979181,12,Sunday,8
2009-08-16 13:00:00,0.531,0.9790875699570284,0.6295333333333333,-0.4480875699570282,0.4480875699570282,13,Sunday,8
2009-08-16 14:00:00,0.5662,0.9473372233482156,0.4259,-0.3811372233482156,0.3811372233482156,14,Sunday,8
2009-08-16 15:00:00,0.5807666666666668,0.79246888677143,0.531,-0.2117022201047632,0.2117022201047632,15,Sunday,8
2009-08-16 16:00:00,1.0410666666666666,0.8432628091473273,0.5662,0.1978038575193392,0.1978038575193392,16,Sunday,8
2009-08-16 17:00:00,1.5411333333333337,1.130089462569405,0.5807666666666668,0.4110438707639288,0.4110438707639288,17,Sunday,8
2009-08-16 18:00:00,1.2153,1.285630261311036,1.0410666666666666,-0.0703302613110359,0.0703302613110359,18,Sunday,8
2009-08-16 19:00:00,0.8580666666666666,1.6650165596695476,1.5411333333333337,-0.806949893002881,0.806949893002881,19,Sunday,8
2009-08-16 20:00:00,0.7016333333333333,1.254058031210861,1.2153,-0.5524246978775273,0.5524246978775273,20,Sunday,8
2009-08-16 21:00:00,1.8161,1.1725746633007592,0.8580666666666666,0.6435253366992408,0.6435253366992408,21,Sunday,8
2009-08-16 22:00:00,0.8980333333333334,0.7891956753816192,0.7016333333333333,0.1088376579517141,0.1088376579517141,22,Sunday,8
2009-08-16 23:00:00,0.3467333333333333,0.7577101186933899,1.8161,-0.4109767853600566,0.4109767853600566,23,Sunday,8
2009-08-17 00:00:00,0.29,0.3981130155047463,0.8980333333333334,-0.1081130155047463,0.1081130155047463,0,Monday,8
2009-08-17 01:00:00,0.3651,0.412528402340618,0.3467333333333333,-0.047428402340618,0.047428402340618,1,Monday,8
2009-08-17 02:00:00,0.4246,0.3344190239128619,0.29,0.0901809760871381,0.0901809760871381,2,Monday,8
2009-08-17 03:00:00,0.2773,0.3491693656257479,0.3651,-0.0718693656257479,0.0718693656257479,3,Monday,8
2009-08-17 04:00:00,0.3362333333333333,0.363629489735785,0.4246,-0.0273961564024517,0.0273961564024517,4,Monday,8
2009-08-17 05:00:00,0.3527333333333333,0.7594202136859778,0.2773,-0.4066868803526445,0.4066868803526445,5,Monday,8
2009-08-17 06:00:00,1.2408333333333337,1.230150676761729,0.3362333333333333,0.0106826565716047,0.0106826565716047,6,Monday,8
2009-08-17 07:00:00,1.3651333333333333,1.1399932306610383,0.3527333333333333,0.225140102672295,0.225140102672295,7,Monday,8
2009-08-17 08:00:00,0.8899666666666667,0.8590046797108473,1.2408333333333337,0.0309619869558194,0.0309619869558194,8,Monday,8
2009-08-17 09:00:00,0.2770666666666666,0.9580372390212444,1.3651333333333333,-0.6809705723545777,0.6809705723545777,9,Monday,8
2009-08-17 10:00:00,0.3318666666666666,0.6624660733540787,0.8899666666666667,-0.3305994066874121,0.3305994066874121,10,Monday,8
2009-08-17 11:00:00,0.3613,0.416393630567097,0.2770666666666666,-0.055093630567097,0.055093630567097,11,Monday,8
2009-08-17 12:00:00,0.2711333333333333,0.4868330890309376,0.3318666666666666,-0.2156997556976043,0.2156997556976043,12,Monday,8
2009-08-17 13:00:00,0.3304666666666666,0.6118719101859375,0.3613,-0.2814052435192709,0.2814052435192709,13,Monday,8
2009-08-17 14:00:00,0.3505333333333333,0.4243626548242438,0.2711333333333333,-0.0738293214909104,0.0738293214909104,14,Monday,8
2009-08-17 15:00:00,0.5109666666666667,0.5086323526804901,0.3304666666666666,0.0023343139861765,0.0023343139861765,15,Monday,8
2009-08-17 16:00:00,0.4110333333333333,0.541457938461611,0.3505333333333333,-0.1304246051282777,0.1304246051282777,16,Monday,8
2009-08-17 17:00:00,0.9231333333333333,0.7853234713004597,0.5109666666666667,0.1378098620328736,0.1378098620328736,17,Monday,8
2009-08-17 18:00:00,0.2770333333333333,1.1244274830787155,0.4110333333333333,-0.8473941497453823,0.8473941497453823,18,Monday,8
2009-08-17 19:00:00,0.3414666666666666,1.1467109123604693,0.9231333333333333,-0.8052442456938027,0.8052442456938027,19,Monday,8
2009-08-17 20:00:00,0.7181666666666667,0.924841776744694,0.2770333333333333,-0.2066751100780273,0.2066751100780273,20,Monday,8
2009-08-17 21:00:00,1.0995333333333333,0.9752179317571804,0.3414666666666666,0.1243154015761528,0.1243154015761528,21,Monday,8
2009-08-17 22:00:00,1.006133333333333,0.7765227976944361,0.7181666666666667,0.229610535638897,0.229610535638897,22,Monday,8
2009-08-17 23:00:00,0.5318,0.4668399083674577,1.0995333333333333,0.0649600916325423,0.0649600916325423,23,Monday,8
2009-08-18 00:00:00,0.3663,0.387839757862031,1.006133333333333,-0.0215397578620309,0.0215397578620309,0,Tuesday,8
2009-08-18 01:00:00,0.3755,0.3435875287777359,0.5318,0.031912471222264,0.031912471222264,1,Tuesday,8
2009-08-18 02:00:00,0.2961999999999999,0.3607446109348229,0.3663,-0.064544610934823,0.064544610934823,2,Tuesday,8
2009-08-18 03:00:00,0.2801666666666666,0.366526308194289,0.3755,-0.0863596415276224,0.0863596415276224,3,Tuesday,8
2009-08-18 04:00:00,0.3637666666666667,0.3452741910400227,0.2961999999999999,0.0184924756266439,0.0184924756266439,4,Tuesday,8
2009-08-18 05:00:00,0.2724,0.6505260834083971,0.2801666666666666,-0.3781260834083971,0.3781260834083971,5,Tuesday,8
2009-08-18 06:00:00,0.5462666666666667,0.7348767206030745,0.3637666666666667,-0.1886100539364078,0.1886100539364078,6,Tuesday,8
2009-08-18 07:00:00,1.4557666666666669,0.909529735034302,0.2724,0.546236931632365,0.546236931632365,7,Tuesday,8
2009-08-18 08:00:00,0.3768666666666667,0.8510500711068253,0.5462666666666667,-0.4741834044401586,0.4741834044401586,8,Tuesday,8
2009-08-18 09:00:00,0.3692,1.0085243764754803,1.4557666666666669,-0.6393243764754806,0.6393243764754806,9,Tuesday,8
2009-08-18 10:00:00,0.7056666666666668,0.6126556060665164,0.3768666666666667,0.0930110606001504,0.0930110606001504,10,Tuesday,8
2009-08-18 11:00:00,0.5887,0.6049248322054498,0.3692,-0.0162248322054497,0.0162248322054497,11,Tuesday,8
2009-08-18 12:00:00,1.2588333333333332,0.6410387476843474,0.7056666666666668,0.6177945856489858,0.6177945856489858,12,Tuesday,8
2009-08-18 13:00:00,0.8328666666666666,0.636866890592539,0.5887,0.1959997760741276,0.1959997760741276,13,Tuesday,8
2009-08-18 14:00:00,1.3884333333333332,0.6648339467306306,1.2588333333333332,0.7235993866027026,0.7235993866027026,14,Tuesday,8
2009-08-18 15:00:00,0.561,0.6525479224969581,0.8328666666666666,-0.091547922496958,0.091547922496958,15,Tuesday,8
2009-08-18 16:00:00,0.3414666666666666,0.895337871196438,1.3884333333333332,-0.5538712045297715,0.5538712045297715,16,Tuesday,8
2009-08-18 17:00:00,0.4140666666666667,0.6914904889317759,0.561,-0.2774238222651092,0.2774238222651092,17,Tuesday,8
2009-08-18 18:00:00,0.6397333333333334,0.9376890764534508,0.3414666666666666,-0.2979557431201175,0.2979557431201175,18,Tuesday,8
2009-08-18 19:00:00,0.5675666666666667,0.8952201168262036,0.4140666666666667,-0.3276534501595369,0.3276534501595369,19,Tuesday,8
2009-08-18 20:00:00,3.8541,1.1130158261922465,0.6397333333333334,2.741084173807754,2.741084173807754,20,Tuesday,8
2009-08-18 21:00:00,1.286266666666667,0.976487205475358,0.5675666666666667,0.3097794611913089,0.3097794611913089,21,Tuesday,8
2009-08-18 22:00:00,0.3370333333333333,0.8764737639859003,3.8541,-0.539440430652567,0.539440430652567,22,Tuesday,8
2009-08-18 23:00:00,0.4770333333333333,0.6070203823311756,1.286266666666667,-0.1299870489978423,0.1299870489978423,23,Tuesday,8
2009-08-19 00:00:00,0.3393666666666666,0.3717831414995827,0.3370333333333333,-0.0324164748329161,0.0324164748329161,0,Wednesday,8
2009-08-19 01:00:00,0.2925333333333333,0.3597931065718837,0.4770333333333333,-0.0672597732385503,0.0672597732385503,1,Wednesday,8
2009-08-19 02:00:00,0.3371333333333333,0.363986653414193,0.3393666666666666,-0.0268533200808597,0.0268533200808597,2,Wednesday,8
2009-08-19 03:00:00,0.2924666666666666,0.3407498063687161,0.2925333333333333,-0.0482831397020495,0.0482831397020495,3,Wednesday,8
2009-08-19 04:00:00,0.3144666666666666,0.366554122207113,0.3371333333333333,-0.0520874555404464,0.0520874555404464,4,Wednesday,8
2009-08-19 05:00:00,0.3379333333333333,0.8045631696360788,0.2924666666666666,-0.4666298363027454,0.4666298363027454,5,Wednesday,8
2009-08-19 06:00:00,1.4524333333333332,1.0553181338931956,0.3144666666666666,0.3971151994401376,0.3971151994401376,6,Wednesday,8
2009-08-19 07:00:00,1.3735666666666666,1.3575120923061044,0.3379333333333333,0.0160545743605622,0.0160545743605622,7,Wednesday,8
2009-08-19 08:00:00,0.9508666666666666,1.0670337135474235,1.4524333333333332,-0.116167046880757,0.116167046880757,8,Wednesday,8
2009-08-19 09:00:00,0.4124333333333334,0.8491157335676168,1.3735666666666666,-0.4366824002342834,0.4366824002342834,9,Wednesday,8
2009-08-19 10:00:00,0.7273,0.7074883560915611,0.9508666666666666,0.0198116439084388,0.0198116439084388,10,Wednesday,8
2009-08-19 11:00:00,0.6925,0.587163678119305,0.4124333333333334,0.1053363218806949,0.1053363218806949,11,Wednesday,8
2009-08-19 12:00:00,1.4358666666666666,0.6608197535859658,0.7273,0.7750469130807008,0.7750469130807008,12,Wednesday,8
2009-08-19 13:00:00,0.7492333333333333,0.6612065143659026,0.6925,0.0880268189674307,0.0880268189674307,13,Wednesday,8
2009-08-19 14:00:00,0.8412333333333334,0.8562820697470893,1.4358666666666666,-0.0150487364137559,0.0150487364137559,14,Wednesday,8
2009-08-19 15:00:00,0.4551333333333333,0.6475420623922883,0.7492333333333333,-0.192408729058955,0.192408729058955,15,Wednesday,8
2009-08-19 16:00:00,0.4346,0.605446204269646,0.8412333333333334,-0.170846204269646,0.170846204269646,16,Wednesday,8
2009-08-19 17:00:00,0.3732666666666667,0.9306894053456752,0.4551333333333333,-0.5574227386790085,0.5574227386790085,17,Wednesday,8
2009-08-19 18:00:00,0.3636666666666667,1.24639859577277,0.4346,-0.8827319291061034,0.8827319291061034,18,Wednesday,8
2009-08-19 19:00:00,0.9774,1.2258525022771574,0.3732666666666667,-0.2484525022771573,0.2484525022771573,19,Wednesday,8
2009-08-19 20:00:00,0.3642333333333333,1.121512835073483,0.3636666666666667,-0.75727950174015,0.75727950174015,20,Wednesday,8
2009-08-19 21:00:00,0.3225666666666666,1.3793599069650015,0.9774,-1.0567932402983349,1.0567932402983349,21,Wednesday,8
2009-08-19 22:00:00,0.3618,0.8006766686780474,0.3642333333333333,-0.4388766686780474,0.4388766686780474,22,Wednesday,8
2009-08-19 23:00:00,0.5590666666666666,0.6770191841804527,0.3225666666666666,-0.1179525175137861,0.1179525175137861,23,Wednesday,8
2009-08-20 00:00:00,0.3464,0.3558114713048608,0.3618,-0.0094114713048608,0.0094114713048608,0,Thursday,8
2009-08-20 01:00:00,0.3845666666666666,0.3764708684807889,0.5590666666666666,0.0080957981858776,0.0080957981858776,1,Thursday,8
2009-08-20 02:00:00,0.3556999999999999,0.3483901034545161,0.3464,0.0073098965454838,0.0073098965454838,2,Thursday,8
2009-08-20 03:00:00,0.3174333333333333,0.366526308194289,0.3845666666666666,-0.0490929748609557,0.0490929748609557,3,Thursday,8
2009-08-20 04:00:00,0.6094333333333334,0.3631959526322766,0.3556999999999999,0.2462373807010567,0.2462373807010567,4,Thursday,8
2009-08-20 05:00:00,0.7083,0.7047525294278847,0.3174333333333333,0.0035474705721153,0.0035474705721153,5,Thursday,8
2009-08-20 06:00:00,1.1128333333333331,1.0330056857938164,0.6094333333333334,0.0798276475395167,0.0798276475395167,6,Thursday,8
2009-08-20 07:00:00,1.345,1.1195819890330574,0.7083,0.2254180109669425,0.2254180109669425,7,Thursday,8
2009-08-20 08:00:00,0.9630666666666666,0.9019799361865476,1.1128333333333331,0.061086730480119,0.061086730480119,8,Thursday,8
2009-08-20 09:00:00,0.3141666666666667,0.7423185001777024,1.345,-0.4281518335110357,0.4281518335110357,9,Thursday,8
2009-08-20 10:00:00,0.3036333333333333,0.677957273533824,0.9630666666666666,-0.3743239402004906,0.3743239402004906,10,Thursday,8
2009-08-20 11:00:00,0.3591666666666667,0.5020105406500533,0.3141666666666667,-0.1428438739833866,0.1428438739833866,11,Thursday,8
2009-08-20 12:00:00,0.3560333333333333,0.4549110577773765,0.3036333333333333,-0.0988777244440432,0.0988777244440432,12,Thursday,8
2009-08-20 13:00:00,0.3462333333333333,0.5302060211013904,0.3591666666666667,-0.183972687768057,0.183972687768057,13,Thursday,8
2009-08-20 14:00:00,0.3392666666666667,0.5330093986940314,0.3560333333333333,-0.1937427320273647,0.1937427320273647,14,Thursday,8
2009-08-20 15:00:00,0.3509333333333334,0.5308313225496768,0.3462333333333333,-0.1798979892163434,0.1798979892163434,15,Thursday,8
2009-08-20 16:00:00,0.2985666666666667,0.6067941888222207,0.3392666666666667,-0.308227522155554,0.308227522155554,16,Thursday,8
2009-08-20 17:00:00,0.8481333333333333,0.7207386251418337,0.3509333333333334,0.1273947081914995,0.1273947081914995,17,Thursday,8
2009-08-20 18:00:00,0.3547,0.7544360437332929,0.2985666666666667,-0.3997360437332928,0.3997360437332928,18,Thursday,8
2009-08-20 19:00:00,0.3349333333333333,1.0409919305407584,0.8481333333333333,-0.7060585972074251,0.7060585972074251,19,Thursday,8
2009-08-20 20:00:00,0.4869666666666666,0.9478077905106522,0.3547,-0.4608411238439856,0.4608411238439856,20,Thursday,8
2009-08-20 21:00:00,0.8899666666666667,0.8822004106392377,0.3349333333333333,0.0077662560274289,0.0077662560274289,21,Thursday,8
2009-08-20 22:00:00,0.6442,0.7504807988077198,0.4869666666666666,-0.1062807988077197,0.1062807988077197,22,Thursday,8
2009-08-20 23:00:00,0.4142333333333333,0.5082467867978402,0.8899666666666667,-0.0940134534645069,0.0940134534645069,23,Thursday,8
2009-08-21 00:00:00,0.3422333333333333,0.3967005660874155,0.6442,-0.0544672327540822,0.0544672327540822,0,Friday,8
2009-08-21 01:00:00,0.3375,0.3558114713048608,0.4142333333333333,-0.0183114713048608,0.0183114713048608,1,Friday,8
2009-08-21 02:00:00,0.2923,0.3612683169457414,0.3422333333333333,-0.0689683169457414,0.0689683169457414,2,Friday,8
2009-08-21 03:00:00,0.6239,0.3669491193385751,0.3375,0.2569508806614248,0.2569508806614248,3,Friday,8
2009-08-21 04:00:00,0.7445333333333334,0.3576369805889246,0.2923,0.3868963527444087,0.3868963527444087,4,Friday,8
2009-08-21 05:00:00,0.2774666666666666,0.6939662277236182,0.6239,-0.4164995610569516,0.4164995610569516,5,Friday,8
2009-08-21 06:00:00,1.6922,0.9628292120681092,0.7445333333333334,0.7293707879318907,0.7293707879318907,6,Friday,8
2009-08-21 07:00:00,1.5748333333333333,0.9184769023050036,0.2774666666666666,0.6563564310283299,0.6563564310283299,7,Friday,8
2009-08-21 08:00:00,0.7629666666666667,1.1069175473649544,1.6922,-0.3439508806982877,0.3439508806982877,8,Friday,8
2009-08-21 09:00:00,0.3610333333333333,1.0021351395719615,1.5748333333333333,-0.6411018062386282,0.6411018062386282,9,Friday,8
2009-08-21 10:00:00,0.2771333333333333,0.7514061933091607,0.7629666666666667,-0.4742728599758274,0.4742728599758274,10,Friday,8
2009-08-21 11:00:00,0.3136,0.6446320890833911,0.3610333333333333,-0.3310320890833911,0.3310320890833911,11,Friday,8
2009-08-21 12:00:00,0.3487333333333333,0.5741963669708708,0.2771333333333333,-0.2254630336375375,0.2254630336375375,12,Friday,8
2009-08-21 13:00:00,0.3010333333333334,0.5797794801381608,0.3136,-0.2787461468048274,0.2787461468048274,13,Friday,8
2009-08-21 14:00:00,0.3679333333333333,0.6235561965886307,0.3487333333333333,-0.2556228632552974,0.2556228632552974,14,Friday,8
2009-08-21 15:00:00,0.3528,0.5758558983120916,0.3010333333333334,-0.2230558983120916,0.2230558983120916,15,Friday,8
2009-08-21 16:00:00,0.7508333333333332,0.6459840255348629,0.3679333333333333,0.1048493077984703,0.1048493077984703,16,Friday,8
2009-08-21 17:00:00,0.9387333333333332,0.7014486367674359,0.3528,0.2372846965658973,0.2372846965658973,17,Friday,8
2009-08-21 18:00:00,1.9906666666666664,1.1147547224711447,0.7508333333333332,0.8759119441955217,0.8759119441955217,18,Friday,8
2009-08-21 19:00:00,2.1803000000000003,1.2441760645189974,0.9387333333333332,0.9361239354810028,0.9361239354810028,19,Friday,8
2009-08-21 20:00:00,1.5086333333333333,1.7601358958841442,1.9906666666666664,-0.2515025625508109,0.2515025625508109,20,Friday,8
2009-08-21 21:00:00,1.3051666666666668,1.5163508266836982,2.1803000000000003,-0.2111841600170314,0.2111841600170314,21,Friday,8
2009-08-21 22:00:00,1.3036666666666668,0.8509633437008375,1.5086333333333333,0.4527033229658292,0.4527033229658292,22,Friday,8
2009-08-21 23:00:00,0.7978000000000001,0.6045138575309806,1.3051666666666668,0.1932861424690194,0.1932861424690194,23,Friday,8
2009-08-22 00:00:00,0.3135666666666666,0.3838986016425773,1.3036666666666668,-0.0703319349759107,0.0703319349759107,0,Saturday,8
2009-08-22 01:00:00,0.3392333333333333,0.3784030108863089,0.7978000000000001,-0.0391696775529756,0.0391696775529756,1,Saturday,8
2009-08-22 02:00:00,0.6282666666666666,0.3432118260360277,0.3135666666666666,0.2850548406306389,0.2850548406306389,2,Saturday,8
2009-08-22 03:00:00,0.4611333333333333,0.3441070297984839,0.3392333333333333,0.1170263035348493,0.1170263035348493,3,Saturday,8
2009-08-22 04:00:00,0.3554,0.3965311772474592,0.6282666666666666,-0.0411311772474592,0.0411311772474592,4,Saturday,8
2009-08-22 05:00:00,0.3204333333333333,0.6183717949730326,0.4611333333333333,-0.2979384616396993,0.2979384616396993,5,Saturday,8
2009-08-22 06:00:00,1.2036,0.7611887349871875,0.3554,0.4424112650128124,0.4424112650128124,6,Saturday,8
2009-08-22 07:00:00,1.4973666666666667,0.9139143213852974,0.3204333333333333,0.5834523452813694,0.5834523452813694,7,Saturday,8
2009-08-22 08:00:00,1.6231,0.9793027432094076,1.2036,0.6437972567905925,0.6437972567905925,8,Saturday,8
2009-08-22 09:00:00,1.3034,1.2235216433398337,1.4973666666666667,0.0798783566601661,0.0798783566601661,9,Saturday,8
2009-08-22 10:00:00,1.1104333333333334,1.3642013034722942,1.6231,-0.2537679701389608,0.2537679701389608,10,Saturday,8
2009-08-22 11:00:00,1.2648,0.941184966532632,1.3034,0.323615033467368,0.323615033467368,11,Saturday,8
2009-08-22 12:00:00,1.8143,1.0311971417370134,1.1104333333333334,0.7831028582629866,0.7831028582629866,12,Saturday,8
2009-08-22 13:00:00,0.5018666666666667,1.0700784669288077,1.2648,-0.568211800262141,0.568211800262141,13,Saturday,8
2009-08-22 14:00:00,0.3771,1.455773756650589,1.8143,-1.078673756650589,1.078673756650589,14,Saturday,8
2009-08-22 15:00:00,0.6956000000000001,0.8940965180147274,0.5018666666666667,-0.1984965180147273,0.1984965180147273,15,Saturday,8
2009-08-22 16:00:00,1.4941,0.921955442453238,0.3771,0.5721445575467621,0.5721445575467621,16,Saturday,8
2009-08-22 17:00:00,3.1777666666666664,0.9872564405293796,0.6956000000000001,2.190510226137287,2.190510226137287,17,Saturday,8
2009-08-22 18:00:00,2.1570666666666667,1.589060063942911,1.4941,0.5680066027237556,0.5680066027237556,18,Saturday,8
2009-08-22 19:00:00,1.7944666666666669,2.127723919835258,3.1777666666666664,-0.3332572531685913,0.3332572531685913,19,Saturday,8
2009-08-22 20:00:00,1.0506,1.8695919223695463,2.1570666666666667,-0.8189919223695463,0.8189919223695463,20,Saturday,8
2009-08-22 21:00:00,1.0813,1.7492402085661396,1.7944666666666669,-0.6679402085661397,0.6679402085661397,21,Saturday,8
2009-08-22 22:00:00,0.4496,0.9132422412789528,1.0506,-0.4636422412789527,0.4636422412789527,22,Saturday,8
2009-08-22 23:00:00,0.4438666666666667,0.6746260727835749,1.0813,-0.2307594061169082,0.2307594061169082,23,Saturday,8
2009-08-23 00:00:00,0.3688333333333333,0.3881936956215333,0.4496,-0.0193603622882,0.0193603622882,0,Sunday,8
2009-08-23 01:00:00,0.3417,0.3757365884404112,0.4438666666666667,-0.0340365884404111,0.0340365884404111,1,Sunday,8
2009-08-23 02:00:00,0.4163,0.3705248455093363,0.3688333333333333,0.0457751544906636,0.0457751544906636,2,Sunday,8
2009-08-23 03:00:00,0.3334666666666666,0.3382129037903119,0.3417,-0.0047462371236453,0.0047462371236453,3,Sunday,8
2009-08-23 04:00:00,0.3732666666666667,0.3349989633161486,0.4163,0.0382677033505181,0.0382677033505181,4,Sunday,8
2009-08-23 05:00:00,0.3946,0.6377812855735248,0.3334666666666666,-0.2431812855735247,0.2431812855735247,5,Sunday,8
2009-08-23 06:00:00,1.1300666666666668,0.6105911506593452,0.3732666666666667,0.5194755160073216,0.5194755160073216,6,Sunday,8
2009-08-23 07:00:00,1.2238,0.6542235969503881,0.3946,0.5695764030496119,0.5695764030496119,7,Sunday,8
2009-08-23 08:00:00,1.5686666666666669,1.0421513981357458,1.1300666666666668,0.5265152685309211,0.5265152685309211,8,Sunday,8
2009-08-23 09:00:00,0.2980333333333334,1.06595415423492,1.2238,-0.7679208209015866,0.7679208209015866,9,Sunday,8
2009-08-23 10:00:00,0.3582,1.3353672934330896,1.5686666666666669,-0.9771672934330896,0.9771672934330896,10,Sunday,8
2009-08-23 11:00:00,0.2869333333333334,0.7174632122312241,0.2980333333333334,-0.4305298788978907,0.4305298788978907,11,Sunday,8
2009-08-23 12:00:00,0.3280666666666667,0.9463534175684089,0.3582,-0.6182867509017422,0.6182867509017422,12,Sunday,8
2009-08-23 13:00:00,0.3463333333333333,0.5876481613860655,0.2869333333333334,-0.2413148280527321,0.2413148280527321,13,Sunday,8
2009-08-23 14:00:00,0.2850999999999999,0.8229072884829135,0.3280666666666667,-0.5378072884829136,0.5378072884829136,14,Sunday,8
2009-08-23 15:00:00,0.4786,0.8939637943311822,0.3463333333333333,-0.4153637943311822,0.4153637943311822,15,Sunday,8
2009-08-23 16:00:00,1.7989666666666666,0.5712457462913333,0.2850999999999999,1.2277209203753334,1.2277209203753334,16,Sunday,8
2009-08-23 17:00:00,1.0541666666666667,0.8527185863073701,0.4786,0.2014480803592966,0.2014480803592966,17,Sunday,8
2009-08-23 18:00:00,0.8598666666666667,1.7886374306751618,1.7989666666666666,-0.9287707640084952,0.9287707640084952,18,Sunday,8
2009-08-23 19:00:00,1.5040666666666669,1.2409774468788473,1.0541666666666667,0.2630892197878196,0.2630892197878196,19,Sunday,8
2009-08-23 20:00:00,2.0666,1.1869145670312102,0.8598666666666667,0.87968543296879,0.87968543296879,20,Sunday,8
2009-08-23 21:00:00,1.1523666666666663,1.3031821697207044,1.5040666666666669,-0.1508155030540381,0.1508155030540381,21,Sunday,8
2009-08-23 22:00:00,0.3666,0.9057115310281172,2.0666,-0.5391115310281172,0.5391115310281172,22,Sunday,8
2009-08-23 23:00:00,0.3483,0.7311904102453299,1.1523666666666663,-0.3828904102453299,0.3828904102453299,23,Sunday,8
2009-08-24 00:00:00,0.3225333333333333,0.344641357753148,0.3666,-0.0221080244198147,0.0221080244198147,0,Monday,8
2009-08-24 01:00:00,0.3558666666666666,0.3451650637640665,0.3483,0.0107016029026,0.0107016029026,1,Monday,8
2009-08-24 02:00:00,0.3071333333333333,0.3384558104643019,0.3225333333333333,-0.0313224771309685,0.0313224771309685,2,Monday,8
2009-08-24 03:00:00,0.3242,0.357541501216462,0.3558666666666666,-0.033341501216462,0.033341501216462,3,Monday,8
2009-08-24 04:00:00,0.9017333333333332,0.3419365503431636,0.3071333333333333,0.5597967829901696,0.5597967829901696,4,Monday,8
2009-08-24 05:00:00,1.1930666666666667,0.7959900653924817,0.3242,0.397076601274185,0.397076601274185,5,Monday,8
2009-08-24 06:00:00,1.8935666666666668,1.1555257700231585,0.9017333333333332,0.7380408966435084,0.7380408966435084,6,Monday,8
2009-08-24 07:00:00,1.4701,1.1615701285289426,1.1930666666666667,0.3085298714710573,0.3085298714710573,7,Monday,8
2009-08-24 08:00:00,0.6115333333333334,1.2257285185420006,1.8935666666666668,-0.6141951852086672,0.6141951852086672,8,Monday,8
2009-08-24 09:00:00,0.3577,0.9368645670093724,1.4701,-0.5791645670093724,0.5791645670093724,9,Monday,8
2009-08-24 10:00:00,0.3046666666666667,0.6901656129112612,0.6115333333333334,-0.3854989462445945,0.3854989462445945,10,Monday,8
2009-08-24 11:00:00,0.3274666666666667,0.6180524219809338,0.3577,-0.2905857553142671,0.2905857553142671,11,Monday,8
2009-08-24 12:00:00,0.3435666666666667,0.5695978935720398,0.3046666666666667,-0.2260312269053731,0.2260312269053731,12,Monday,8
2009-08-24 13:00:00,0.2820333333333333,0.5766043640210589,0.3274666666666667,-0.2945710306877255,0.2945710306877255,13,Monday,8
2009-08-24 14:00:00,0.3374333333333333,0.5781746698517128,0.3435666666666667,-0.2407413365183795,0.2407413365183795,14,Monday,8
2009-08-24 15:00:00,0.3395333333333333,0.5569845660996923,0.2820333333333333,-0.2174512327663589,0.2174512327663589,15,Monday,8
2009-08-24 16:00:00,1.1547333333333334,0.5559151498007588,0.3374333333333333,0.5988181835325745,0.5988181835325745,16,Monday,8
2009-08-24 17:00:00,2.313533333333333,0.7905971344361094,0.3395333333333333,1.5229361988972236,1.5229361988972236,17,Monday,8
2009-08-24 18:00:00,1.9471333333333327,1.1276820428098528,1.1547333333333334,0.8194512905234799,0.8194512905234799,18,Monday,8
2009-08-24 19:00:00,0.8840666666666667,1.7165751677163967,2.313533333333333,-0.8325085010497301,0.8325085010497301,19,Monday,8
2009-08-24 20:00:00,2.379766666666667,1.8064374519697035,1.9471333333333327,0.5733292146969633,0.5733292146969633,20,Monday,8
2009-08-24 21:00:00,1.3799,1.1593737560763338,0.8840666666666667,0.2205262439236661,0.2205262439236661,21,Monday,8
2009-08-24 22:00:00,0.7913333333333333,0.8991338690951146,2.379766666666667,-0.1078005357617812,0.1078005357617812,22,Monday,8
2009-08-24 23:00:00,0.4846666666666667,0.7613889526500488,1.3799,-0.2767222859833821,0.2767222859833821,23,Monday,8
2009-08-25 00:00:00,0.3558666666666666,0.3800646114492763,0.7913333333333333,-0.0241979447826096,0.0241979447826096,0,Tuesday,8
2009-08-25 01:00:00,0.3136,0.3564338871153804,0.4846666666666667,-0.0428338871153804,0.0428338871153804,1,Tuesday,8
2009-08-25 02:00:00,0.3568333333333333,0.3606274339576897,0.3558666666666666,-0.0037941006243564,0.0037941006243564,2,Tuesday,8
2009-08-25 03:00:00,0.2932666666666667,0.3440449890962489,0.3136,-0.0507783224295822,0.0507783224295822,3,Tuesday,8
2009-08-25 04:00:00,0.3366333333333333,0.3704847489362053,0.3568333333333333,-0.033851415602872,0.033851415602872,4,Tuesday,8
2009-08-25 05:00:00,0.6967,0.795203356106006,0.2932666666666667,-0.098503356106006,0.098503356106006,5,Tuesday,8
2009-08-25 06:00:00,1.3480666666666667,1.3325983613508894,0.3366333333333333,0.0154683053157773,0.0154683053157773,6,Tuesday,8
2009-08-25 07:00:00,0.4180666666666666,1.302856655551281,0.6967,-0.8847899888846145,0.8847899888846145,7,Tuesday,8
2009-08-25 08:00:00,0.3482,1.0354773307581835,1.3480666666666667,-0.6872773307581834,0.6872773307581834,8,Tuesday,8
2009-08-25 09:00:00,1.0522333333333334,0.844856907887575,0.4180666666666666,0.2073764254457584,0.2073764254457584,9,Tuesday,8
2009-08-25 10:00:00,0.3521,0.6396513457597208,0.3482,-0.2875513457597208,0.2875513457597208,10,Tuesday,8
2009-08-25 11:00:00,0.2850666666666666,0.7772181032338238,1.0522333333333334,-0.4921514365671572,0.4921514365671572,11,Tuesday,8
2009-08-25 12:00:00,0.3377,0.6622763671720692,0.3521,-0.3245763671720691,0.3245763671720691,12,Tuesday,8
2009-08-25 13:00:00,0.3276333333333333,0.6604960143934404,0.2850666666666666,-0.3328626810601071,0.3328626810601071,13,Tuesday,8
2009-08-25 14:00:00,0.2825333333333333,0.7431083883419498,0.3377,-0.4605750550086165,0.4605750550086165,14,Tuesday,8
2009-08-25 15:00:00,0.3717,0.733959373314984,0.3276333333333333,-0.362259373314984,0.362259373314984,15,Tuesday,8
2009-08-25 16:00:00,0.2983666666666666,0.5732515211515129,0.2825333333333333,-0.2748848544848463,0.2748848544848463,16,Tuesday,8
2009-08-25 17:00:00,0.7630666666666667,0.8489733154064089,0.3717,-0.0859066487397421,0.0859066487397421,17,Tuesday,8
2009-08-25 18:00:00,2.0012,1.084471430136294,0.2983666666666666,0.916728569863706,0.916728569863706,18,Tuesday,8
2009-08-25 19:00:00,1.7151333333333334,1.375833523923972,0.7630666666666667,0.3392998094093613,0.3392998094093613,19,Tuesday,8
2009-08-25 20:00:00,1.4425,1.6959795476864776,2.0012,-0.2534795476864777,0.2534795476864777,20,Tuesday,8
2009-08-25 21:00:00,1.0652,1.8589271282799176,1.7151333333333334,-0.7937271282799179,0.7937271282799179,21,Tuesday,8
2009-08-25 22:00:00,0.4805,0.8717247389065031,1.4425,-0.3912247389065031,0.3912247389065031,22,Tuesday,8
2009-08-25 23:00:00,0.3811,0.6324020850358807,1.0652,-0.2513020850358807,0.2513020850358807,23,Tuesday,8
2009-08-26 00:00:00,0.2925666666666666,0.3669121017050061,0.4805,-0.0743454350383395,0.0743454350383395,0,Wednesday,8
2009-08-26 01:00:00,0.3230666666666666,0.363013334525036,0.3811,-0.0399466678583693,0.0399466678583693,1,Wednesday,8
2009-08-26 02:00:00,0.3035,0.3510545722442545,0.2925666666666666,-0.0475545722442545,0.0475545722442545,2,Wednesday,8
2009-08-26 03:00:00,0.2996999999999999,0.362609484495656,0.3230666666666666,-0.062909484495656,0.062909484495656,3,Wednesday,8
2009-08-26 04:00:00,0.3409333333333333,0.3524760542601978,0.3035,-0.0115427209268645,0.0115427209268645,4,Wednesday,8
2009-08-26 05:00:00,0.6519999999999999,0.7258516206276671,0.2996999999999999,-0.0738516206276671,0.0738516206276671,5,Wednesday,8
2009-08-26 06:00:00,1.6173333333333335,1.1980872424883822,0.3409333333333333,0.4192460908449513,0.4192460908449513,6,Wednesday,8
2009-08-26 07:00:00,1.7564333333333333,1.1786569156190507,0.6519999999999999,0.5777764177142826,0.5777764177142826,7,Wednesday,8
2009-08-26 08:00:00,1.1515333333333333,1.1663780247638218,1.6173333333333335,-0.0148446914304885,0.0148446914304885,8,Wednesday,8
2009-08-26 09:00:00,1.425433333333333,1.1906618148592805,1.7564333333333333,0.2347715184740526,0.2347715184740526,9,Wednesday,8
2009-08-26 10:00:00,0.4531333333333333,0.7331653309789192,1.1515333333333333,-0.2800319976455859,0.2800319976455859,10,Wednesday,8
2009-08-26 11:00:00,0.3314,0.9321265728142072,1.425433333333333,-0.6007265728142073,0.6007265728142073,11,Wednesday,8
2009-08-26 12:00:00,0.3164333333333333,0.7600754027977366,0.4531333333333333,-0.4436420694644032,0.4436420694644032,12,Wednesday,8
2009-08-26 13:00:00,0.2978666666666666,0.7423525102046009,0.3314,-0.4444858435379343,0.4444858435379343,13,Wednesday,8
2009-08-26 14:00:00,0.3468333333333333,0.6959020911540957,0.3164333333333333,-0.3490687578207624,0.3490687578207624,14,Wednesday,8
2009-08-26 15:00:00,0.2819666666666666,0.6696391146605174,0.2978666666666666,-0.3876724479938508,0.3876724479938508,15,Wednesday,8
2009-08-26 16:00:00,0.3339999999999999,0.6666487293373642,0.3468333333333333,-0.3326487293373643,0.3326487293373643,16,Wednesday,8
2009-08-26 17:00:00,0.3372,0.7093196861091399,0.2819666666666666,-0.3721196861091398,0.3721196861091398,17,Wednesday,8
2009-08-26 18:00:00,1.3740333333333332,1.1426907552338208,0.3339999999999999,0.2313425780995124,0.2313425780995124,18,Wednesday,8
2009-08-26 19:00:00,2.291633333333333,1.213914805236798,0.3372,1.077718528096535,1.077718528096535,19,Wednesday,8
2009-08-26 20:00:00,2.8228,1.508864545509226,1.3740333333333332,1.313935454490774,1.313935454490774,20,Wednesday,8
2009-08-26 21:00:00,0.7043666666666667,1.5477840059640724,2.291633333333333,-0.8434173392974057,0.8434173392974057,21,Wednesday,8
2009-08-26 22:00:00,0.5071666666666667,0.8457896234423561,2.8228,-0.3386229567756894,0.3386229567756894,22,Wednesday,8
2009-08-26 23:00:00,0.3903666666666667,0.6654935640823719,0.7043666666666667,-0.2751268974157052,0.2751268974157052,23,Wednesday,8
2009-08-27 00:00:00,0.3675666666666666,0.3575044781381131,0.5071666666666667,0.0100621885285534,0.0100621885285534,0,Thursday,8
2009-08-27 01:00:00,0.3871,0.3406795978287668,0.3903666666666667,0.0464204021712332,0.0464204021712332,1,Thursday,8
2009-08-27 02:00:00,0.3356333333333333,0.3595127184065366,0.3675666666666666,-0.0238793850732033,0.0238793850732033,2,Thursday,8
2009-08-27 03:00:00,0.9496666666666668,0.3603458814667578,0.3871,0.5893207851999089,0.5893207851999089,3,Thursday,8
2009-08-27 04:00:00,0.3277333333333334,0.3559937584481629,0.3356333333333333,-0.0282604251148295,0.0282604251148295,4,Thursday,8
2009-08-27 05:00:00,0.4097333333333333,0.7993346478498805,0.9496666666666668,-0.3896013145165472,0.3896013145165472,5,Thursday,8
2009-08-27 06:00:00,0.8439666666666666,1.408642409939472,0.3277333333333334,-0.5646757432728052,0.5646757432728052,6,Thursday,8
2009-08-27 07:00:00,0.8653,1.3631376163495823,0.4097333333333333,-0.4978376163495823,0.4978376163495823,7,Thursday,8
2009-08-27 08:00:00,0.3539333333333333,1.0077212793405714,0.8439666666666666,-0.6537879460072381,0.6537879460072381,8,Thursday,8
2009-08-27 09:00:00,0.2883333333333333,0.7768448161855941,0.8653,-0.4885114828522608,0.4885114828522608,9,Thursday,8
2009-08-27 10:00:00,0.3413333333333333,0.6281988847294815,0.3539333333333333,-0.2868655513961481,0.2868655513961481,10,Thursday,8
2009-08-27 11:00:00,0.3061333333333333,0.5421636833431348,0.2883333333333333,-0.2360303500098015,0.2360303500098015,11,Thursday,8
2009-08-27 12:00:00,0.3212,0.5875002187723177,0.3413333333333333,-0.2663002187723177,0.2663002187723177,12,Thursday,8
2009-08-27 13:00:00,0.3511666666666667,0.5442063360697393,0.3061333333333333,-0.1930396694030726,0.1930396694030726,13,Thursday,8
2009-08-27 14:00:00,0.2836666666666667,0.539623312664367,0.3212,-0.2559566459977003,0.2559566459977003,14,Thursday,8
2009-08-27 15:00:00,0.3384,0.5761681170728405,0.3511666666666667,-0.2377681170728405,0.2377681170728405,15,Thursday,8
2009-08-27 16:00:00,0.6989333333333333,0.5486996597610156,0.2836666666666667,0.1502336735723176,0.1502336735723176,16,Thursday,8
2009-08-27 17:00:00,0.5316333333333333,0.8212558735398845,0.3384,-0.2896225402065512,0.2896225402065512,17,Thursday,8
2009-08-27 18:00:00,0.4672666666666666,1.433861827808464,0.6989333333333333,-0.9665951611417974,0.9665951611417974,18,Thursday,8
2009-08-27 19:00:00,0.8098666666666666,1.2533144887355507,0.5316333333333333,-0.4434478220688841,0.4434478220688841,19,Thursday,8
2009-08-27 20:00:00,0.9965666666666666,1.1499071644048766,0.4672666666666666,-0.15334049773821,0.15334049773821,20,Thursday,8
2009-08-27 21:00:00,1.0129333333333337,1.2413421958320223,0.8098666666666666,-0.2284088624986886,0.2284088624986886,21,Thursday,8
2009-08-27 22:00:00,0.5126666666666667,0.8301823585928912,0.9965666666666666,-0.3175156919262245,0.3175156919262245,22,Thursday,8
2009-08-27 23:00:00,0.6345666666666666,0.6671543990670319,1.0129333333333337,-0.0325877324003652,0.0325877324003652,23,Thursday,8
2009-08-28 00:00:00,0.4611,0.3636856237833726,0.5126666666666667,0.0974143762166274,0.0974143762166274,0,Friday,8
2009-08-28 01:00:00,1.0175333333333334,0.3899719163819958,0.6345666666666666,0.6275614169513375,0.6275614169513375,1,Friday,8
2009-08-28 02:00:00,0.3228666666666667,0.3686187634133346,0.4611,-0.0457520967466679,0.0457520967466679,2,Friday,8
2009-08-28 03:00:00,0.2739333333333333,0.431762052859374,1.0175333333333334,-0.1578287195260407,0.1578287195260407,3,Friday,8
2009-08-28 04:00:00,0.3516666666666667,0.3906391378222746,0.3228666666666667,-0.0389724711556079,0.0389724711556079,4,Friday,8
2009-08-28 05:00:00,0.4045666666666667,0.6506110105590553,0.2739333333333333,-0.2460443438923886,0.2460443438923886,5,Friday,8
2009-08-28 06:00:00,0.7716,0.7420112802939336,0.3516666666666667,0.0295887197060663,0.0295887197060663,6,Friday,8
2009-08-28 07:00:00,1.8234666666666668,0.980622370457149,0.4045666666666667,0.8428442962095178,0.8428442962095178,7,Friday,8
2009-08-28 08:00:00,1.6743,0.9213458187354968,0.7716,0.752954181264503,0.752954181264503,8,Friday,8
2009-08-28 09:00:00,0.4344333333333333,1.2816835170808665,1.8234666666666668,-0.847250183747533,0.847250183747533,9,Friday,8
2009-08-28 10:00:00,0.4756666666666666,1.0997556398421062,1.6743,-0.6240889731754395,0.6240889731754395,10,Friday,8
2009-08-28 11:00:00,1.939,0.6553317015562924,0.4344333333333333,1.2836682984437076,1.2836682984437076,11,Friday,8
2009-08-28 12:00:00,0.9302,0.6487744755016134,0.4756666666666666,0.2814255244983866,0.2814255244983866,12,Friday,8
2009-08-28 13:00:00,0.2871333333333333,1.310304378545488,1.939,-1.0231710452121547,1.0231710452121547,13,Friday,8
2009-08-28 14:00:00,0.7172999999999999,0.7743657221742836,0.9302,-0.0570657221742836,0.0570657221742836,14,Friday,8
2009-08-28 15:00:00,0.3927666666666666,0.576179678170472,0.2871333333333333,-0.1834130115038054,0.1834130115038054,15,Friday,8
2009-08-28 16:00:00,0.4265333333333334,0.7738400471553666,0.7172999999999999,-0.3473067138220332,0.3473067138220332,16,Friday,8
2009-08-28 17:00:00,0.5720666666666666,0.9312321053131238,0.3927666666666666,-0.3591654386464572,0.3591654386464572,17,Friday,8
2009-08-28 18:00:00,0.3047333333333333,1.3589907179874532,0.4265333333333334,-1.05425738465412,1.05425738465412,18,Friday,8
2009-08-28 19:00:00,1.2799,1.4227346743678109,0.5720666666666666,-0.1428346743678108,0.1428346743678108,19,Friday,8
2009-08-28 20:00:00,2.1834333333333333,1.079921021552094,0.3047333333333333,1.103512311781239,1.103512311781239,20,Friday,8
2009-08-28 21:00:00,0.6598666666666666,1.1665885469586978,1.2799,-0.5067218802920312,0.5067218802920312,21,Friday,8
2009-08-28 22:00:00,0.3087333333333333,0.819697220236771,2.1834333333333333,-0.5109638869034377,0.5109638869034377,22,Friday,8
2009-08-28 23:00:00,0.283,0.5753585456512752,0.6598666666666666,-0.2923585456512752,0.2923585456512752,23,Friday,8
2009-08-29 00:00:00,0.3324333333333333,0.3717468848004974,0.3087333333333333,-0.0393135514671641,0.0393135514671641,0,Saturday,8
2009-08-29 01:00:00,0.2697333333333333,0.3531818991724715,0.283,-0.0834485658391381,0.0834485658391381,1,Saturday,8
2009-08-29 02:00:00,0.472,0.3847585887270708,0.3324333333333333,0.0872414112729291,0.0872414112729291,2,Saturday,8
2009-08-29 03:00:00,0.2949666666666666,0.3540479167671048,0.2697333333333333,-0.0590812501004382,0.0590812501004382,3,Saturday,8
2009-08-29 04:00:00,0.2914,0.3712653977048474,0.472,-0.0798653977048474,0.0798653977048474,4,Saturday,8
2009-08-29 05:00:00,0.8902666666666667,0.6591749572381712,0.2949666666666666,0.2310917094284954,0.2310917094284954,5,Saturday,8
2009-08-29 06:00:00,0.5001,0.7711749993532522,0.2914,-0.2710749993532522,0.2710749993532522,6,Saturday,8
2009-08-29 07:00:00,0.4009999999999999,0.9861698278504996,0.8902666666666667,-0.5851698278504998,0.5851698278504998,7,Saturday,8
2009-08-29 08:00:00,1.1175,1.0222127435045298,0.5001,0.0952872564954701,0.0952872564954701,8,Saturday,8
2009-08-29 09:00:00,0.5320333333333334,0.9952110485479904,0.4009999999999999,-0.463177715214657,0.463177715214657,9,Saturday,8
2009-08-29 10:00:00,1.1095333333333337,0.9976272537143906,1.1175,0.111906079618943,0.111906079618943,10,Saturday,8
2009-08-29 11:00:00,1.4230666666666667,0.9076810919947004,0.5320333333333334,0.5153855746719663,0.5153855746719663,11,Saturday,8
2009-08-29 12:00:00,1.6925666666666668,1.0361767176519934,1.1095333333333337,0.6563899490146734,0.6563899490146734,12,Saturday,8
2009-08-29 13:00:00,1.3503,1.1540206557705373,1.4230666666666667,0.1962793442294628,0.1962793442294628,13,Saturday,8
2009-08-29 14:00:00,1.7744666666666666,1.3130105730251154,1.6925666666666668,0.4614560936415512,0.4614560936415512,14,Saturday,8
2009-08-29 15:00:00,2.0625666666666667,1.1319904410587092,1.3503,0.9305762256079576,0.9305762256079576,15,Saturday,8
2009-08-29 16:00:00,1.3573,1.4297544444425676,1.7744666666666666,-0.0724544444425676,0.0724544444425676,16,Saturday,8
2009-08-29 17:00:00,1.5986,1.765542074744346,2.0625666666666667,-0.1669420747443459,0.1669420747443459,17,Saturday,8
2009-08-29 18:00:00,1.6875666666666669,1.2649807221242364,1.3573,0.4225859445424305,0.4225859445424305,18,Saturday,8
2009-08-29 19:00:00,1.5728333333333333,2.0975523849322357,1.5986,-0.524719051598902,0.524719051598902,19,Saturday,8
2009-08-29 20:00:00,1.0988,1.843615478310733,1.6875666666666669,-0.744815478310733,0.744815478310733,20,Saturday,8
2009-08-29 21:00:00,0.4726,1.4821911115539947,1.5728333333333333,-1.0095911115539948,1.0095911115539948,21,Saturday,8
2009-08-29 22:00:00,0.5556,0.9161736837235104,1.0988,-0.3605736837235103,0.3605736837235103,22,Saturday,8
2009-08-29 23:00:00,0.5874,0.9394087552231828,0.4726,-0.3520087552231828,0.3520087552231828,23,Saturday,8
2009-08-30 00:00:00,0.3648,0.3416386558499758,0.5556,0.0231613441500241,0.0231613441500241,0,Sunday,8
2009-08-30 01:00:00,0.3731666666666667,0.3698901708341205,0.5874,0.0032764958325461,0.0032764958325461,1,Sunday,8
2009-08-30 02:00:00,0.3206333333333333,0.3459524929647392,0.3648,-0.0253191596314059,0.0253191596314059,2,Sunday,8
2009-08-30 03:00:00,0.3943333333333333,0.357232050701149,0.3731666666666667,0.0371012826321842,0.0371012826321842,3,Sunday,8
2009-08-30 04:00:00,0.773,0.3373303111024868,0.3206333333333333,0.4356696888975132,0.4356696888975132,4,Sunday,8
2009-08-30 05:00:00,0.5405666666666666,0.6336641856464411,0.3943333333333333,-0.0930975189797744,0.0930975189797744,5,Sunday,8
2009-08-30 06:00:00,0.3595,0.7862079594037333,0.773,-0.4267079594037333,0.4267079594037333,6,Sunday,8
2009-08-30 07:00:00,0.4925333333333333,0.7152689536465623,0.5405666666666666,-0.2227356203132289,0.2227356203132289,7,Sunday,8
2009-08-30 08:00:00,0.4768,0.932783705845474,0.3595,-0.4559837058454741,0.4559837058454741,8,Sunday,8
2009-08-30 09:00:00,0.9986666666666668,1.004625558837038,0.4925333333333333,-0.005958892170371,0.005958892170371,9,Sunday,8
2009-08-30 10:00:00,2.1142666666666665,1.075713189791284,0.4768,1.0385534768753826,1.0385534768753826,10,Sunday,8
2009-08-30 11:00:00,2.253633333333333,1.1456595597176338,0.9986666666666668,1.1079737736156994,1.1079737736156994,11,Sunday,8
2009-08-30 12:00:00,1.6238,1.6108453483175702,2.1142666666666665,0.0129546516824297,0.0129546516824297,12,Sunday,8
2009-08-30 13:00:00,2.7425333333333333,1.6219223641219205,2.253633333333333,1.1206109692114128,1.1206109692114128,13,Sunday,8
2009-08-30 14:00:00,3.5914333333333333,1.484266064159454,1.6238,2.107167269173879,2.107167269173879,14,Sunday,8
2009-08-30 15:00:00,0.6685666666666666,1.5397140729465442,2.7425333333333333,-0.8711474062798775,0.8711474062798775,15,Sunday,8
2009-08-30 16:00:00,0.9302333333333334,1.846141364783578,3.5914333333333333,-0.9159080314502448,0.9159080314502448,16,Sunday,8
2009-08-30 17:00:00,0.6929333333333333,1.0834936895515503,0.6685666666666666,-0.390560356218217,0.390560356218217,17,Sunday,8
2009-08-30 18:00:00,1.5603,1.5566323749318678,0.9302333333333334,0.0036676250681322,0.0036676250681322,18,Sunday,8
2009-08-30 19:00:00,1.7916666666666667,1.488174725870795,0.6929333333333333,0.3034919407958718,0.3034919407958718,19,Sunday,8
2009-08-30 20:00:00,2.0719000000000003,1.8306255576236532,1.5603,0.2412744423763468,0.2412744423763468,20,Sunday,8
2009-08-30 21:00:00,1.4715,1.7742886961885505,1.7916666666666667,-0.3027886961885504,0.3027886961885504,21,Sunday,8
2009-08-30 22:00:00,0.6115333333333334,1.033959842493781,2.0719000000000003,-0.4224265091604476,0.4224265091604476,22,Sunday,8
2009-08-30 23:00:00,0.4203333333333333,0.7638949765995128,1.4715,-0.3435616432661795,0.3435616432661795,23,Sunday,8
2009-08-31 00:00:00,0.3375333333333333,0.3544675216669647,0.6115333333333334,-0.0169341883336314,0.0169341883336314,0,Monday,8
2009-08-31 01:00:00,0.3910666666666666,0.3358017908293428,0.4203333333333333,0.0552648758373237,0.0552648758373237,1,Monday,8
2009-08-31 02:00:00,0.3617999999999999,0.3412586364702234,0.3375333333333333,0.0205413635297764,0.0205413635297764,2,Monday,8
2009-08-31 03:00:00,0.8559,0.3490928541774685,0.3910666666666666,0.5068071458225315,0.5068071458225315,3,Monday,8
2009-08-31 04:00:00,0.3632,0.3616487598080784,0.3617999999999999,0.0015512401919215,0.0015512401919215,4,Monday,8
2009-08-31 05:00:00,0.5057666666666667,0.8300443386547667,0.8559,-0.3242776719881,0.3242776719881,5,Monday,8
2009-08-31 06:00:00,1.725833333333333,1.6907630211974785,0.3632,0.0350703121358546,0.0350703121358546,6,Monday,8
2009-08-31 07:00:00,1.3859333333333337,1.3205537996253736,0.5057666666666667,0.0653795337079601,0.0653795337079601,7,Monday,8
2009-08-31 08:00:00,1.3491,1.1911397759410038,1.725833333333333,0.1579602240589961,0.1579602240589961,8,Monday,8
2009-08-31 09:00:00,1.1374,0.9743855293540096,1.3859333333333337,0.1630144706459902,0.1630144706459902,9,Monday,8
2009-08-31 10:00:00,1.4713333333333334,0.8652003274407781,1.3491,0.6061330058925553,0.6061330058925553,10,Monday,8
2009-08-31 11:00:00,1.5129666666666668,0.8486586286777679,1.1374,0.6643080379888989,0.6643080379888989,11,Monday,8
2009-08-31 12:00:00,0.6251333333333334,1.0044971445540796,1.4713333333333334,-0.3793638112207461,0.3793638112207461,12,Monday,8
2009-08-31 13:00:00,0.7261666666666666,0.8605932445318176,1.5129666666666668,-0.134426577865151,0.134426577865151,13,Monday,8
2009-08-31 14:00:00,0.5107666666666667,0.5757279265194641,0.6251333333333334,-0.0649612598527974,0.0649612598527974,14,Monday,8
2009-08-31 15:00:00,0.3293333333333333,0.7453965539631623,0.7261666666666666,-0.416063220629829,0.416063220629829,15,Monday,8
2009-08-31 16:00:00,0.4390666666666666,0.4764057460686133,0.5107666666666667,-0.0373390794019467,0.0373390794019467,16,Monday,8
2009-08-31 17:00:00,0.3988666666666667,0.7098326040623999,0.3293333333333333,-0.3109659373957332,0.3109659373957332,17,Monday,8
2009-08-31 18:00:00,0.8133666666666667,1.178505639650756,0.4390666666666666,-0.3651389729840893,0.3651389729840893,18,Monday,8
2009-08-31 19:00:00,0.9714333333333334,1.230544083951309,0.3988666666666667,-0.2591107506179759,0.2591107506179759,19,Monday,8
2009-08-31 20:00:00,2.5673000000000004,1.2366432053207563,0.8133666666666667,1.330656794679244,1.330656794679244,20,Monday,8
2009-08-31 21:00:00,0.9975,1.2739084239224774,0.9714333333333334,-0.2764084239224773,0.2764084239224773,21,Monday,8
2009-08-31 22:00:00,0.8949333333333332,0.8420838717427119,2.5673000000000004,0.0528494615906213,0.0528494615906213,22,Monday,8
2009-08-31 23:00:00,0.3907333333333333,0.6135249944861061,0.9975,-0.2227916611527727,0.2227916611527727,23,Monday,8
2009-09-01 00:00:00,0.4071333333333333,0.4379926028042937,0.8949333333333332,-0.0308592694709604,0.0308592694709604,0,Tuesday,9
2009-09-01 01:00:00,0.3302,0.385649092222553,0.3907333333333333,-0.055449092222553,0.055449092222553,1,Tuesday,9
2009-09-01 02:00:00,0.3944999999999999,0.390582231852515,0.4071333333333333,0.0039177681474848,0.0039177681474848,2,Tuesday,9
2009-09-01 03:00:00,0.3789666666666667,0.3976755514638244,0.3302,-0.0187088847971577,0.0187088847971577,3,Tuesday,9
2009-09-01 04:00:00,0.3436666666666667,0.4233982022307124,0.3944999999999999,-0.0797315355640457,0.0797315355640457,4,Tuesday,9
2009-09-01 05:00:00,0.7050333333333333,0.8774261860569427,0.3789666666666667,-0.1723928527236093,0.1723928527236093,5,Tuesday,9
2009-09-01 06:00:00,1.7084333333333332,1.535945381488875,0.3436666666666667,0.1724879518444582,0.1724879518444582,6,Tuesday,9
2009-09-01 07:00:00,1.284266666666667,1.466319440604945,0.7050333333333333,-0.182052773938278,0.182052773938278,7,Tuesday,9
2009-09-01 08:00:00,0.5770333333333333,1.2724599234502445,1.7084333333333332,-0.6954265901169112,0.6954265901169112,8,Tuesday,9
2009-09-01 09:00:00,0.3282333333333333,0.9669533629686604,1.284266666666667,-0.638720029635327,0.638720029635327,9,Tuesday,9
2009-09-01 10:00:00,0.3884333333333333,0.8657299703033439,0.5770333333333333,-0.4772966369700105,0.4772966369700105,10,Tuesday,9
2009-09-01 11:00:00,0.3295666666666667,0.6311211526037974,0.3282333333333333,-0.3015544859371307,0.3015544859371307,11,Tuesday,9
2009-09-01 12:00:00,0.3614333333333333,0.6100081780836915,0.3884333333333333,-0.2485748447503581,0.2485748447503581,12,Tuesday,9
2009-09-01 13:00:00,0.3517666666666666,0.6012019019962445,0.3295666666666667,-0.2494352353295778,0.2494352353295778,13,Tuesday,9
2009-09-01 14:00:00,0.3242,0.6195405079753943,0.3614333333333333,-0.2953405079753943,0.2953405079753943,14,Tuesday,9
2009-09-01 15:00:00,0.4275,0.6227061990439198,0.3517666666666666,-0.1952061990439197,0.1952061990439197,15,Tuesday,9
2009-09-01 16:00:00,0.6763666666666667,0.6067350931220362,0.3242,0.0696315735446304,0.0696315735446304,16,Tuesday,9
2009-09-01 17:00:00,0.9155666666666666,0.86521842544611,0.4275,0.0503482412205565,0.0503482412205565,17,Tuesday,9
2009-09-01 18:00:00,0.7271666666666667,1.2690806270146375,0.6763666666666667,-0.5419139603479708,0.5419139603479708,18,Tuesday,9
2009-09-01 19:00:00,2.187933333333333,1.705482962770138,0.9155666666666666,0.482450370563195,0.482450370563195,19,Tuesday,9
2009-09-01 20:00:00,1.5540333333333334,1.7794672447767483,0.7271666666666667,-0.2254339114434149,0.2254339114434149,20,Tuesday,9
2009-09-01 21:00:00,0.8606666666666667,1.6283066391585317,2.187933333333333,-0.767639972491865,0.767639972491865,21,Tuesday,9
2009-09-01 22:00:00,0.3894333333333333,0.8189090524536484,1.5540333333333334,-0.4294757191203151,0.4294757191203151,22,Tuesday,9
2009-09-01 23:00:00,0.4004,0.5259336710897183,0.8606666666666667,-0.1255336710897183,0.1255336710897183,23,Tuesday,9
2009-09-02 00:00:00,0.3160333333333333,0.3839525232106839,0.3894333333333333,-0.0679191898773506,0.0679191898773506,0,Wednesday,9
2009-09-02 01:00:00,0.3887666666666666,0.3839525232106839,0.4004,0.0048141434559826,0.0048141434559826,1,Wednesday,9
2009-09-02 02:00:00,0.3316666666666666,0.3691983837055596,0.3160333333333333,-0.037531717038893,0.037531717038893,2,Wednesday,9
2009-09-02 03:00:00,0.3387,0.3965466792135644,0.3887666666666666,-0.0578466792135644,0.0578466792135644,3,Wednesday,9
2009-09-02 04:00:00,0.9913666666666666,0.403820528107545,0.3316666666666666,0.5875461385591216,0.5875461385591216,4,Wednesday,9
2009-09-02 05:00:00,0.8448,0.8377092926147942,0.3387,0.0070907073852057,0.0070907073852057,5,Wednesday,9
2009-09-02 06:00:00,1.9884666666666664,1.3003215965467856,0.9913666666666666,0.6881450701198808,0.6881450701198808,6,Wednesday,9
2009-09-02 07:00:00,1.9201333333333328,1.37698398231999,0.8448,0.5431493510133429,0.5431493510133429,7,Wednesday,9
2009-09-02 08:00:00,1.8943,1.3928805557079114,1.9884666666666664,0.5014194442920887,0.5014194442920887,8,Wednesday,9
2009-09-02 09:00:00,1.4450333333333334,1.3160185437060397,1.9201333333333328,0.1290147896272937,0.1290147896272937,9,Wednesday,9
2009-09-02 10:00:00,1.3762666666666667,1.3445846116179772,1.8943,0.0316820550486895,0.0316820550486895,10,Wednesday,9
2009-09-02 11:00:00,0.8036333333333333,0.9491171099640336,1.4450333333333334,-0.1454837766307003,0.1454837766307003,11,Wednesday,9
2009-09-02 12:00:00,0.5177666666666666,0.8757626286319746,1.3762666666666667,-0.357995961965308,0.357995961965308,12,Wednesday,9
2009-09-02 13:00:00,0.3727333333333333,0.7371224217923362,0.8036333333333333,-0.3643890884590029,0.3643890884590029,13,Wednesday,9
2009-09-02 14:00:00,0.3477666666666666,0.7371401501081506,0.5177666666666666,-0.389373483441484,0.389373483441484,14,Wednesday,9
2009-09-02 15:00:00,0.3645333333333333,0.702354750120528,0.3727333333333333,-0.3378214167871946,0.3378214167871946,15,Wednesday,9
2009-09-02 16:00:00,0.4153,0.6875542225002679,0.3477666666666666,-0.2722542225002679,0.2722542225002679,16,Wednesday,9
2009-09-02 17:00:00,0.3414666666666666,0.9105574217572434,0.3645333333333333,-0.5690907550905768,0.5690907550905768,17,Wednesday,9
2009-09-02 18:00:00,0.4409666666666666,1.4027668986588555,0.4153,-0.9618002319921888,0.9618002319921888,18,Wednesday,9
2009-09-02 19:00:00,1.855033333333333,1.617910604521343,0.3414666666666666,0.2371227288119901,0.2371227288119901,19,Wednesday,9
2009-09-02 20:00:00,1.7404666666666666,1.7218853743486882,0.4409666666666666,0.0185812923179784,0.0185812923179784,20,Wednesday,9
2009-09-02 21:00:00,0.5408000000000001,1.5499633177446512,1.855033333333333,-1.009163317744651,1.009163317744651,21,Wednesday,9
2009-09-02 22:00:00,0.4038333333333333,0.8047837899296111,1.7404666666666666,-0.4009504565962777,0.4009504565962777,22,Wednesday,9
2009-09-02 23:00:00,0.4244,0.5727381685998103,0.5408000000000001,-0.1483381685998103,0.1483381685998103,23,Wednesday,9
2009-09-03 00:00:00,0.3587333333333333,0.385649092222553,0.4038333333333333,-0.0269157588892197,0.0269157588892197,0,Thursday,9
2009-09-03 01:00:00,0.3391333333333333,0.3869123910211242,0.4244,-0.0477790576877909,0.0477790576877909,1,Thursday,9
2009-09-03 02:00:00,0.3972333333333333,0.390582231852515,0.3587333333333333,0.0066511014808182,0.0066511014808182,2,Thursday,9
2009-09-03 03:00:00,0.3075666666666666,0.3959715770120092,0.3391333333333333,-0.0884049103453426,0.0884049103453426,3,Thursday,9
2009-09-03 04:00:00,0.35,0.4139752698110179,0.3972333333333333,-0.0639752698110179,0.0639752698110179,4,Thursday,9
2009-09-03 05:00:00,1.0477,0.8532480385958127,0.3075666666666666,0.1944519614041874,0.1944519614041874,5,Thursday,9
2009-09-03 06:00:00,1.255866666666667,1.45539898604991,0.35,-0.199532319383243,0.199532319383243,6,Thursday,9
2009-09-03 07:00:00,0.8825,1.3978225054451985,1.0477,-0.5153225054451983,0.5153225054451983,7,Thursday,9
2009-09-03 08:00:00,1.1742333333333337,1.044882094378623,1.255866666666667,0.1293512389547106,0.1293512389547106,8,Thursday,9
2009-09-03 09:00:00,1.4186333333333332,0.9152796717603594,0.8825,0.5033536615729738,0.5033536615729738,9,Thursday,9
2009-09-03 10:00:00,1.1209,0.8163669081219824,1.1742333333333337,0.3045330918780176,0.3045330918780176,10,Thursday,9
2009-09-03 11:00:00,1.1502666666666668,0.937332927485825,1.4186333333333332,0.2129337391808418,0.2129337391808418,11,Thursday,9
2009-09-03 12:00:00,1.5354,0.7170104706877612,1.1209,0.8183895293122389,0.8183895293122389,12,Thursday,9
2009-09-03 13:00:00,1.4940666666666669,0.7166237099078242,1.1502666666666668,0.7774429567588427,0.7774429567588427,13,Thursday,9
2009-09-03 14:00:00,0.5917,0.9997530216481134,1.5354,-0.4080530216481134,0.4080530216481134,14,Thursday,9
2009-09-03 15:00:00,0.4138333333333333,0.9434335900296076,1.4940666666666669,-0.5296002566962743,0.5296002566962743,15,Thursday,9
2009-09-03 16:00:00,0.4619333333333333,0.7490256783008383,0.5917,-0.287092344967505,0.287092344967505,16,Thursday,9
2009-09-03 17:00:00,0.3873333333333333,0.9396808348710092,0.4138333333333333,-0.5523475015376758,0.5523475015376758,17,Thursday,9
2009-09-03 18:00:00,0.6268333333333334,1.3795630715228966,0.4619333333333333,-0.7527297381895632,0.7527297381895632,18,Thursday,9
2009-09-03 19:00:00,0.7402666666666666,1.504203301349809,0.3873333333333333,-0.7639366346831424,0.7639366346831424,19,Thursday,9
2009-09-03 20:00:00,2.1715,1.9949692186449253,0.6268333333333334,0.1765307813550747,0.1765307813550747,20,Thursday,9
2009-09-03 21:00:00,1.872966666666667,1.2514782322967892,0.7402666666666666,0.6214884343698777,0.6214884343698777,21,Thursday,9
2009-09-03 22:00:00,0.3301333333333333,0.7933993802688732,2.1715,-0.4632660469355399,0.4632660469355399,22,Thursday,9
2009-09-03 23:00:00,0.3506333333333333,0.5618086136049067,1.872966666666667,-0.2111752802715734,0.2111752802715734,23,Thursday,9
2009-09-04 00:00:00,0.3260666666666666,0.3898482368890798,0.3301333333333333,-0.0637815702224132,0.0637815702224132,0,Friday,9
2009-09-04 01:00:00,0.3163999999999999,0.3957945843559642,0.3506333333333333,-0.0793945843559643,0.0793945843559643,1,Friday,9
2009-09-04 02:00:00,0.3732333333333333,0.393531608940136,0.3260666666666666,-0.0202982756068026,0.0202982756068026,2,Friday,9
2009-09-04 03:00:00,0.2548333333333333,0.3785559690903472,0.3163999999999999,-0.1237226357570139,0.1237226357570139,3,Friday,9
2009-09-04 04:00:00,0.3484,0.4109410950495902,0.3732333333333333,-0.0625410950495902,0.0625410950495902,4,Friday,9
2009-09-04 05:00:00,1.0894333333333333,0.744978262876469,0.2548333333333333,0.3444550704568643,0.3444550704568643,5,Friday,9
2009-09-04 06:00:00,1.868,1.474952328076604,0.3484,0.3930476719233959,0.3930476719233959,6,Friday,9
2009-09-04 07:00:00,1.6454,1.3279428516165197,1.0894333333333333,0.3174571483834802,0.3174571483834802,7,Friday,9
2009-09-04 08:00:00,1.3638333333333332,1.3005384096789605,1.868,0.0632949236543727,0.0632949236543727,8,Friday,9
2009-09-04 09:00:00,1.4010666666666665,1.168180383794781,1.6454,0.2328862828718854,0.2328862828718854,9,Friday,9
2009-09-04 10:00:00,0.5948,0.957716381512282,1.3638333333333332,-0.362916381512282,0.362916381512282,10,Friday,9
2009-09-04 11:00:00,0.3065666666666666,0.9303429465333192,1.4010666666666665,-0.6237762798666526,0.6237762798666526,11,Friday,9
2009-09-04 12:00:00,0.3658,0.852193076480438,0.5948,-0.4863930764804379,0.4863930764804379,12,Friday,9
2009-09-04 13:00:00,0.3176333333333333,0.6635469398630747,0.3065666666666666,-0.3459136065297413,0.3459136065297413,13,Friday,9
2009-09-04 14:00:00,0.6455666666666667,0.6270547145507797,0.3658,0.018511952115887,0.018511952115887,14,Friday,9
2009-09-04 15:00:00,0.3652333333333333,0.6830704001188316,0.3176333333333333,-0.3178370667854983,0.3178370667854983,15,Friday,9
2009-09-04 16:00:00,0.3573333333333333,0.7809384448904669,0.6455666666666667,-0.4236051115571336,0.4236051115571336,16,Friday,9
2009-09-04 17:00:00,0.3167666666666667,0.940020548574047,0.3652333333333333,-0.6232538819073803,0.6232538819073803,17,Friday,9
2009-09-04 18:00:00,1.0524666666666669,1.3883770996149214,0.3573333333333333,-0.3359104329482545,0.3359104329482545,18,Friday,9
2009-09-04 19:00:00,1.9569,1.5114104662913697,0.3167666666666667,0.4454895337086304,0.4454895337086304,19,Friday,9
2009-09-04 20:00:00,0.6337333333333334,1.6717895229398154,1.0524666666666669,-1.0380561896064822,1.0380561896064822,20,Friday,9
2009-09-04 21:00:00,0.4435666666666666,1.5645965065191043,1.9569,-1.121029839852438,1.121029839852438,21,Friday,9
2009-09-04 22:00:00,0.3794666666666667,0.6958234224961993,0.6337333333333334,-0.3163567558295326,0.3163567558295326,22,Friday,9
2009-09-04 23:00:00,0.2620333333333333,0.5666762791683263,0.4435666666666666,-0.304642945834993,0.304642945834993,23,Friday,9
2009-09-05 00:00:00,0.3572333333333333,0.3839525232106839,0.3794666666666667,-0.0267191898773506,0.0267191898773506,0,Saturday,9
2009-09-05 01:00:00,0.2920666666666667,0.3644619277690883,0.2620333333333333,-0.0723952611024216,0.0723952611024216,1,Saturday,9
2009-09-05 02:00:00,0.3498333333333333,0.3866139916272216,0.3572333333333333,-0.0367806582938883,0.0367806582938883,2,Saturday,9
2009-09-05 03:00:00,0.3132666666666666,0.3840903104869864,0.2920666666666667,-0.0708236438203198,0.0708236438203198,3,Saturday,9
2009-09-05 04:00:00,1.013966666666667,0.3688476902430438,0.3498333333333333,0.6451189764236231,0.6451189764236231,4,Saturday,9
2009-09-05 05:00:00,0.6302666666666668,0.6998608764111185,0.3132666666666666,-0.0695942097444517,0.0695942097444517,5,Saturday,9
2009-09-05 06:00:00,1.7282666666666666,1.074608810068851,1.013966666666667,0.653657856597816,0.653657856597816,6,Saturday,9
2009-09-05 07:00:00,1.4876,1.0499051952007958,0.6302666666666668,0.4376948047992042,0.4376948047992042,7,Saturday,9
2009-09-05 08:00:00,1.403233333333333,1.3731360061751705,1.7282666666666666,0.0300973271581628,0.0300973271581628,8,Saturday,9
2009-09-05 09:00:00,1.0948666666666669,1.2086070685081989,1.4876,-0.1137404018415317,0.1137404018415317,9,Saturday,9
2009-09-05 10:00:00,2.0424,1.1672858374609631,1.403233333333333,0.8751141625390371,0.8751141625390371,10,Saturday,9
2009-09-05 11:00:00,2.1665666666666668,1.0376315185131002,1.0948666666666669,1.1289351481535663,1.1289351481535663,11,Saturday,9
2009-09-05 12:00:00,1.7651,1.5194239317270608,2.0424,0.245676068272939,0.245676068272939,12,Saturday,9
2009-09-05 13:00:00,1.7688666666666668,1.5507817461542512,2.1665666666666668,0.2180849205124155,0.2180849205124155,13,Saturday,9
2009-09-05 14:00:00,1.4188,1.4548188211342086,1.7651,-0.0360188211342085,0.0360188211342085,14,Saturday,9
2009-09-05 15:00:00,0.6225666666666666,1.413694240103636,1.7688666666666668,-0.7911275734369693,0.7911275734369693,15,Saturday,9
2009-09-05 16:00:00,1.4483,1.2666233853713051,1.4188,0.1816766146286947,0.1816766146286947,16,Saturday,9
2009-09-05 17:00:00,1.1990666666666667,1.2874789963069826,0.6225666666666666,-0.0884123296403158,0.0884123296403158,17,Saturday,9
2009-09-05 18:00:00,1.6274666666666666,2.1252308784750458,1.4483,-0.4977642118083791,0.4977642118083791,18,Saturday,9
2009-09-05 19:00:00,0.4720666666666667,1.857294319895889,1.1990666666666667,-1.3852276532292225,1.3852276532292225,19,Saturday,9
2009-09-05 20:00:00,0.6433333333333333,2.0781554797919006,1.6274666666666666,-1.434822146458567,1.434822146458567,20,Saturday,9
2009-09-05 21:00:00,0.5677,1.0585726340642476,0.4720666666666667,-0.4908726340642476,0.4908726340642476,21,Saturday,9
2009-09-05 22:00:00,0.5562333333333334,0.9319022514141088,0.6433333333333333,-0.3756689180807755,0.3756689180807755,22,Saturday,9
2009-09-05 23:00:00,0.4135666666666667,0.6430065601400944,0.5677,-0.2294398934734277,0.2294398934734277,23,Saturday,9
2009-09-06 00:00:00,0.4105333333333333,0.3884378931754498,0.5562333333333334,0.0220954401578835,0.0220954401578835,0,Sunday,9
2009-09-06 01:00:00,0.7194333333333333,0.3921404876872611,0.4135666666666667,0.3272928456460721,0.3272928456460721,1,Sunday,9
2009-09-06 02:00:00,0.3414333333333333,0.3831736463694153,0.4105333333333333,-0.041740313036082,0.041740313036082,2,Sunday,9
2009-09-06 03:00:00,0.3068333333333333,0.4145192273033499,0.7194333333333333,-0.1076858939700166,0.1076858939700166,3,Sunday,9
2009-09-06 04:00:00,0.3783333333333333,0.4126563105474811,0.3414333333333333,-0.0343229772141478,0.0343229772141478,4,Sunday,9
2009-09-06 05:00:00,0.2918333333333333,0.6828769188204628,0.3068333333333333,-0.3910435854871295,0.3910435854871295,5,Sunday,9
2009-09-06 06:00:00,0.3181666666666666,0.7026901765026972,0.3783333333333333,-0.3845235098360305,0.3845235098360305,6,Sunday,9
2009-09-06 07:00:00,0.5197333333333334,0.73210231936399,0.2918333333333333,-0.2123689860306565,0.2123689860306565,7,Sunday,9
2009-09-06 08:00:00,1.0991333333333335,0.9332289787542906,0.3181666666666666,0.1659043545790429,0.1659043545790429,8,Sunday,9
2009-09-06 09:00:00,1.1673333333333331,1.148029535232579,0.5197333333333334,0.0193037981007544,0.0193037981007544,9,Sunday,9
2009-09-06 10:00:00,1.6858,1.1079484084034112,1.0991333333333335,0.5778515915965887,0.5778515915965887,10,Sunday,9
2009-09-06 11:00:00,2.0008,1.2609008134581383,1.1673333333333331,0.7398991865418616,0.7398991865418616,11,Sunday,9
2009-09-06 12:00:00,0.9635,1.56820887252116,1.6858,-0.60470887252116,0.60470887252116,12,Sunday,9
2009-09-06 13:00:00,0.7124333333333334,1.576351031325432,2.0008,-0.8639176979920987,0.8639176979920987,13,Sunday,9
2009-09-06 14:00:00,0.3197666666666666,1.0694404925732628,0.9635,-0.7496738259065963,0.7496738259065963,14,Sunday,9
2009-09-06 15:00:00,0.3884,0.995690462913591,0.7124333333333334,-0.6072904629135909,0.6072904629135909,15,Sunday,9
2009-09-06 16:00:00,0.3270333333333333,0.8141871023624696,0.3197666666666666,-0.4871537690291363,0.4871537690291363,16,Sunday,9
2009-09-06 17:00:00,0.7139333333333333,1.0739563220574044,0.3884,-0.3600229887240711,0.3600229887240711,17,Sunday,9
2009-09-06 18:00:00,0.9386333333333332,1.3436483085199518,0.3270333333333333,-0.4050149751866185,0.4050149751866185,18,Sunday,9
2009-09-06 19:00:00,2.4406000000000003,1.914390331752916,0.7139333333333333,0.5262096682470847,0.5262096682470847,19,Sunday,9
2009-09-06 20:00:00,2.594866666666667,1.3356060901465798,0.9386333333333332,1.259260576520087,1.259260576520087,20,Sunday,9
2009-09-06 21:00:00,1.0866333333333331,1.5593465038974146,2.4406000000000003,-0.4727131705640814,0.4727131705640814,21,Sunday,9
2009-09-06 22:00:00,0.3384333333333333,0.98962211543697,2.594866666666667,-0.6511887821036366,0.6511887821036366,22,Sunday,9
2009-09-06 23:00:00,0.2545333333333333,0.4596764114212502,1.0866333333333331,-0.2051430780879169,0.2051430780879169,23,Sunday,9
2009-09-07 00:00:00,0.2651333333333333,0.3729716044489166,0.3384333333333333,-0.1078382711155833,0.1078382711155833,0,Monday,9
2009-09-07 01:00:00,0.2950666666666667,0.3304554835062235,0.2545333333333333,-0.0353888168395568,0.0353888168395568,1,Monday,9
2009-09-07 02:00:00,0.2388666666666666,0.3604395001496287,0.2651333333333333,-0.1215728334829621,0.1215728334829621,2,Monday,9
2009-09-07 03:00:00,0.3006,0.3572279319269792,0.2950666666666667,-0.0566279319269792,0.0566279319269792,3,Monday,9
2009-09-07 04:00:00,0.2324999999999999,0.4092389217110393,0.2388666666666666,-0.1767389217110394,0.1767389217110394,4,Monday,9
2009-09-07 05:00:00,0.7781,0.8242989715902179,0.3006,-0.0461989715902179,0.0461989715902179,5,Monday,9
2009-09-07 06:00:00,2.115466666666667,1.120137437964713,0.2324999999999999,0.9953292287019536,0.9953292287019536,6,Monday,9
2009-09-07 07:00:00,1.3800666666666668,1.3538295904018849,0.7781,0.0262370762647821,0.0262370762647821,7,Monday,9
2009-09-07 08:00:00,1.3448666666666669,1.3220141504475822,2.115466666666667,0.0228525162190846,0.0228525162190846,8,Monday,9
2009-09-07 09:00:00,1.274166666666667,0.9510649650354116,1.3800666666666668,0.3231017016312554,0.3231017016312554,9,Monday,9
2009-09-07 10:00:00,0.4867666666666667,0.7999260597871971,1.3448666666666669,-0.3131593931205304,0.3131593931205304,10,Monday,9
2009-09-07 11:00:00,0.2476666666666666,0.7894674241188872,1.274166666666667,-0.5418007574522206,0.5418007574522206,11,Monday,9
2009-09-07 12:00:00,0.3001,0.8304823409298783,0.4867666666666667,-0.5303823409298782,0.5303823409298782,12,Monday,9
2009-09-07 13:00:00,0.2332333333333333,0.4771010234060349,0.2476666666666666,-0.2438676900727016,0.2438676900727016,13,Monday,9
2009-09-07 14:00:00,0.2788666666666666,0.5858279902686853,0.3001,-0.3069613236020186,0.3069613236020186,14,Monday,9
2009-09-07 15:00:00,0.2647666666666667,0.5536130606939051,0.2332333333333333,-0.2888463940272384,0.2888463940272384,15,Monday,9
2009-09-07 16:00:00,0.2295666666666666,0.5802534696513753,0.2788666666666666,-0.3506868029847086,0.3506868029847086,16,Monday,9
2009-09-07 17:00:00,0.5307333333333334,0.7147888266438381,0.2647666666666667,-0.1840554933105047,0.1840554933105047,17,Monday,9
2009-09-07 18:00:00,1.8663333333333327,1.2559910635012697,0.2295666666666666,0.6103422698320631,0.6103422698320631,18,Monday,9
2009-09-07 19:00:00,2.334866666666666,1.7022205968188435,0.5307333333333334,0.6326460698478225,0.6326460698478225,19,Monday,9
2009-09-07 20:00:00,3.1496666666666666,2.4402582671740323,1.8663333333333327,0.7094083994926343,0.7094083994926343,20,Monday,9
2009-09-07 21:00:00,1.0275,1.6152559010577754,2.334866666666666,-0.5877559010577753,0.5877559010577753,21,Monday,9
2009-09-07 22:00:00,0.9282,0.9002942392361112,3.1496666666666666,0.0279057607638888,0.0279057607638888,22,Monday,9
2009-09-07 23:00:00,0.3999333333333333,0.5808679127680787,1.0275,-0.1809345794347454,0.1809345794347454,23,Monday,9
2009-09-08 00:00:00,0.3101,0.4099766882486265,0.9282,-0.0998766882486265,0.0998766882486265,0,Tuesday,9
2009-09-08 01:00:00,0.2589333333333333,0.3717491112747452,0.3999333333333333,-0.1128157779414119,0.1128157779414119,1,Tuesday,9
2009-09-08 02:00:00,0.2935666666666667,0.361345119267596,0.3101,-0.0677784526009293,0.0677784526009293,2,Tuesday,9
2009-09-08 03:00:00,0.2467666666666666,0.3417945775815913,0.2589333333333333,-0.0950279109149247,0.0950279109149247,3,Tuesday,9
2009-09-08 04:00:00,0.2742666666666666,0.3801616444990748,0.2935666666666667,-0.1058949778324082,0.1058949778324082,4,Tuesday,9
2009-09-08 05:00:00,0.7067666666666667,0.6555377244076874,0.2467666666666666,0.0512289422589792,0.0512289422589792,5,Tuesday,9
2009-09-08 06:00:00,1.5982999999999998,1.4774176058206354,0.2742666666666666,0.1208823941793644,0.1208823941793644,6,Tuesday,9
2009-09-08 07:00:00,1.7633666666666667,1.556347376400626,0.7067666666666667,0.2070192902660406,0.2070192902660406,7,Tuesday,9
2009-09-08 08:00:00,1.3272000000000002,1.2657873446951562,1.5982999999999998,0.0614126553048439,0.0614126553048439,8,Tuesday,9
2009-09-08 09:00:00,1.3716666666666666,1.29851663272537,1.7633666666666667,0.0731500339412964,0.0731500339412964,9,Tuesday,9
2009-09-08 10:00:00,1.25,0.8865786052869812,1.3272000000000002,0.3634213947130188,0.3634213947130188,10,Tuesday,9
2009-09-08 11:00:00,0.2633333333333333,0.8947505872181303,1.3716666666666666,-0.631417253884797,0.631417253884797,11,Tuesday,9
2009-09-08 12:00:00,0.2650666666666667,0.747339250706671,1.25,-0.4822725840400043,0.4822725840400043,12,Tuesday,9
2009-09-08 13:00:00,0.2375666666666666,0.5339239684187405,0.2633333333333333,-0.2963573017520738,0.2963573017520738,13,Tuesday,9
2009-09-08 14:00:00,0.3198,0.5308193845969972,0.2650666666666667,-0.2110193845969972,0.2110193845969972,14,Tuesday,9
2009-09-08 15:00:00,0.2615666666666666,0.4652840035965265,0.2375666666666666,-0.2037173369298598,0.2037173369298598,15,Tuesday,9
2009-09-08 16:00:00,0.4321,0.643317260495169,0.3198,-0.211217260495169,0.211217260495169,16,Tuesday,9
2009-09-08 17:00:00,0.5066333333333334,0.6614168904616009,0.2615666666666666,-0.1547835571282675,0.1547835571282675,17,Tuesday,9
2009-09-08 18:00:00,0.6052,1.4753920515300183,0.4321,-0.8701920515300186,0.8701920515300186,18,Tuesday,9
2009-09-08 19:00:00,1.1984666666666668,1.7184585245962969,0.5066333333333334,-0.5199918579296301,0.5199918579296301,19,Tuesday,9
2009-09-08 20:00:00,2.5901,1.9177416254692967,0.6052,0.6723583745307034,0.6723583745307034,20,Tuesday,9
2009-09-08 21:00:00,1.3019666666666665,1.350294224463047,1.1984666666666668,-0.0483275577963804,0.0483275577963804,21,Tuesday,9
2009-09-08 22:00:00,0.3215666666666666,0.8913045678509872,2.5901,-0.5697379011843207,0.5697379011843207,22,Tuesday,9
2009-09-08 23:00:00,0.3678666666666667,0.5023704274760394,1.3019666666666665,-0.1345037608093727,0.1345037608093727,23,Tuesday,9
2009-09-09 00:00:00,0.3594666666666667,0.371735028079402,0.3215666666666666,-0.0122683614127352,0.0122683614127352,0,Wednesday,9
2009-09-09 01:00:00,0.2556,0.385649092222553,0.3678666666666667,-0.130049092222553,0.130049092222553,1,Wednesday,9
2009-09-09 02:00:00,0.3063,0.3641694659854055,0.3594666666666667,-0.0578694659854055,0.0578694659854055,2,Wednesday,9
2009-09-09 03:00:00,0.2542,0.3498947035926772,0.2556,-0.0956947035926772,0.0956947035926772,3,Wednesday,9
2009-09-09 04:00:00,0.3200333333333333,0.3595957764874224,0.3063,-0.0395624431540891,0.0395624431540891,4,Wednesday,9
2009-09-09 05:00:00,0.5216666666666667,0.7780900631727439,0.2542,-0.2564233965060771,0.2564233965060771,5,Wednesday,9
2009-09-09 06:00:00,1.9178666666666664,1.5230284096854825,0.3200333333333333,0.3948382569811839,0.3948382569811839,6,Wednesday,9
2009-09-09 07:00:00,1.4242333333333337,1.421826372201081,0.5216666666666667,0.0024069611322523,0.0024069611322523,7,Wednesday,9
2009-09-09 08:00:00,1.3266,1.4361946077706285,1.9178666666666664,-0.1095946077706284,0.1095946077706284,8,Wednesday,9
2009-09-09 09:00:00,1.4889333333333332,1.1620305972988016,1.4242333333333337,0.3269027360345315,0.3269027360345315,9,Wednesday,9
2009-09-09 10:00:00,1.5909666666666666,0.9742360518154768,1.3266,0.6167306148511897,0.6167306148511897,10,Wednesday,9
2009-09-09 11:00:00,0.9267333333333332,1.0508045574518057,1.4889333333333332,-0.1240712241184724,0.1240712241184724,11,Wednesday,9
2009-09-09 12:00:00,2.0181,1.058625225256391,1.5909666666666666,0.959474774743609,0.959474774743609,12,Wednesday,9
2009-09-09 13:00:00,1.6568,0.7812550510723624,0.9267333333333332,0.8755449489276377,0.8755449489276377,13,Wednesday,9
2009-09-09 14:00:00,0.4179,1.3141432096281864,2.0181,-0.8962432096281865,0.8962432096281865,14,Wednesday,9
2009-09-09 15:00:00,0.4779666666666667,1.0899636784547784,1.6568,-0.6119970117881117,0.6119970117881117,15,Wednesday,9
2009-09-09 16:00:00,0.6099333333333333,0.696680368050083,0.4179,-0.0867470347167497,0.0867470347167497,16,Wednesday,9
2009-09-09 17:00:00,0.4022333333333333,0.8618847177148237,0.4779666666666667,-0.4596513843814904,0.4596513843814904,17,Wednesday,9
2009-09-09 18:00:00,1.5702666666666665,1.5241935933652708,0.6099333333333333,0.0460730733013956,0.0460730733013956,18,Wednesday,9
2009-09-09 19:00:00,2.12,1.6795489874035412,0.4022333333333333,0.4404510125964589,0.4404510125964589,19,Wednesday,9
2009-09-09 20:00:00,2.6363,1.9680579030777212,1.5702666666666665,0.6682420969222784,0.6682420969222784,20,Wednesday,9
2009-09-09 21:00:00,2.074333333333333,1.515960133398183,2.12,0.5583731999351502,0.5583731999351502,21,Wednesday,9
2009-09-09 22:00:00,0.3114333333333333,0.7887074578775777,2.6363,-0.4772741245442444,0.4772741245442444,22,Wednesday,9
2009-09-09 23:00:00,0.2921333333333333,0.5783116949738814,2.074333333333333,-0.286178361640548,0.286178361640548,23,Wednesday,9
2009-09-10 00:00:00,0.3044333333333334,0.3880708448622644,0.3114333333333333,-0.083637511528931,0.083637511528931,0,Thursday,9
2009-09-10 01:00:00,0.2139,0.3756536815154287,0.2921333333333333,-0.1617536815154287,0.1617536815154287,1,Thursday,9
2009-09-10 02:00:00,0.3198333333333333,0.3493098124722823,0.3044333333333334,-0.029476479138949,0.029476479138949,2,Thursday,9
2009-09-10 03:00:00,0.2608666666666667,0.36420326584051,0.2139,-0.1033365991738433,0.1033365991738433,3,Thursday,9
2009-09-10 04:00:00,0.2909333333333333,0.3702463428507532,0.3198333333333333,-0.0793130095174199,0.0793130095174199,4,Thursday,9
2009-09-10 05:00:00,0.4119333333333334,0.8851469249256537,0.2608666666666667,-0.4732135915923203,0.4732135915923203,5,Thursday,9
2009-09-10 06:00:00,2.1269,1.7927834995691103,0.2909333333333333,0.3341165004308895,0.3341165004308895,6,Thursday,9
2009-09-10 07:00:00,1.6848999999999998,1.6760427256817054,0.4119333333333334,0.0088572743182944,0.0088572743182944,7,Thursday,9
2009-09-10 08:00:00,1.3247666666666666,1.3507082204160852,2.1269,-0.0259415537494185,0.0259415537494185,8,Thursday,9
2009-09-10 09:00:00,0.7029666666666667,1.1323055615006186,1.6848999999999998,-0.4293388948339518,0.4293388948339518,9,Thursday,9
2009-09-10 10:00:00,0.2568666666666667,0.8938110731739323,1.3247666666666666,-0.6369444065072656,0.6369444065072656,10,Thursday,9
2009-09-10 11:00:00,0.2933666666666666,0.8080341062651225,0.7029666666666667,-0.5146674395984558,0.5146674395984558,11,Thursday,9
2009-09-10 12:00:00,0.2607666666666667,0.5385869011636392,0.2568666666666667,-0.2778202344969724,0.2778202344969724,12,Thursday,9
2009-09-10 13:00:00,0.2507666666666666,0.5802484424768718,0.2933666666666666,-0.3294817758102052,0.3294817758102052,13,Thursday,9
2009-09-10 14:00:00,0.3011666666666667,0.5990675913608274,0.2607666666666667,-0.2979009246941607,0.2979009246941607,14,Thursday,9
2009-09-10 15:00:00,0.2470333333333333,0.5037191639347166,0.2507666666666666,-0.2566858306013833,0.2566858306013833,15,Thursday,9
2009-09-10 16:00:00,0.3233666666666667,0.6020317900524734,0.3011666666666667,-0.2786651233858067,0.2786651233858067,16,Thursday,9
2009-09-10 17:00:00,0.4193,0.7971508857014025,0.2470333333333333,-0.3778508857014024,0.3778508857014024,17,Thursday,9
2009-09-10 18:00:00,1.9647,1.189766259579643,0.3233666666666667,0.7749337404203569,0.7749337404203569,18,Thursday,9
2009-09-10 19:00:00,1.6135333333333333,1.8950029400899144,0.4193,-0.2814696067565811,0.2814696067565811,19,Thursday,9
2009-09-10 20:00:00,2.643666666666667,2.326074391065155,1.9647,0.3175922756015117,0.3175922756015117,20,Thursday,9
2009-09-10 21:00:00,1.4982,1.605007193193835,1.6135333333333333,-0.106807193193835,0.106807193193835,21,Thursday,9
2009-09-10 22:00:00,0.5329333333333334,0.8498857344886455,2.643666666666667,-0.3169524011553121,0.3169524011553121,22,Thursday,9
2009-09-10 23:00:00,0.6764,0.5391187840610965,1.4982,0.1372812159389035,0.1372812159389035,23,Thursday,9
2009-09-11 00:00:00,0.6020333333333333,0.3965059892603041,0.5329333333333334,0.2055273440730291,0.2055273440730291,0,Friday,9
2009-09-11 01:00:00,0.2792666666666666,0.4210831751128414,0.6764,-0.1418165084461748,0.1418165084461748,1,Friday,9
2009-09-11 02:00:00,0.2624,0.3911378578945553,0.6020333333333333,-0.1287378578945553,0.1287378578945553,2,Friday,9
2009-09-11 03:00:00,0.3083333333333333,0.3785559690903472,0.2792666666666666,-0.0702226357570139,0.0702226357570139,3,Friday,9
2009-09-11 04:00:00,0.2717666666666666,0.3593038451167015,0.2624,-0.0875371784500348,0.0875371784500348,4,Friday,9
2009-09-11 05:00:00,0.7977000000000001,0.804094003929836,0.3083333333333333,-0.0063940039298359,0.0063940039298359,5,Friday,9
2009-09-11 06:00:00,1.6969999999999998,1.3749513190022205,0.2717666666666666,0.3220486809977794,0.3220486809977794,6,Friday,9
2009-09-11 07:00:00,1.451,1.5294322986802005,0.7977000000000001,-0.0784322986802001,0.0784322986802001,7,Friday,9
2009-09-11 08:00:00,1.6476333333333335,1.3158519911291535,1.6969999999999998,0.3317813422041797,0.3317813422041797,8,Friday,9
2009-09-11 09:00:00,1.3143,1.0983629894862657,1.451,0.2159370105137343,0.2159370105137343,9,Friday,9
2009-09-11 10:00:00,1.3121,1.1662654013574083,1.6476333333333335,0.1458345986425917,0.1458345986425917,10,Friday,9
2009-09-11 11:00:00,1.3389666666666666,0.7838376263718763,1.3143,0.5551290402947904,0.5551290402947904,11,Friday,9
2009-09-11 12:00:00,1.2067,0.8271735431413222,1.3121,0.3795264568586779,0.3795264568586779,12,Friday,9
2009-09-11 13:00:00,0.2829333333333333,0.7889704285797422,1.3389666666666666,-0.5060370952464088,0.5060370952464088,13,Friday,9
2009-09-11 14:00:00,0.2519,0.7383697068388982,1.2067,-0.4864697068388982,0.4864697068388982,14,Friday,9
2009-09-11 15:00:00,0.3112,0.5866106112369103,0.2829333333333333,-0.2754106112369103,0.2754106112369103,15,Friday,9
2009-09-11 16:00:00,0.2577,0.4539722218939861,0.2519,-0.1962722218939861,0.1962722218939861,16,Friday,9
2009-09-11 17:00:00,0.5677333333333333,0.7816826313689981,0.3112,-0.2139492980356647,0.2139492980356647,17,Friday,9
2009-09-11 18:00:00,0.8345,1.0401732151690886,0.2577,-0.2056732151690885,0.2056732151690885,18,Friday,9
2009-09-11 19:00:00,2.3120333333333334,1.935985685432508,0.5677333333333333,0.3760476479008257,0.3760476479008257,19,Friday,9
2009-09-11 20:00:00,1.3027333333333333,1.9658073693104596,0.8345,-0.6630740359771261,0.6630740359771261,20,Friday,9
2009-09-11 21:00:00,0.6492,1.5026357958946968,2.3120333333333334,-0.8534357958946968,0.8534357958946968,21,Friday,9
2009-09-11 22:00:00,0.3002333333333333,0.7085363384500724,1.3027333333333333,-0.408303005116739,0.408303005116739,22,Friday,9
2009-09-11 23:00:00,0.2576333333333333,0.4530133272808828,0.6492,-0.1953799939475494,0.1953799939475494,23,Friday,9
2009-09-12 00:00:00,0.3173666666666667,0.3804383277026796,0.3002333333333333,-0.0630716610360129,0.0630716610360129,0,Saturday,9
2009-09-12 01:00:00,0.9017666666666668,0.3709822709881229,0.2576333333333333,0.5307843956785439,0.5307843956785439,1,Saturday,9
2009-09-12 02:00:00,0.2971666666666666,0.3645008534282645,0.3173666666666667,-0.0673341867615979,0.0673341867615979,2,Saturday,9
2009-09-12 03:00:00,0.2607666666666667,0.4653218921957496,0.9017666666666668,-0.2045552255290829,0.2045552255290829,3,Saturday,9
2009-09-12 04:00:00,0.2821,0.3811569025878817,0.2971666666666666,-0.0990569025878817,0.0990569025878817,4,Saturday,9
2009-09-12 05:00:00,0.5425000000000001,0.676250323772225,0.2607666666666667,-0.1337503237722249,0.1337503237722249,5,Saturday,9
2009-09-12 06:00:00,1.8783333333333327,1.0570673711909833,0.2821,0.8212659621423495,0.8212659621423495,6,Saturday,9
2009-09-12 07:00:00,1.9007,1.287786333793546,0.5425000000000001,0.612913666206454,0.612913666206454,7,Saturday,9
2009-09-12 08:00:00,1.3277666666666663,1.4257934545321187,1.8783333333333327,-0.0980267878654523,0.0980267878654523,8,Saturday,9
2009-09-12 09:00:00,1.0430666666666668,1.4043638324521517,1.9007,-0.3612971657854846,0.3612971657854846,9,Saturday,9
2009-09-12 10:00:00,1.0055666666666667,1.0808378488772898,1.3277666666666663,-0.0752711822106231,0.0752711822106231,10,Saturday,9
2009-09-12 11:00:00,1.4360333333333335,1.0996325669824576,1.0430666666666668,0.3364007663508759,0.3364007663508759,11,Saturday,9
2009-09-12 12:00:00,0.8703666666666667,1.1184100877949412,1.0055666666666667,-0.2480434211282745,0.2480434211282745,12,Saturday,9
2009-09-12 13:00:00,1.4399000000000002,1.139580444315283,1.4360333333333335,0.3003195556847171,0.3003195556847171,13,Saturday,9
2009-09-12 14:00:00,0.8200000000000001,0.9884596217354804,0.8703666666666667,-0.1684596217354802,0.1684596217354802,14,Saturday,9
2009-09-12 15:00:00,1.0043666666666666,1.064817894042794,1.4399000000000002,-0.0604512273761272,0.0604512273761272,15,Saturday,9
2009-09-12 16:00:00,1.2734333333333334,1.04784962344148,0.8200000000000001,0.2255837098918534,0.2255837098918534,16,Saturday,9
2009-09-12 17:00:00,1.8209,1.0829183486736722,1.0043666666666666,0.7379816513263278,0.7379816513263278,17,Saturday,9
2009-09-12 18:00:00,3.0616666666666665,1.6692323356617305,1.2734333333333334,1.392434331004936,1.392434331004936,18,Saturday,9
2009-09-12 19:00:00,2.3269333333333337,2.2048274992475774,1.8209,0.1221058340857563,0.1221058340857563,19,Saturday,9
2009-09-12 20:00:00,4.300333333333333,2.657911528597981,3.0616666666666665,1.6424218047353518,1.6424218047353518,20,Saturday,9
2009-09-12 21:00:00,4.4504,1.5877392335252578,2.3269333333333337,2.8626607664747423,2.8626607664747423,21,Saturday,9
2009-09-12 22:00:00,1.5869,1.480506235182708,4.300333333333333,0.1063937648172919,0.1063937648172919,22,Saturday,9
2009-09-12 23:00:00,0.3841,1.5374841156999992,4.4504,-1.153384115699999,1.153384115699999,23,Saturday,9
2009-09-13 00:00:00,0.2641333333333333,0.6861365092506391,1.5869,-0.4220031759173058,0.4220031759173058,0,Sunday,9
2009-09-13 01:00:00,0.2861333333333333,0.4055330781637538,0.3841,-0.1193997448304205,0.1193997448304205,1,Sunday,9
2009-09-13 02:00:00,0.29,0.3925180530834942,0.2641333333333333,-0.1025180530834942,0.1025180530834942,2,Sunday,9
2009-09-13 03:00:00,0.2602,0.3678862117500348,0.2861333333333333,-0.1076862117500348,0.1076862117500348,3,Sunday,9
2009-09-13 04:00:00,0.3018666666666666,0.3766768349238508,0.29,-0.0748101682571841,0.0748101682571841,4,Sunday,9
2009-09-13 05:00:00,0.2516333333333333,0.5693285028510394,0.2602,-0.3176951695177061,0.3176951695177061,5,Sunday,9
2009-09-13 06:00:00,1.022333333333333,0.6399940765024255,0.3018666666666666,0.3823392568309076,0.3823392568309076,6,Sunday,9
2009-09-13 07:00:00,0.3190333333333333,0.6941708432377985,0.2516333333333333,-0.3751375099044652,0.3751375099044652,7,Sunday,9
2009-09-13 08:00:00,0.3694,1.1760953689930482,1.022333333333333,-0.8066953689930483,0.8066953689930483,8,Sunday,9
2009-09-13 09:00:00,0.9216333333333334,1.0025851674133277,0.3190333333333333,-0.0809518340799942,0.0809518340799942,9,Sunday,9
2009-09-13 10:00:00,1.4587666666666663,1.0908006263720935,0.3694,0.3679660402945726,0.3679660402945726,10,Sunday,9
2009-09-13 11:00:00,1.790266666666667,1.1611695349422924,0.9216333333333334,0.6290971317243745,0.6290971317243745,11,Sunday,9
2009-09-13 12:00:00,1.458,1.417211205627381,1.4587666666666663,0.0407887943726192,0.0407887943726192,12,Sunday,9
2009-09-13 13:00:00,1.1811333333333331,1.565214522684525,1.790266666666667,-0.3840811893511919,0.3840811893511919,13,Sunday,9
2009-09-13 14:00:00,1.0369,1.2379516159497992,1.458,-0.2010516159497992,0.2010516159497992,14,Sunday,9
2009-09-13 15:00:00,0.5796666666666667,1.0334712484309054,1.1811333333333331,-0.4538045817642387,0.4538045817642387,15,Sunday,9
2009-09-13 16:00:00,1.8195,1.1366471385414372,1.0369,0.6828528614585627,0.6828528614585627,16,Sunday,9
2009-09-13 17:00:00,1.3832666666666666,1.103443641654938,0.5796666666666667,0.2798230250117286,0.2798230250117286,17,Sunday,9
2009-09-13 18:00:00,1.1313333333333333,2.1950279978372764,1.8195,-1.0636946645039431,1.0636946645039431,18,Sunday,9
2009-09-13 19:00:00,2.2357333333333336,2.0868319356858245,1.3832666666666666,0.1489013976475091,0.1489013976475091,19,Sunday,9
2009-09-13 20:00:00,2.7872,1.91873779420723,1.1313333333333333,0.8684622057927698,0.8684622057927698,20,Sunday,9
2009-09-13 21:00:00,2.7842,1.6196566602413192,2.2357333333333336,1.1645433397586806,1.1645433397586806,21,Sunday,9
2009-09-13 22:00:00,1.8773666666666664,0.9577260370537212,2.7872,0.9196406296129452,0.9196406296129452,22,Sunday,9
2009-09-13 23:00:00,0.6542333333333333,0.8621002918493578,2.7842,-0.2078669585160244,0.2078669585160244,23,Sunday,9
2009-09-14 00:00:00,0.3516333333333333,0.6989621912966131,1.8773666666666664,-0.3473288579632798,0.3473288579632798,0,Monday,9
2009-09-14 01:00:00,0.3576333333333333,0.3987833222512487,0.6542333333333333,-0.0411499889179153,0.0411499889179153,1,Monday,9
2009-09-14 02:00:00,0.3132,0.3955164292577475,0.3516333333333333,-0.0823164292577475,0.0823164292577475,2,Monday,9
2009-09-14 03:00:00,0.3289333333333333,0.4044872408545824,0.3576333333333333,-0.075553907521249,0.075553907521249,3,Monday,9
2009-09-14 04:00:00,0.3054333333333333,0.3869926904912063,0.3132,-0.081559357157873,0.081559357157873,4,Monday,9
2009-09-14 05:00:00,1.1616333333333335,0.9971971652846572,0.3289333333333333,0.1644361680486764,0.1644361680486764,5,Monday,9
2009-09-14 06:00:00,2.4623,1.5766775258129435,0.3054333333333333,0.8856224741870564,0.8856224741870564,6,Monday,9
2009-09-14 07:00:00,1.4734333333333334,1.7112288285987816,1.1616333333333335,-0.2377954952654482,0.2377954952654482,7,Monday,9
2009-09-14 08:00:00,1.5693,1.4154530496201636,2.4623,0.1538469503798363,0.1538469503798363,8,Monday,9
2009-09-14 09:00:00,1.7105666666666666,1.170651984842804,1.4734333333333334,0.5399146818238627,0.5399146818238627,9,Monday,9
2009-09-14 10:00:00,3.0472,1.0846550621665416,1.5693,1.9625449378334583,1.9625449378334583,10,Monday,9
2009-09-14 11:00:00,0.8466333333333333,1.1312399110358788,1.7105666666666666,-0.2846065777025455,0.2846065777025455,11,Monday,9
2009-09-14 12:00:00,0.6967666666666666,1.2764408810778338,3.0472,-0.5796742144111672,0.5796742144111672,12,Monday,9
2009-09-14 13:00:00,0.6956000000000001,0.685920174001669,0.8466333333333333,0.009679825998331,0.009679825998331,13,Monday,9
2009-09-14 14:00:00,0.6183666666666667,0.6072327799970184,0.6967666666666666,0.0111338866696483,0.0111338866696483,14,Monday,9
2009-09-14 15:00:00,0.5573,0.6152639823642954,0.6956000000000001,-0.0579639823642953,0.0579639823642953,15,Monday,9
2009-09-14 16:00:00,0.3388,0.6034612141201796,0.6183666666666667,-0.2646612141201796,0.2646612141201796,16,Monday,9
2009-09-14 17:00:00,1.0447333333333333,0.8053130856902915,0.5573,0.2394202476430418,0.2394202476430418,17,Monday,9
2009-09-14 18:00:00,1.6266666666666665,1.4498706142081357,0.3388,0.1767960524585308,0.1767960524585308,18,Monday,9
2009-09-14 19:00:00,1.7553,1.863035216778619,1.0447333333333333,-0.1077352167786189,0.1077352167786189,19,Monday,9
2009-09-14 20:00:00,2.3280000000000003,2.1789665116887216,1.6266666666666665,0.1490334883112787,0.1490334883112787,20,Monday,9
2009-09-14 21:00:00,0.9539666666666666,1.5414555292318537,1.7553,-0.5874888625651868,0.5874888625651868,21,Monday,9
2009-09-14 22:00:00,1.05,0.8031316567008459,2.3280000000000003,0.2468683432991542,0.2468683432991542,22,Monday,9
2009-09-14 23:00:00,0.8278333333333333,0.450921839501304,0.9539666666666666,0.3769114938320293,0.3769114938320293,23,Monday,9
2009-09-15 00:00:00,0.3378,0.4418152183231198,1.05,-0.1040152183231198,0.1040152183231198,0,Tuesday,9
2009-09-15 01:00:00,0.3044666666666666,0.4192964494637854,0.8278333333333333,-0.1148297827971188,0.1148297827971188,1,Tuesday,9
2009-09-15 02:00:00,0.3265666666666666,0.4092645966743316,0.3378,-0.082697930007665,0.082697930007665,2,Tuesday,9
2009-09-15 03:00:00,0.3319,0.3931602839202472,0.3044666666666666,-0.0612602839202472,0.0612602839202472,3,Tuesday,9
2009-09-15 04:00:00,0.2429666666666666,0.4276605748051451,0.3265666666666666,-0.1846939081384784,0.1846939081384784,4,Tuesday,9
2009-09-15 05:00:00,0.6644,1.025921141393925,0.3319,-0.3615211413939251,0.3615211413939251,5,Tuesday,9
2009-09-15 06:00:00,1.373033333333333,1.9419222134552292,0.2429666666666666,-0.5688888801218963,0.5688888801218963,6,Tuesday,9
2009-09-15 07:00:00,1.7886333333333333,1.7855775407628736,0.6644,0.0030557925704597,0.0030557925704597,7,Tuesday,9
2009-09-15 08:00:00,1.3577,1.267640715887245,1.373033333333333,0.0900592841127549,0.0900592841127549,8,Tuesday,9
2009-09-15 09:00:00,1.3660333333333334,1.374473183508313,1.7886333333333333,-0.0084398501749796,0.0084398501749796,9,Tuesday,9
2009-09-15 10:00:00,1.1151000000000002,1.1068214553684448,1.3577,0.0082785446315554,0.0082785446315554,10,Tuesday,9
2009-09-15 11:00:00,0.3032333333333333,1.064839474094721,1.3660333333333334,-0.7616061407613877,0.7616061407613877,11,Tuesday,9
2009-09-15 12:00:00,0.3503,0.7617560696579829,1.1151000000000002,-0.4114560696579829,0.4114560696579829,12,Tuesday,9
2009-09-15 13:00:00,0.2467,0.5124643484355259,0.3032333333333333,-0.2657643484355259,0.2657643484355259,13,Tuesday,9
2009-09-15 14:00:00,0.3575,0.6205793472826827,0.3503,-0.2630793472826827,0.2630793472826827,14,Tuesday,9
2009-09-15 15:00:00,0.3345666666666667,0.4637865749417315,0.2467,-0.1292199082750648,0.1292199082750648,15,Tuesday,9
2009-09-15 16:00:00,0.3928666666666666,0.6697313071710697,0.3575,-0.276864640504403,0.276864640504403,16,Tuesday,9
2009-09-15 17:00:00,0.3119333333333333,0.9557664493474204,0.3345666666666667,-0.6438331160140871,0.6438331160140871,17,Tuesday,9
2009-09-15 18:00:00,2.2414666666666667,1.704519300364753,0.3928666666666666,0.5369473663019138,0.5369473663019138,18,Tuesday,9
2009-09-15 19:00:00,3.516633333333333,1.9108032628010745,0.3119333333333333,1.6058300705322588,1.6058300705322588,19,Tuesday,9
2009-09-15 20:00:00,2.9521,2.3369516277680487,2.2414666666666667,0.6151483722319515,0.6151483722319515,20,Tuesday,9
2009-09-15 21:00:00,1.7257,1.6735718266087265,3.516633333333333,0.0521281733912737,0.0521281733912737,21,Tuesday,9
2009-09-15 22:00:00,1.5106666666666666,0.8651525339400435,2.9521,0.6455141327266231,0.6455141327266231,22,Tuesday,9
2009-09-15 23:00:00,0.3525999999999999,0.5278399046420456,1.7257,-0.1752399046420456,0.1752399046420456,23,Tuesday,9
2009-09-16 00:00:00,0.3844666666666667,0.5870647490342104,1.5106666666666666,-0.2025980823675436,0.2025980823675436,0,Wednesday,9
2009-09-16 01:00:00,0.2908333333333333,0.3905150395153453,0.3525999999999999,-0.099681706182012,0.099681706182012,1,Wednesday,9
2009-09-16 02:00:00,0.2979,0.4384974994228833,0.3844666666666667,-0.1405974994228833,0.1405974994228833,2,Wednesday,9
2009-09-16 03:00:00,0.3055666666666666,0.388150301088023,0.2908333333333333,-0.0825836344213564,0.0825836344213564,3,Wednesday,9
2009-09-16 04:00:00,1.0373333333333334,0.3946988500863073,0.2979,0.6426344832470261,0.6426344832470261,4,Wednesday,9
2009-09-16 05:00:00,0.8276666666666667,0.8971233367316945,0.3055666666666666,-0.0694566700650278,0.0694566700650278,5,Wednesday,9
2009-09-16 06:00:00,2.7293000000000003,1.6097757229632783,1.0373333333333334,1.119524277036722,1.119524277036722,6,Wednesday,9
2009-09-16 07:00:00,1.6560666666666668,1.7107222553631938,0.8276666666666667,-0.0546555886965269,0.0546555886965269,7,Wednesday,9
2009-09-16 08:00:00,1.3493333333333333,1.4691215063048435,2.7293000000000003,-0.1197881729715102,0.1197881729715102,8,Wednesday,9
2009-09-16 09:00:00,1.4192,1.2577877834364284,1.6560666666666668,0.1614122165635716,0.1614122165635716,9,Wednesday,9
2009-09-16 10:00:00,1.7684,1.1609022451539377,1.3493333333333333,0.6074977548460623,0.6074977548460623,10,Wednesday,9
2009-09-16 11:00:00,3.1045666666666665,1.1859612800101782,1.4192,1.9186053866564885,1.9186053866564885,11,Wednesday,9
2009-09-16 12:00:00,1.3870333333333331,1.3442763972175895,1.7684,0.0427569361157436,0.0427569361157436,12,Wednesday,9
2009-09-16 13:00:00,0.4859,1.4867036666374294,3.1045666666666665,-1.0008036666374294,1.0008036666374294,13,Wednesday,9
2009-09-16 14:00:00,0.453,1.02087029672905,1.3870333333333331,-0.5678702967290499,0.5678702967290499,14,Wednesday,9
2009-09-16 15:00:00,0.3582666666666666,0.6330496983221674,0.4859,-0.2747830316555008,0.2747830316555008,15,Wednesday,9
2009-09-16 16:00:00,0.2542999999999999,0.687443157942968,0.453,-0.433143157942968,0.433143157942968,16,Wednesday,9
2009-09-16 17:00:00,0.3822,0.9793549531531168,0.3582666666666666,-0.5971549531531167,0.5971549531531167,17,Wednesday,9
2009-09-16 18:00:00,0.9602,1.0257568587855057,0.2542999999999999,-0.0655568587855056,0.0655568587855056,18,Wednesday,9
2009-09-16 19:00:00,3.0126,1.8922986838493183,0.3822,1.1203013161506814,1.1203013161506814,19,Wednesday,9
2009-09-16 20:00:00,2.9689,2.1073552880560262,0.9602,0.8615447119439739,0.8615447119439739,20,Wednesday,9
2009-09-16 21:00:00,1.7751333333333332,1.680581306248642,3.0126,0.0945520270846911,0.0945520270846911,21,Wednesday,9
2009-09-16 22:00:00,1.4919333333333331,0.8616838496165875,2.9689,0.6302494837167456,0.6302494837167456,22,Wednesday,9
2009-09-16 23:00:00,0.3319,0.5799520723836186,1.7751333333333332,-0.2480520723836186,0.2480520723836186,23,Wednesday,9
2009-09-17 00:00:00,0.3522333333333333,0.5767380776628319,1.4919333333333331,-0.2245047443294986,0.2245047443294986,0,Thursday,9
2009-09-17 01:00:00,0.2724666666666666,0.3877227084153528,0.3319,-0.1152560417486862,0.1152560417486862,1,Thursday,9
2009-09-17 02:00:00,0.3219333333333333,0.3626818493139788,0.3522333333333333,-0.0407485159806454,0.0407485159806454,2,Thursday,9
2009-09-17 03:00:00,0.3488666666666666,0.3741041620863826,0.2724666666666666,-0.025237495419716,0.025237495419716,3,Thursday,9
2009-09-17 04:00:00,0.3073666666666667,0.3990120731042219,0.3219333333333333,-0.0916454064375552,0.0916454064375552,4,Thursday,9
2009-09-17 05:00:00,0.4790333333333333,1.0650063915095649,0.3488666666666666,-0.5859730581762316,0.5859730581762316,5,Thursday,9
2009-09-17 06:00:00,1.9077333333333333,1.8734592708660232,0.3073666666666667,0.0342740624673101,0.0342740624673101,6,Thursday,9
2009-09-17 07:00:00,1.7913333333333334,1.833408654543494,0.4790333333333333,-0.0420753212101605,0.0420753212101605,7,Thursday,9
2009-09-17 08:00:00,1.3501666666666667,1.3798216206111682,1.9077333333333333,-0.0296549539445014,0.0296549539445014,8,Thursday,9
2009-09-17 09:00:00,1.4609,1.2702521411916106,1.7913333333333334,0.1906478588083895,0.1906478588083895,9,Thursday,9
2009-09-17 10:00:00,1.3833,1.0199447094734213,1.3501666666666667,0.3633552905265786,0.3633552905265786,10,Thursday,9
2009-09-17 11:00:00,1.3934333333333333,1.0221497063288096,1.4609,0.3712836270045236,0.3712836270045236,11,Thursday,9
2009-09-17 12:00:00,1.4028333333333334,0.8681944494286831,1.3833,0.5346388839046503,0.5346388839046503,12,Thursday,9
2009-09-17 13:00:00,0.4575666666666667,0.8715780982639951,1.3934333333333333,-0.4140114315973284,0.4140114315973284,13,Thursday,9
2009-09-17 14:00:00,0.3324666666666667,0.8639883639768179,1.4028333333333334,-0.5315216973101512,0.5315216973101512,14,Thursday,9
2009-09-17 15:00:00,0.2687,0.636435056762022,0.4575666666666667,-0.3677350567620219,0.3677350567620219,15,Thursday,9
2009-09-17 16:00:00,0.2915666666666666,0.6582504875423845,0.3324666666666667,-0.3666838208757179,0.3666838208757179,16,Thursday,9
2009-09-17 17:00:00,0.5464333333333333,0.8023794606631836,0.2687,-0.2559461273298502,0.2559461273298502,17,Thursday,9
2009-09-17 18:00:00,1.0174999999999998,1.328719732295157,0.2915666666666666,-0.3112197322951571,0.3112197322951571,18,Thursday,9
2009-09-17 19:00:00,1.2795999999999998,2.41396310784376,0.5464333333333333,-1.1343631078437602,1.1343631078437602,19,Thursday,9
2009-09-17 20:00:00,1.6195,2.403813981062299,1.0174999999999998,-0.784313981062299,0.784313981062299,20,Thursday,9
2009-09-17 21:00:00,1.0235,1.385104064065541,1.2795999999999998,-0.3616040640655409,0.3616040640655409,21,Thursday,9
2009-09-17 22:00:00,0.4501,0.836982802303259,1.6195,-0.386882802303259,0.386882802303259,22,Thursday,9
2009-09-17 23:00:00,0.3099,0.4386278080674438,1.0235,-0.1287278080674438,0.1287278080674438,23,Thursday,9
2009-09-18 00:00:00,0.3087333333333333,0.3956027716562848,0.4501,-0.0868694383229515,0.0868694383229515,0,Friday,9
2009-09-18 01:00:00,0.2748,0.3839781260463392,0.3099,-0.1091781260463392,0.1091781260463392,1,Friday,9
2009-09-18 02:00:00,0.3220333333333333,0.3674584994127946,0.3087333333333333,-0.0454251660794613,0.0454251660794613,2,Friday,9
2009-09-18 03:00:00,0.3075,0.3755941748793158,0.2748,-0.0680941748793158,0.0680941748793158,3,Friday,9
2009-09-18 04:00:00,0.253,0.4120982428618146,0.3220333333333333,-0.1590982428618146,0.1590982428618146,4,Friday,9
2009-09-18 05:00:00,0.3964,0.8947760406021628,0.3075,-0.4983760406021628,0.4983760406021628,5,Friday,9
2009-09-18 06:00:00,1.6424,1.4154697088739367,0.253,0.2269302911260633,0.2269302911260633,6,Friday,9
2009-09-18 07:00:00,2.254166666666667,1.688941276552433,0.3964,0.5652253901142339,0.5652253901142339,7,Friday,9
2009-09-18 08:00:00,1.8882,1.3260027408953066,1.6424,0.5621972591046935,0.5621972591046935,8,Friday,9
2009-09-18 09:00:00,1.4019,1.5152892737226165,2.254166666666667,-0.1133892737226165,0.1133892737226165,9,Friday,9
2009-09-18 10:00:00,1.5415,1.3665022159142337,1.8882,0.1749977840857663,0.1749977840857663,10,Friday,9
2009-09-18 11:00:00,1.3410333333333333,1.1237969159183556,1.4019,0.2172364174149776,0.2172364174149776,11,Friday,9
2009-09-18 12:00:00,0.3011333333333333,1.149860649316386,1.5415,-0.8487273159830528,0.8487273159830528,12,Friday,9
2009-09-18 13:00:00,0.2042333333333333,0.9721364271653604,1.3410333333333333,-0.7679030938320272,0.7679030938320272,13,Friday,9
2009-09-18 14:00:00,0.2971666666666666,0.6187319665895983,0.3011333333333333,-0.3215652999229317,0.3215652999229317,14,Friday,9
2009-09-18 15:00:00,0.2401,0.4499198230298581,0.2042333333333333,-0.2098198230298581,0.2098198230298581,15,Friday,9
2009-09-18 16:00:00,0.303,0.628209724161267,0.2971666666666666,-0.325209724161267,0.325209724161267,16,Friday,9
2009-09-18 17:00:00,0.2754666666666666,0.6427593810781936,0.2401,-0.367292714411527,0.367292714411527,17,Friday,9
2009-09-18 18:00:00,1.4121,1.6057801973807015,0.303,-0.1936801973807016,0.1936801973807016,18,Friday,9
2009-09-18 19:00:00,3.3050333333333333,1.9385162012564885,0.2754666666666666,1.366517132076845,1.366517132076845,19,Friday,9
2009-09-18 20:00:00,1.7243333333333333,2.140792077664047,1.4121,-0.4164587443307137,0.4164587443307137,20,Friday,9
2009-09-18 21:00:00,1.7837,1.5827018115807523,3.3050333333333333,0.2009981884192477,0.2009981884192477,21,Friday,9
2009-09-18 22:00:00,0.8127,0.7710460225903902,1.7243333333333333,0.0416539774096097,0.0416539774096097,22,Friday,9
2009-09-18 23:00:00,0.3659666666666666,0.5745814607111678,1.7837,-0.2086147940445011,0.2086147940445011,23,Friday,9
2009-09-19 00:00:00,0.2874333333333333,0.3965465984087341,0.8127,-0.1091132650754007,0.1091132650754007,0,Saturday,9
2009-09-19 01:00:00,0.2904,0.3927867107287696,0.3659666666666666,-0.1023867107287696,0.1023867107287696,1,Saturday,9
2009-09-19 02:00:00,0.3256666666666666,0.3841152149513278,0.2874333333333333,-0.0584485482846611,0.0584485482846611,2,Saturday,9
2009-09-19 03:00:00,0.9081,0.3846967148164038,0.2904,0.5234032851835961,0.5234032851835961,3,Saturday,9
2009-09-19 04:00:00,0.2703333333333333,0.408631699633902,0.3256666666666666,-0.1382983663005687,0.1382983663005687,4,Saturday,9
2009-09-19 05:00:00,0.2819333333333333,0.8318492493342841,0.9081,-0.5499159160009508,0.5499159160009508,5,Saturday,9
2009-09-19 06:00:00,0.4305666666666666,0.9972125869673516,0.2703333333333333,-0.5666459203006848,0.5666459203006848,6,Saturday,9
2009-09-19 07:00:00,0.7233999999999999,1.7019490497705083,0.2819333333333333,-0.9785490497705084,0.9785490497705084,7,Saturday,9
2009-09-19 08:00:00,1.5997,1.4974705983324506,0.4305666666666666,0.1022294016675493,0.1022294016675493,8,Saturday,9
2009-09-19 09:00:00,2.0886666666666667,1.2372833060924993,0.7233999999999999,0.8513833605741674,0.8513833605741674,9,Saturday,9
2009-09-19 10:00:00,1.9147666666666665,1.4187455882596058,1.5997,0.4960210784070606,0.4960210784070606,10,Saturday,9
2009-09-19 11:00:00,1.8031666666666664,1.6022662634127016,2.0886666666666667,0.2009004032539647,0.2009004032539647,11,Saturday,9
2009-09-19 12:00:00,3.3284,1.5725429448597328,1.9147666666666665,1.755857055140267,1.755857055140267,12,Saturday,9
2009-09-19 13:00:00,1.7225,1.5039893768839874,1.8031666666666664,0.2185106231160125,0.2185106231160125,13,Saturday,9
2009-09-19 14:00:00,2.0438,1.7416018310460375,3.3284,0.3021981689539623,0.3021981689539623,14,Saturday,9
2009-09-19 15:00:00,1.4915666666666667,1.4504947324636532,1.7225,0.0410719342030134,0.0410719342030134,15,Saturday,9
2009-09-19 16:00:00,2.6567,1.546256838123416,2.0438,1.110443161876584,1.110443161876584,16,Saturday,9
2009-09-19 17:00:00,1.7375333333333332,1.663310206231397,1.4915666666666667,0.0742231271019362,0.0742231271019362,17,Saturday,9
2009-09-19 18:00:00,1.3823666666666667,2.47883458969144,2.6567,-1.096467923024773,1.096467923024773,18,Saturday,9
2009-09-19 19:00:00,2.379766666666667,2.3149875733166785,1.7375333333333332,0.0647790933499883,0.0647790933499883,19,Saturday,9
2009-09-19 20:00:00,2.8622,2.0657520505563567,1.3823666666666667,0.7964479494436434,0.7964479494436434,20,Saturday,9
2009-09-19 21:00:00,2.012933333333333,1.8920859970516084,2.379766666666667,0.1208473362817244,0.1208473362817244,21,Saturday,9
2009-09-19 22:00:00,2.6873,1.5542539270028026,2.8622,1.1330460729971974,1.1330460729971974,22,Saturday,9
2009-09-19 23:00:00,2.2097333333333333,0.927706449126706,2.012933333333333,1.2820268842066271,1.2820268842066271,23,Saturday,9
2009-09-20 00:00:00,2.390066666666667,1.2620469685946865,2.6873,1.1280196980719803,1.1280196980719803,0,Sunday,9
2009-09-20 01:00:00,0.8977666666666667,0.8956021889248458,2.2097333333333333,0.0021644777418209,0.0021644777418209,1,Sunday,9
2009-09-20 02:00:00,0.3412333333333333,1.2222672738642633,2.390066666666667,-0.88103394053093,0.88103394053093,2,Sunday,9
2009-09-20 03:00:00,0.5320333333333334,0.4836974559532247,0.8977666666666667,0.0483358773801086,0.0483358773801086,3,Sunday,9
2009-09-20 04:00:00,0.3329666666666667,0.4052502007696975,0.3412333333333333,-0.0722835341030307,0.0722835341030307,4,Sunday,9
2009-09-20 05:00:00,0.2828,0.6511373552844404,0.5320333333333334,-0.3683373552844404,0.3683373552844404,5,Sunday,9
2009-09-20 06:00:00,0.3414999999999999,0.7051058058461342,0.3329666666666667,-0.3636058058461343,0.3636058058461343,6,Sunday,9
2009-09-20 07:00:00,0.4602333333333333,0.9377072913371254,0.2828,-0.477473958003792,0.477473958003792,7,Sunday,9
2009-09-20 08:00:00,1.1825666666666668,1.1149202730263197,0.3414999999999999,0.0676463936403473,0.0676463936403473,8,Sunday,9
2009-09-20 09:00:00,0.3613666666666666,1.0946672688849872,0.4602333333333333,-0.7333006022183206,0.7333006022183206,9,Sunday,9
2009-09-20 10:00:00,1.2074,1.412407687447633,1.1825666666666668,-0.2050076874476329,0.2050076874476329,10,Sunday,9
2009-09-20 11:00:00,2.133266666666666,1.2001352218879784,0.3613666666666666,0.9331314447786878,0.9331314447786878,11,Sunday,9
2009-09-20 12:00:00,2.496666666666667,1.3710179613348572,1.2074,1.1256487053318098,1.1256487053318098,12,Sunday,9
2009-09-20 13:00:00,1.8174333333333328,1.684995560403877,2.133266666666666,0.1324377729294557,0.1324377729294557,13,Sunday,9
2009-09-20 14:00:00,1.5365666666666666,1.680076060301643,2.496666666666667,-0.1435093936349762,0.1435093936349762,14,Sunday,9
2009-09-20 15:00:00,1.9388,1.598788197943473,1.8174333333333328,0.340011802056527,0.340011802056527,15,Sunday,9
2009-09-20 16:00:00,1.784433333333333,1.3956244925741628,1.5365666666666666,0.3888088407591703,0.3888088407591703,16,Sunday,9
2009-09-20 17:00:00,1.4744666666666668,2.0097675025264903,1.9388,-0.5353008358598235,0.5353008358598235,17,Sunday,9
2009-09-20 18:00:00,2.2980333333333336,2.3268891817941366,1.784433333333333,-0.028855848460803,0.028855848460803,18,Sunday,9
2009-09-20 19:00:00,2.6526666666666667,2.115316919397983,1.4744666666666668,0.5373497472686837,0.5373497472686837,19,Sunday,9
2009-09-20 20:00:00,2.4833,2.256755493641638,2.2980333333333336,0.2265445063583619,0.2265445063583619,20,Sunday,9
2009-09-20 21:00:00,1.5113333333333334,1.4145585638678406,2.6526666666666667,0.0967747694654928,0.0967747694654928,21,Sunday,9
2009-09-20 22:00:00,1.2555,0.8637070940213318,2.4833,0.3917929059786682,0.3917929059786682,22,Sunday,9
2009-09-20 23:00:00,0.4508999999999999,0.5192131074285377,1.5113333333333334,-0.0683131074285377,0.0683131074285377,23,Sunday,9
2009-09-21 00:00:00,0.8358666666666666,0.4296402534942958,1.2555,0.4062264131723708,0.4062264131723708,0,Monday,9
2009-09-21 01:00:00,0.3150666666666666,0.3711000952135779,0.4508999999999999,-0.0560334285469112,0.0560334285469112,1,Monday,9
2009-09-21 02:00:00,0.3615,0.4148202963036289,0.8358666666666666,-0.0533202963036289,0.0533202963036289,2,Monday,9
2009-09-21 03:00:00,0.3372333333333333,0.368535214677458,0.3150666666666666,-0.0313018813441247,0.0313018813441247,3,Monday,9
2009-09-21 04:00:00,0.3134333333333333,0.4012812028952562,0.3615,-0.0878478695619229,0.0878478695619229,4,Monday,9
2009-09-21 05:00:00,1.0285666666666666,1.022954306319786,0.3372333333333333,0.0056123603468807,0.0056123603468807,5,Monday,9
2009-09-21 06:00:00,2.4107,1.8417066140117304,0.3134333333333333,0.5689933859882694,0.5689933859882694,6,Monday,9
2009-09-21 07:00:00,1.4663666666666666,1.701881060929506,1.0285666666666666,-0.2355143942628395,0.2355143942628395,7,Monday,9
2009-09-21 08:00:00,1.3686666666666667,1.4508925482476596,2.4107,-0.0822258815809928,0.0822258815809928,8,Monday,9
2009-09-21 09:00:00,1.3892,1.1772333324885855,1.4663666666666666,0.2119666675114144,0.2119666675114144,9,Monday,9
2009-09-21 10:00:00,1.395,1.0298989283044504,1.3686666666666667,0.3651010716955496,0.3651010716955496,10,Monday,9
2009-09-21 11:00:00,1.7146666666666666,1.1105449044220588,1.3892,0.6041217622446078,0.6041217622446078,11,Monday,9
2009-09-21 12:00:00,0.6614,0.859286702597903,1.395,-0.1978867025979029,0.1978867025979029,12,Monday,9
2009-09-21 13:00:00,0.3211666666666666,1.0962050371669982,1.7146666666666666,-0.7750383705003316,0.7750383705003316,13,Monday,9
2009-09-21 14:00:00,0.3742666666666666,0.7294921368664447,0.6614,-0.355225470199778,0.355225470199778,14,Monday,9
2009-09-21 15:00:00,0.3315,0.5080460505160596,0.3211666666666666,-0.1765460505160595,0.1765460505160595,15,Monday,9
2009-09-21 16:00:00,0.3393333333333333,0.5209560464161227,0.3742666666666666,-0.1816227130827893,0.1816227130827893,16,Monday,9
2009-09-21 17:00:00,0.3838,0.8094842073090686,0.3315,-0.4256842073090686,0.4256842073090686,17,Monday,9
2009-09-21 18:00:00,1.5195666666666667,1.813007932402046,0.3393333333333333,-0.2934412657353793,0.2934412657353793,18,Monday,9
2009-09-21 19:00:00,2.8789333333333333,2.178519254609308,0.3838,0.7004140787240254,0.7004140787240254,19,Monday,9
2009-09-21 20:00:00,2.184266666666667,2.358617298602542,1.5195666666666667,-0.1743506319358752,0.1743506319358752,20,Monday,9
2009-09-21 21:00:00,0.9009666666666668,1.4901215160094496,2.8789333333333333,-0.5891548493427828,0.5891548493427828,21,Monday,9
2009-09-21 22:00:00,0.3487666666666666,0.8276386194179794,2.184266666666667,-0.4788719527513128,0.4788719527513128,22,Monday,9
2009-09-21 23:00:00,0.3164666666666667,0.4058072113847306,0.9009666666666668,-0.0893405447180639,0.0893405447180639,23,Monday,9
2009-09-22 00:00:00,0.3554333333333333,0.4034873906658186,0.3487666666666666,-0.0480540573324853,0.0480540573324853,0,Tuesday,9
2009-09-22 01:00:00,0.3104333333333333,0.3973751673898772,0.3164666666666667,-0.0869418340565439,0.0869418340565439,1,Tuesday,9
2009-09-22 02:00:00,1.0221333333333331,0.4042546138421074,0.3554333333333333,0.6178787194912256,0.6178787194912256,2,Tuesday,9
2009-09-22 03:00:00,0.3072,0.388150301088023,0.3104333333333333,-0.080950301088023,0.080950301088023,3,Tuesday,9
2009-09-22 04:00:00,0.3399666666666666,0.4990005847306641,1.0221333333333331,-0.1590339180639975,0.1590339180639975,4,Tuesday,9
2009-09-22 05:00:00,0.8081333333333334,0.9881085070690002,0.3072,-0.1799751737356668,0.1799751737356668,5,Tuesday,9
2009-09-22 06:00:00,1.1542666666666668,2.0192436295052483,0.3399666666666666,-0.8649769628385815,0.8649769628385815,6,Tuesday,9
2009-09-22 07:00:00,1.5377666666666667,1.8643276131323527,0.8081333333333334,-0.3265609464656864,0.3265609464656864,7,Tuesday,9
2009-09-22 08:00:00,1.4390666666666665,1.372041045974772,1.1542666666666668,0.0670256206918944,0.0670256206918944,8,Tuesday,9
2009-09-22 09:00:00,1.4387,1.233519927375817,1.5377666666666667,0.205180072624183,0.205180072624183,9,Tuesday,9
2009-09-22 10:00:00,1.0151666666666668,1.1659928567485045,1.4390666666666665,-0.1508261900818377,0.1508261900818377,10,Tuesday,9
2009-09-22 11:00:00,0.2968,1.1019281675326282,1.4387,-0.8051281675326283,0.8051281675326283,11,Tuesday,9
2009-09-22 12:00:00,0.6504,0.815418626704203,1.0151666666666668,-0.1650186267042029,0.1650186267042029,12,Tuesday,9
2009-09-22 13:00:00,0.4843666666666666,0.5373930388445985,0.2968,-0.0530263721779319,0.0530263721779319,13,Tuesday,9
2009-09-22 14:00:00,0.3817,0.7827867638674865,0.6504,-0.4010867638674865,0.4010867638674865,14,Tuesday,9
2009-09-22 15:00:00,0.5952333333333333,0.7146945378387976,0.4843666666666666,-0.1194612045054642,0.1194612045054642,15,Tuesday,9
2009-09-22 16:00:00,1.0055333333333334,0.7204280806411252,0.3817,0.2851052526922082,0.2851052526922082,16,Tuesday,9
2009-09-22 17:00:00,0.7948333333333333,0.9417538472102304,0.5952333333333333,-0.146920513876897,0.146920513876897,17,Tuesday,9
2009-09-22 18:00:00,0.9827,1.6317975244096372,1.0055333333333334,-0.6490975244096372,0.6490975244096372,18,Tuesday,9
2009-09-22 19:00:00,2.108033333333333,2.554256036511179,0.7948333333333333,-0.4462227031778458,0.4462227031778458,19,Tuesday,9
2009-09-22 20:00:00,1.9593666666666667,2.1632164099718665,0.9827,-0.2038497433051997,0.2038497433051997,20,Tuesday,9
2009-09-22 21:00:00,1.0587666666666666,1.5181575348438825,2.108033333333333,-0.4593908681772156,0.4593908681772156,21,Tuesday,9
2009-09-22 22:00:00,0.4131333333333333,0.8171381987136936,1.9593666666666667,-0.4040048653803603,0.4040048653803603,22,Tuesday,9
2009-09-22 23:00:00,0.3654666666666666,0.4921044736726432,1.0587666666666666,-0.1266378070059766,0.1266378070059766,23,Tuesday,9
2009-09-23 00:00:00,0.2392666666666666,0.3930379647629938,0.4131333333333333,-0.1537712980963272,0.1537712980963272,0,Wednesday,9
2009-09-23 01:00:00,0.2645333333333333,0.3930379647629938,0.3654666666666666,-0.1285046314296605,0.1285046314296605,1,Wednesday,9
2009-09-23 02:00:00,0.3099666666666666,0.3578969008147901,0.2392666666666666,-0.0479302341481235,0.0479302341481235,2,Wednesday,9
2009-09-23 03:00:00,0.2474666666666666,0.4090196436837213,0.2645333333333333,-0.1615529770170546,0.1615529770170546,3,Wednesday,9
2009-09-23 04:00:00,0.3003,0.3962431007778369,0.3099666666666666,-0.0959431007778369,0.0959431007778369,4,Wednesday,9
2009-09-23 05:00:00,1.3457333333333332,0.8350291676623224,0.2474666666666666,0.5107041656710108,0.5107041656710108,5,Wednesday,9
2009-09-23 06:00:00,2.3543333333333334,1.896527704414685,0.3003,0.457805628918648,0.457805628918648,6,Wednesday,9
2009-09-23 07:00:00,1.4261666666666666,1.6330964415192388,1.3457333333333332,-0.2069297748525722,0.2069297748525722,7,Wednesday,9
2009-09-23 08:00:00,1.362866666666667,1.4679247788125522,2.3543333333333334,-0.1050581121458853,0.1050581121458853,8,Wednesday,9
2009-09-23 09:00:00,1.9350333333333327,1.1422974178732868,1.4261666666666666,0.792735915460046,0.792735915460046,9,Wednesday,9
2009-09-23 10:00:00,1.7625333333333333,1.1635127394576734,1.362866666666667,0.5990205938756599,0.5990205938756599,10,Wednesday,9
2009-09-23 11:00:00,1.8308,1.4008622984291432,1.9350333333333327,0.4299377015708567,0.4299377015708567,11,Wednesday,9
2009-09-23 12:00:00,1.3608333333333331,1.4160487408720308,1.7625333333333333,-0.0552154075386976,0.0552154075386976,12,Wednesday,9
2009-09-23 13:00:00,1.6343333333333334,1.4004407291953784,1.8308,0.2338926041379549,0.2338926041379549,13,Wednesday,9
2009-09-23 14:00:00,0.7312666666666666,0.8974906769369592,1.3608333333333331,-0.1662240102702925,0.1662240102702925,14,Wednesday,9
2009-09-23 15:00:00,0.2769666666666666,1.1443895478470465,1.6343333333333334,-0.8674228811803797,0.8674228811803797,15,Wednesday,9
2009-09-23 16:00:00,0.3886666666666666,0.7460669252292332,0.7312666666666666,-0.3574002585625666,0.3574002585625666,16,Wednesday,9
2009-09-23 17:00:00,0.4156,0.8616357026421557,0.2769666666666666,-0.4460357026421557,0.4460357026421557,17,Wednesday,9
2009-09-23 18:00:00,1.6211,1.7864075505163373,0.3886666666666666,-0.1653075505163372,0.1653075505163372,18,Wednesday,9
2009-09-23 19:00:00,1.7759666666666665,2.3153282988764747,0.4156,-0.5393616322098083,0.5393616322098083,19,Wednesday,9
2009-09-23 20:00:00,2.036666666666666,2.475291307471175,1.6211,-0.4386246408045089,0.4386246408045089,20,Wednesday,9
2009-09-23 21:00:00,2.3454,1.5275634611249964,1.7759666666666665,0.8178365388750037,0.8178365388750037,21,Wednesday,9
2009-09-23 22:00:00,0.9455666666666668,0.8290828314939583,2.036666666666666,0.1164838351727084,0.1164838351727084,22,Wednesday,9
2009-09-23 23:00:00,0.3111666666666666,0.6635031904836167,2.3454,-0.3523365238169501,0.3523365238169501,23,Wednesday,9
2009-09-24 00:00:00,0.2491333333333333,0.4191410522213249,0.9455666666666668,-0.1700077188879916,0.1700077188879916,0,Thursday,9
2009-09-24 01:00:00,0.3034666666666666,0.345611340399113,0.3111666666666666,-0.0421446737324464,0.0421446737324464,1,Thursday,9
2009-09-24 02:00:00,0.2501666666666666,0.3435995077789255,0.2491333333333333,-0.0934328411122589,0.0934328411122589,2,Thursday,9
2009-09-24 03:00:00,0.2508666666666667,0.3836539955362154,0.3034666666666666,-0.1327873288695487,0.1327873288695487,3,Thursday,9
2009-09-24 04:00:00,0.2567,0.3500511409568239,0.2501666666666666,-0.0933511409568239,0.0933511409568239,4,Thursday,9
2009-09-24 05:00:00,1.0681666666666667,0.8820314829065216,0.2508666666666667,0.1861351837601451,0.1861351837601451,5,Thursday,9
2009-09-24 06:00:00,2.3257666666666665,1.8405376440569816,0.2567,0.4852290226096849,0.4852290226096849,6,Thursday,9
2009-09-24 07:00:00,1.7846000000000002,1.9389497138652851,1.0681666666666667,-0.1543497138652851,0.1543497138652851,7,Thursday,9
2009-09-24 08:00:00,1.3858333333333337,1.4621654009766525,2.3257666666666665,-0.0763320676433187,0.0763320676433187,8,Thursday,9
2009-09-24 09:00:00,1.4608,1.2702521411916106,1.7846000000000002,0.1905478588083895,0.1905478588083895,9,Thursday,9
2009-09-24 10:00:00,0.9264666666666668,1.124265556197406,1.3858333333333337,-0.1977988895307392,0.1977988895307392,10,Thursday,9
2009-09-24 11:00:00,0.4691,1.1690904817388232,1.4608,-0.6999904817388232,0.6999904817388232,11,Thursday,9
2009-09-24 12:00:00,0.2970666666666667,0.896224945578537,0.9264666666666668,-0.5991582789118703,0.5991582789118703,12,Thursday,9
2009-09-24 13:00:00,0.2429666666666666,0.7714854187486654,0.4691,-0.5285187520819987,0.5285187520819987,13,Thursday,9
2009-09-24 14:00:00,0.2514333333333333,0.4772318895424002,0.2970666666666667,-0.2257985562090669,0.2257985562090669,14,Thursday,9
2009-09-24 15:00:00,0.3164999999999999,0.4047844583823466,0.2429666666666666,-0.0882844583823467,0.0882844583823467,15,Thursday,9
2009-09-24 16:00:00,0.2432666666666666,0.4553203906768152,0.2514333333333333,-0.2120537240101486,0.2120537240101486,16,Thursday,9
2009-09-24 17:00:00,0.4592,0.8219241693917151,0.3164999999999999,-0.3627241693917151,0.3627241693917151,17,Thursday,9
2009-09-24 18:00:00,1.8621,1.243263715565281,0.2432666666666666,0.618836284434719,0.618836284434719,18,Thursday,9
2009-09-24 19:00:00,3.6872,2.4406479921580018,0.4592,1.246552007841998,1.246552007841998,19,Thursday,9
2009-09-24 20:00:00,3.071633333333333,2.352747414474543,1.8621,0.7188859188587902,0.7188859188587902,20,Thursday,9
2009-09-24 21:00:00,1.8917,1.6184645238780062,3.6872,0.2732354761219937,0.2732354761219937,21,Thursday,9
2009-09-24 22:00:00,0.4056666666666667,0.9044611758557182,3.071633333333333,-0.4987945091890515,0.4987945091890515,22,Thursday,9
2009-09-24 23:00:00,0.2592333333333333,0.5920109297238848,1.8917,-0.3327775963905515,0.3327775963905515,23,Thursday,9
2009-09-25 00:00:00,0.282,0.3927867107287696,0.4056666666666667,-0.1107867107287696,0.1107867107287696,0,Friday,9
2009-09-25 01:00:00,0.2651333333333333,0.3456767538487854,0.2592333333333333,-0.0805434205154521,0.0805434205154521,1,Friday,9
2009-09-25 02:00:00,0.2881333333333333,0.3767570788284031,0.282,-0.0886237454950698,0.0886237454950698,2,Friday,9
2009-09-25 03:00:00,0.388,0.3570699761084053,0.2651333333333333,0.0309300238915947,0.0309300238915947,3,Friday,9
2009-09-25 04:00:00,0.2398666666666666,0.3736588785564688,0.2881333333333333,-0.1337922118898022,0.1337922118898022,4,Friday,9
2009-09-25 05:00:00,0.4930333333333333,1.003557147621985,0.388,-0.5105238142886513,0.5105238142886513,5,Friday,9
2009-09-25 06:00:00,1.1843333333333337,1.7094649369920816,0.2398666666666666,-0.5251316036587479,0.5251316036587479,6,Friday,9
2009-09-25 07:00:00,1.4410999999999998,2.016145643374609,0.4930333333333333,-0.5750456433746087,0.5750456433746087,7,Friday,9
2009-09-25 08:00:00,1.5844333333333334,1.4834405659811452,1.1843333333333337,0.1009927673521882,0.1009927673521882,8,Friday,9
2009-09-25 09:00:00,1.3312666666666668,1.3213097455245997,1.4410999999999998,0.0099569211420671,0.0099569211420671,9,Friday,9
2009-09-25 10:00:00,1.4253,1.3481955273946729,1.5844333333333334,0.0771044726053271,0.0771044726053271,10,Friday,9
2009-09-25 11:00:00,1.3337333333333334,1.2575186210238072,1.3312666666666668,0.0762147123095262,0.0762147123095262,11,Friday,9
2009-09-25 12:00:00,0.5087333333333334,1.0463846929900265,1.4253,-0.5376513596566931,0.5376513596566931,12,Friday,9
2009-09-25 13:00:00,1.015,0.8084719584080585,1.3337333333333334,0.2065280415919413,0.2065280415919413,13,Friday,9
2009-09-25 14:00:00,0.423,0.6475811708017548,0.5087333333333334,-0.2245811708017548,0.2245811708017548,14,Friday,9
2009-09-25 15:00:00,0.7361333333333333,0.7740176055327962,1.015,-0.0378842721994628,0.0378842721994628,15,Friday,9
2009-09-25 16:00:00,0.4639,0.7382252623944497,0.423,-0.2743252623944497,0.2743252623944497,16,Friday,9
2009-09-25 17:00:00,0.9496,0.9521388501463026,0.7361333333333333,-0.0025388501463026,0.0025388501463026,17,Friday,9
2009-09-25 18:00:00,0.5994333333333334,1.4856662284656657,0.4639,-0.8862328951323323,0.8862328951323323,18,Friday,9
2009-09-25 19:00:00,0.7953333333333333,2.381026409969785,0.9496,-1.5856930766364523,1.5856930766364523,19,Friday,9
2009-09-25 20:00:00,1.7143666666666666,2.339427990824803,0.5994333333333334,-0.6250613241581362,0.6250613241581362,20,Friday,9
2009-09-25 21:00:00,0.8459333333333333,1.3533746549869996,0.7953333333333333,-0.5074413216536663,0.5074413216536663,21,Friday,9
2009-09-25 22:00:00,0.7832666666666667,0.8098852247722765,1.7143666666666666,-0.0266185581056098,0.0266185581056098,22,Friday,9
2009-09-25 23:00:00,0.5019666666666667,0.502815149849448,0.8459333333333333,-0.0008484831827813,0.0008484831827813,23,Friday,9
2009-09-26 00:00:00,0.5581666666666667,0.3733177808733977,0.7832666666666667,0.1848488857932689,0.1848488857932689,0,Saturday,9
2009-09-26 01:00:00,0.3470333333333333,0.3786686159470491,0.5019666666666667,-0.0316352826137158,0.0316352826137158,1,Saturday,9
2009-09-26 02:00:00,0.2533666666666667,0.4265213360608483,0.5581666666666667,-0.1731546693941816,0.1731546693941816,2,Saturday,9
2009-09-26 03:00:00,0.253,0.3985455229165245,0.3470333333333333,-0.1455455229165245,0.1455455229165245,3,Saturday,9
2009-09-26 04:00:00,0.5481,0.3915031592003141,0.2533666666666667,0.1565968407996859,0.1565968407996859,4,Saturday,9
2009-09-26 05:00:00,0.9167666666666666,0.5193642024843731,0.253,0.3974024641822935,0.3974024641822935,5,Saturday,9
2009-09-26 06:00:00,1.8506,1.1684215494584114,0.5481,0.6821784505415887,0.6821784505415887,6,Saturday,9
2009-09-26 07:00:00,2.0557666666666665,1.2576757578766258,0.9167666666666666,0.7980909087900407,0.7980909087900407,7,Saturday,9
2009-09-26 08:00:00,1.7133,1.5752073926939247,1.8506,0.1380926073060753,0.1380926073060753,8,Saturday,9
2009-09-26 09:00:00,1.8208333333333333,1.6578380955862737,2.0557666666666665,0.1629952377470598,0.1629952377470598,9,Saturday,9
2009-09-26 10:00:00,1.1329,1.5814961078734924,1.7133,-0.4485961078734923,0.4485961078734923,10,Saturday,9
2009-09-26 11:00:00,1.1576,1.6577565489092705,1.8208333333333333,-0.5001565489092703,0.5001565489092703,11,Saturday,9
2009-09-26 12:00:00,1.7280666666666666,1.4371602414697555,1.1329,0.2909064251969109,0.2909064251969109,12,Saturday,9
2009-09-26 13:00:00,0.9947,1.3150180601458377,1.1576,-0.3203180601458376,0.3203180601458376,13,Saturday,9
2009-09-26 14:00:00,1.4526,1.4895072951565702,1.7280666666666666,-0.0369072951565703,0.0369072951565703,14,Saturday,9
2009-09-26 15:00:00,2.2772,1.3217608327112134,0.9947,0.9554391672887868,0.9554391672887868,15,Saturday,9
2009-09-26 16:00:00,1.6203666666666665,1.4576221341584117,1.4526,0.1627445325082548,0.1627445325082548,16,Saturday,9
2009-09-26 17:00:00,1.4514666666666665,1.9428579001285653,2.2772,-0.491391233461899,0.491391233461899,17,Saturday,9
2009-09-26 18:00:00,1.4529,2.3324711204252764,1.6203666666666665,-0.8795711204252763,0.8795711204252763,18,Saturday,9
2009-09-26 19:00:00,0.6002666666666666,2.202987495787321,1.4514666666666665,-1.6027208291206545,1.6027208291206545,19,Saturday,9
2009-09-26 20:00:00,0.3396,2.0453814461099413,1.4529,-1.7057814461099414,1.7057814461099414,20,Saturday,9
2009-09-26 21:00:00,0.4049,1.197934701323086,0.6002666666666666,-0.7930347013230858,0.7930347013230858,21,Saturday,9
2009-09-26 22:00:00,0.5061,0.7370580095481637,0.3396,-0.2309580095481637,0.2309580095481637,22,Saturday,9
2009-09-26 23:00:00,0.3305,0.5549894684581133,0.4049,-0.2244894684581132,0.2244894684581132,23,Saturday,9
2009-09-27 00:00:00,0.2822333333333333,0.416539583381084,0.5061,-0.1343062500477507,0.1343062500477507,0,Sunday,9
2009-09-27 01:00:00,0.2568,0.4193154306220661,0.3305,-0.1625154306220662,0.1625154306220662,1,Sunday,9
2009-09-27 02:00:00,0.3297666666666667,0.3986750312333846,0.2822333333333333,-0.0689083645667179,0.0689083645667179,2,Sunday,9
2009-09-27 03:00:00,0.2072,0.3442513965576444,0.2568,-0.1370513965576444,0.1370513965576444,3,Sunday,9
2009-09-27 04:00:00,0.6868666666666667,0.4072314412116014,0.3297666666666667,0.2796352254550653,0.2796352254550653,4,Sunday,9
2009-09-27 05:00:00,0.4911666666666667,0.6006513156712843,0.2072,-0.1094846490046175,0.1094846490046175,5,Sunday,9
2009-09-27 06:00:00,0.2695666666666667,0.8257894116935361,0.6868666666666667,-0.5562227450268695,0.5562227450268695,6,Sunday,9
2009-09-27 07:00:00,0.3327333333333333,0.7975941784148274,0.4911666666666667,-0.464860845081494,0.464860845081494,7,Sunday,9
2009-09-27 08:00:00,0.5617,0.9077216050655652,0.2695666666666667,-0.3460216050655652,0.3460216050655652,8,Sunday,9
2009-09-27 09:00:00,1.3947666666666667,1.2462478462458706,0.3327333333333333,0.1485188204207961,0.1485188204207961,9,Sunday,9
2009-09-27 10:00:00,1.1263666666666663,1.2022115285343975,0.5617,-0.0758448618677312,0.0758448618677312,10,Sunday,9
2009-09-27 11:00:00,0.9217666666666666,1.3050525842006002,1.3947666666666667,-0.3832859175339336,0.3832859175339336,11,Sunday,9
2009-09-27 12:00:00,1.5073666666666663,1.2441605624820309,1.1263666666666663,0.2632061041846356,0.2632061041846356,12,Sunday,9
2009-09-27 13:00:00,1.9304666666666668,1.3241854560710686,0.9217666666666666,0.6062812105955981,0.6062812105955981,13,Sunday,9
2009-09-27 14:00:00,0.5761666666666667,1.288897091285375,1.5073666666666663,-0.7127304246187083,0.7127304246187083,14,Sunday,9
2009-09-27 15:00:00,0.8102333333333332,1.5182605977835706,1.9304666666666668,-0.7080272644502373,0.7080272644502373,15,Sunday,9
2009-09-27 16:00:00,1.3267,1.1300337387339785,0.5761666666666667,0.1966662612660217,0.1966662612660217,16,Sunday,9
2009-09-27 17:00:00,0.4872333333333333,1.2595664084605984,0.8102333333333332,-0.7723330751272651,0.7723330751272651,17,Sunday,9
2009-09-27 18:00:00,0.5283666666666667,2.12597814809555,1.3267,-1.597611481428883,1.597611481428883,18,Sunday,9
2009-09-27 19:00:00,2.7971,2.08807511035045,0.4872333333333333,0.7090248896495499,0.7090248896495499,19,Sunday,9
2009-09-27 20:00:00,2.7097,1.5097936573075057,0.5283666666666667,1.1999063426924943,1.1999063426924943,20,Sunday,9
2009-09-27 21:00:00,2.0767,1.6318183783610691,2.7971,0.4448816216389311,0.4448816216389311,21,Sunday,9
2009-09-27 22:00:00,1.5664,1.0580400647333437,2.7097,0.5083599352666563,0.5083599352666563,22,Sunday,9
2009-09-27 23:00:00,0.5360666666666667,0.6403787489599114,2.0767,-0.1043120822932447,0.1043120822932447,23,Sunday,9
2009-09-28 00:00:00,0.2445333333333333,0.5939912794278929,1.5664,-0.3494579460945596,0.3494579460945596,0,Monday,9
2009-09-28 01:00:00,0.301,0.4208037505727258,0.5360666666666667,-0.1198037505727258,0.1198037505727258,1,Monday,9
2009-09-28 02:00:00,0.2838666666666666,0.3325799933256774,0.2445333333333333,-0.0487133266590107,0.0487133266590107,2,Monday,9
2009-09-28 03:00:00,0.2566333333333333,0.3798931715820992,0.301,-0.1232598382487659,0.1232598382487659,3,Monday,9
2009-09-28 04:00:00,0.2620666666666666,0.3749014467043774,0.2838666666666666,-0.1128347800377108,0.1128347800377108,4,Monday,9
2009-09-28 05:00:00,0.8204333333333333,0.9620042412575072,0.2566333333333333,-0.1415709079241739,0.1415709079241739,5,Monday,9
2009-09-28 06:00:00,2.3105,1.7927892335183502,0.2620666666666666,0.51771076648165,0.51771076648165,6,Monday,9
2009-09-28 07:00:00,1.3879666666666668,1.5114380253381765,0.8204333333333333,-0.1234713586715097,0.1234713586715097,7,Monday,9
2009-09-28 08:00:00,1.4242666666666668,1.4640661543114328,2.3105,-0.039799487644766,0.039799487644766,8,Monday,9
2009-09-28 09:00:00,1.3401333333333334,1.0674777003487683,1.3879666666666668,0.2726556329845648,0.2726556329845648,9,Monday,9
2009-09-28 10:00:00,1.3021,1.091495898931386,1.4242666666666668,0.2106041010686141,0.2106041010686141,10,Monday,9
2009-09-28 11:00:00,0.6675,0.9089388983699016,1.3401333333333334,-0.2414388983699015,0.2414388983699015,11,Monday,9
2009-09-28 12:00:00,0.2522333333333333,0.8706865059561653,1.3021,-0.618453172622832,0.618453172622832,12,Monday,9
2009-09-28 13:00:00,0.2833333333333333,0.653368633036545,0.6675,-0.3700352997032117,0.3700352997032117,13,Monday,9
2009-09-28 14:00:00,0.2039333333333333,0.3833691619363001,0.2522333333333333,-0.1794358286029668,0.1794358286029668,14,Monday,9
2009-09-28 15:00:00,0.2780333333333333,0.4047906822386192,0.2833333333333333,-0.1267573489052859,0.1267573489052859,15,Monday,9
2009-09-28 16:00:00,0.4072666666666666,0.4343019592218573,0.2039333333333333,-0.0270352925551907,0.0270352925551907,16,Monday,9
2009-09-28 17:00:00,0.6704,0.7698488703356241,0.2780333333333333,-0.0994488703356241,0.0994488703356241,17,Monday,9
2009-09-28 18:00:00,2.153766666666667,1.5006979366835989,0.4072666666666666,0.653068729983068,0.653068729983068,18,Monday,9
2009-09-28 19:00:00,1.7170999999999998,1.864923371443561,0.6704,-0.1478233714435612,0.1478233714435612,19,Monday,9
2009-09-28 20:00:00,2.0582000000000003,2.336161343631772,2.153766666666667,-0.2779613436317718,0.2779613436317718,20,Monday,9
2009-09-28 21:00:00,2.0489,1.523231716391108,1.7170999999999998,0.5256682836088922,0.5256682836088922,21,Monday,9
2009-09-28 22:00:00,0.4473666666666667,0.9027193869666336,2.0582000000000003,-0.455352720299967,0.455352720299967,22,Monday,9
2009-09-28 23:00:00,0.3008666666666666,0.5653736806549674,2.0489,-0.2645070139883008,0.2645070139883008,23,Monday,9
2009-09-29 00:00:00,0.2665333333333333,0.4052982246102086,0.4473666666666667,-0.1387648912768753,0.1387648912768753,0,Tuesday,9
2009-09-29 01:00:00,0.3106333333333334,0.3449833972903428,0.3008666666666666,-0.0343500639570094,0.0343500639570094,1,Tuesday,9
2009-09-29 02:00:00,0.2296,0.3707724626157653,0.2665333333333333,-0.1411724626157653,0.1411724626157653,2,Tuesday,9
2009-09-29 03:00:00,0.2450666666666666,0.3858215148561263,0.3106333333333334,-0.1407548481894597,0.1407548481894597,3,Tuesday,9
2009-09-29 04:00:00,0.2537,0.3546111811454972,0.2296,-0.1009111811454972,0.1009111811454972,4,Tuesday,9
2009-09-29 05:00:00,0.5968666666666667,0.7254763489029422,0.2450666666666666,-0.1286096822362755,0.1286096822362755,5,Tuesday,9
2009-09-29 06:00:00,2.0961000000000003,1.6675288204743743,0.2537,0.4285711795256259,0.4285711795256259,6,Tuesday,9
2009-09-29 07:00:00,1.6255333333333333,1.5923443922479144,0.5968666666666667,0.0331889410854189,0.0331889410854189,7,Tuesday,9
2009-09-29 08:00:00,1.7227666666666666,1.46649082958144,2.0961000000000003,0.2562758370852265,0.2562758370852265,8,Tuesday,9
2009-09-29 09:00:00,1.0853666666666666,1.2423520878710437,1.6255333333333333,-0.1569854212043768,0.1569854212043768,9,Tuesday,9
2009-09-29 10:00:00,0.2759333333333333,1.2743919779052026,1.7227666666666666,-0.9984586445718692,0.9984586445718692,10,Tuesday,9
2009-09-29 11:00:00,0.266,0.9204204098981684,1.0853666666666666,-0.6544204098981684,0.6544204098981684,11,Tuesday,9
2009-09-29 12:00:00,0.5344333333333334,0.5165819830321791,0.2759333333333333,0.0178513503011543,0.0178513503011543,12,Tuesday,9
2009-09-29 13:00:00,0.5190666666666667,0.6125645187932267,0.266,-0.09349785212656,0.09349785212656,13,Tuesday,9
2009-09-29 14:00:00,0.3221,0.7587940795154868,0.5344333333333334,-0.4366940795154868,0.4366940795154868,14,Tuesday,9
2009-09-29 15:00:00,0.6328333333333334,0.6984353307393874,0.5190666666666667,-0.0656019974060539,0.0656019974060539,15,Tuesday,9
2009-09-29 16:00:00,0.5971333333333334,0.688623018016728,0.3221,-0.0914896846833945,0.0914896846833945,16,Tuesday,9
2009-09-29 17:00:00,1.1212000000000002,0.9714288372401892,0.6328333333333334,0.1497711627598109,0.1497711627598109,17,Tuesday,9
2009-09-29 18:00:00,0.8068333333333333,1.7713028698174826,0.5971333333333334,-0.9644695364841492,0.9644695364841492,18,Tuesday,9
2009-09-29 19:00:00,2.6104333333333334,2.197952672203344,1.1212000000000002,0.4124806611299898,0.4124806611299898,19,Tuesday,9
2009-09-29 20:00:00,1.9214,2.038134456035328,0.8068333333333333,-0.1167344560353276,0.1167344560353276,20,Tuesday,9
2009-09-29 21:00:00,0.4934,1.550247567248053,2.6104333333333334,-1.0568475672480528,1.0568475672480528,21,Tuesday,9
2009-09-29 22:00:00,0.2728333333333333,0.825375333600191,1.9214,-0.5525420002668577,0.5525420002668577,22,Tuesday,9
2009-09-29 23:00:00,0.2708333333333333,0.5463213047976127,0.4934,-0.2754879714642793,0.2754879714642793,23,Tuesday,9
2009-09-30 00:00:00,0.2117666666666666,0.3707724626157653,0.2728333333333333,-0.1590057959490987,0.1590057959490987,0,Wednesday,9
2009-09-30 01:00:00,0.3648666666666667,0.3546511191698632,0.2708333333333333,0.0102155474968034,0.0102155474968034,1,Wednesday,9
2009-09-30 02:00:00,0.8040333333333333,0.3450895205718587,0.2117666666666666,0.4589438127614745,0.4589438127614745,2,Wednesday,9
2009-09-30 03:00:00,0.2814333333333333,0.3817956782791161,0.3648666666666667,-0.1003623449457828,0.1003623449457828,3,Wednesday,9
2009-09-30 04:00:00,0.2718333333333333,0.4546567481076805,0.8040333333333333,-0.1828234147743472,0.1828234147743472,4,Wednesday,9
2009-09-30 05:00:00,0.6202333333333333,0.8491282225949037,0.2814333333333333,-0.2288948892615704,0.2288948892615704,5,Wednesday,9
2009-09-30 06:00:00,2.1026,1.649431984122289,0.2718333333333333,0.4531680158777107,0.4531680158777107,6,Wednesday,9
2009-09-30 07:00:00,1.3672666666666666,1.5832871611715371,0.6202333333333333,-0.2160204945048707,0.2160204945048707,7,Wednesday,9
2009-09-30 08:00:00,1.328566666666667,1.4655467494040058,2.1026,-0.1369800827373388,0.1369800827373388,8,Wednesday,9
2009-09-30 09:00:00,1.534333333333333,1.089883644071426,1.3672666666666666,0.4444496892619072,0.4444496892619072,9,Wednesday,9
2009-09-30 10:00:00,0.5489999999999999,1.0037117432409182,1.328566666666667,-0.4547117432409182,0.4547117432409182,10,Wednesday,9
2009-09-30 11:00:00,0.4175333333333333,1.1973086808044873,1.534333333333333,-0.779775347471154,0.779775347471154,11,Wednesday,9
2009-09-30 12:00:00,2.326533333333333,0.8788675597862903,0.5489999999999999,1.4476657735470426,1.4476657735470426,12,Wednesday,9
2009-09-30 13:00:00,1.6040333333333334,0.7737296507670348,0.4175333333333333,0.8303036825662986,0.8303036825662986,13,Wednesday,9
2009-09-30 14:00:00,1.4943,1.3332183122342014,2.326533333333333,0.1610816877657985,0.1610816877657985,14,Wednesday,9
2009-09-30 15:00:00,1.4411333333333334,1.1280858034588497,1.6040333333333334,0.3130475298744839,0.3130475298744839,15,Wednesday,9
2009-09-30 16:00:00,0.2893666666666666,1.07275561743139,1.4943,-0.7833889507647234,0.7833889507647234,16,Wednesday,9
2009-09-30 17:00:00,1.6767333333333334,1.2548904170894273,1.4411333333333334,0.4218429162439061,0.4218429162439061,17,Wednesday,9
2009-09-30 18:00:00,2.6398333333333337,1.4662862525707496,0.2893666666666666,1.173547080762584,1.173547080762584,18,Wednesday,9
2009-09-30 19:00:00,1.7953,2.1439456566778974,1.6767333333333334,-0.3486456566778975,0.3486456566778975,19,Wednesday,9
2009-09-30 20:00:00,2.5699666666666667,2.6772326174508483,2.6398333333333337,-0.1072659507841815,0.1072659507841815,20,Wednesday,9
2009-09-30 21:00:00,2.8116666666666665,1.6412729619548598,1.7953,1.1703937047118067,1.1703937047118067,21,Wednesday,9
2009-09-30 22:00:00,0.8346333333333332,0.8454562297026581,2.5699666666666667,-0.0108228963693248,0.0108228963693248,22,Wednesday,9
2009-09-30 23:00:00,0.3055333333333333,0.6715585795301741,2.8116666666666665,-0.3660252461968407,0.3660252461968407,23,Wednesday,9
2009-10-01 00:00:00,0.2193,0.3992080231253515,0.8346333333333332,-0.1799080231253515,0.1799080231253515,0,Thursday,10
2009-10-01 01:00:00,0.2542666666666667,0.3346251769275759,0.3055333333333333,-0.0803585102609092,0.0803585102609092,1,Thursday,10
2009-10-01 02:00:00,0.2953333333333333,0.3549705580001525,0.2193,-0.0596372246668192,0.0596372246668192,2,Thursday,10
2009-10-01 03:00:00,0.2473,0.3789109445147864,0.2542666666666667,-0.1316109445147864,0.1316109445147864,3,Thursday,10
2009-10-01 04:00:00,0.2877,0.3754283143418057,0.2953333333333333,-0.0877283143418057,0.0877283143418057,4,Thursday,10
2009-10-01 05:00:00,0.6407,0.7962807328321796,0.2473,-0.1555807328321795,0.1555807328321795,5,Thursday,10
2009-10-01 06:00:00,2.516033333333333,1.9541397396169613,0.2877,0.5618935937163718,0.5618935937163718,6,Thursday,10
2009-10-01 07:00:00,1.6878666666666668,1.7613439837928346,0.6407,-0.0734773171261677,0.0734773171261677,7,Thursday,10
2009-10-01 08:00:00,1.3428333333333335,1.493522225638368,2.516033333333333,-0.1506888923050344,0.1506888923050344,8,Thursday,10
2009-10-01 09:00:00,0.7722,1.1745576769500825,1.6878666666666668,-0.4023576769500825,0.4023576769500825,9,Thursday,10
2009-10-01 10:00:00,0.2067,1.0414916672096872,1.3428333333333335,-0.8347916672096872,0.8347916672096872,10,Thursday,10
2009-10-01 11:00:00,0.2933,0.8480216574695503,0.7722,-0.5547216574695503,0.5547216574695503,11,Thursday,10
2009-10-01 12:00:00,0.2325666666666666,0.4178548808885426,0.2067,-0.185288214221876,0.185288214221876,12,Thursday,10
2009-10-01 13:00:00,0.265,0.4279282418256675,0.2933,-0.1629282418256675,0.1629282418256675,13,Thursday,10
2009-10-01 14:00:00,0.2704,0.3598680985654887,0.2325666666666666,-0.0894680985654887,0.0894680985654887,14,Thursday,10
2009-10-01 15:00:00,0.2334999999999999,0.4006512033846723,0.265,-0.1671512033846724,0.1671512033846724,15,Thursday,10
2009-10-01 16:00:00,0.2731666666666666,0.5137682922915999,0.2704,-0.2406016256249333,0.2406016256249333,16,Thursday,10
2009-10-01 17:00:00,0.4645333333333333,0.674812530475239,0.2334999999999999,-0.2102791971419057,0.2102791971419057,17,Thursday,10
2009-10-01 18:00:00,1.2240666666666666,1.7222781803267184,0.2731666666666666,-0.4982115136600518,0.4982115136600518,18,Thursday,10
2009-10-01 19:00:00,2.4952,2.136473454524213,0.4645333333333333,0.3587265454757875,0.3587265454757875,19,Thursday,10
2009-10-01 20:00:00,3.4488,1.7240854396507692,1.2240666666666666,1.7247145603492309,1.7247145603492309,20,Thursday,10
2009-10-01 21:00:00,3.0476,1.55061943274437,2.4952,1.49698056725563,1.49698056725563,21,Thursday,10
2009-10-01 22:00:00,0.4303,0.889116493957606,3.4488,-0.4588164939576059,0.4588164939576059,22,Thursday,10
2009-10-01 23:00:00,0.3069,0.6837971439692053,3.0476,-0.3768971439692053,0.3768971439692053,23,Thursday,10
2009-10-02 00:00:00,0.1956,0.3943898136662512,0.4303,-0.1987898136662512,0.1987898136662512,0,Friday,10
2009-10-02 01:00:00,0.2586333333333333,0.346804614061737,0.3069,-0.0881712807284036,0.0881712807284036,1,Friday,10
2009-10-02 02:00:00,0.3078,0.3205668683001066,0.1956,-0.0127668683001065,0.0127668683001065,2,Friday,10
2009-10-02 03:00:00,0.2268666666666666,0.3759364825073374,0.2586333333333333,-0.1490698158406708,0.1490698158406708,3,Friday,10
2009-10-02 04:00:00,0.3065666666666666,0.3712625792907167,0.3078,-0.0646959126240501,0.0646959126240501,4,Friday,10
2009-10-02 05:00:00,1.1356333333333335,0.7144901854314051,0.2268666666666666,0.4211431479019284,0.4211431479019284,5,Friday,10
2009-10-02 06:00:00,2.0710666666666664,1.6314493035088398,0.3065666666666666,0.4396173631578266,0.4396173631578266,6,Friday,10
2009-10-02 07:00:00,1.5927333333333336,1.5861448907814055,1.1356333333333335,0.0065884425519278,0.0065884425519278,7,Friday,10
2009-10-02 08:00:00,1.2912333333333337,1.4713174864935652,2.0710666666666664,-0.1800841531602315,0.1800841531602315,8,Friday,10
2009-10-02 09:00:00,1.3291666666666666,1.3594029358290114,1.5927333333333336,-0.0302362691623447,0.0302362691623447,9,Friday,10
2009-10-02 10:00:00,1.2745666666666666,1.0248878950372442,1.2912333333333337,0.2496787716294224,0.2496787716294224,10,Friday,10
2009-10-02 11:00:00,0.6703,0.9476268503046033,1.3291666666666666,-0.2773268503046032,0.2773268503046032,11,Friday,10
2009-10-02 12:00:00,0.3694666666666666,0.9142905190479794,1.2745666666666666,-0.5448238523813128,0.5448238523813128,12,Friday,10
2009-10-02 13:00:00,0.4476333333333333,0.7721577016346064,0.6703,-0.324524368301273,0.324524368301273,13,Friday,10
2009-10-02 14:00:00,1.1768333333333334,0.8077888247650384,0.3694666666666666,0.3690445085682949,0.3690445085682949,14,Friday,10
2009-10-02 15:00:00,0.3099,0.7501105032493512,0.4476333333333333,-0.4402105032493512,0.4402105032493512,15,Friday,10
2009-10-02 16:00:00,0.9574666666666668,0.8716676071133242,1.1768333333333334,0.0857990595533425,0.0857990595533425,16,Friday,10
2009-10-02 17:00:00,0.4525333333333333,0.8784516748764342,0.3099,-0.4259183415431009,0.4259183415431009,17,Friday,10
2009-10-02 18:00:00,1.4276333333333333,1.7799508846925691,0.9574666666666668,-0.352317551359236,0.352317551359236,18,Friday,10
2009-10-02 19:00:00,1.728,1.87727839387278,0.4525333333333333,-0.1492783938727799,0.1492783938727799,19,Friday,10
2009-10-02 20:00:00,0.8019333333333333,2.043002093446951,1.4276333333333333,-1.2410687601136177,1.2410687601136177,20,Friday,10
2009-10-02 21:00:00,0.2961333333333333,1.6157957432281664,1.728,-1.319662409894833,1.319662409894833,21,Friday,10
2009-10-02 22:00:00,0.2765333333333333,0.753444539167244,0.8019333333333333,-0.4769112058339106,0.4769112058339106,22,Friday,10
2009-10-02 23:00:00,0.3158333333333333,0.7083986547566883,0.2961333333333333,-0.392565321423355,0.392565321423355,23,Friday,10
2009-10-03 00:00:00,0.2284333333333333,0.389514046314149,0.2765333333333333,-0.1610807129808157,0.1610807129808157,0,Saturday,10
2009-10-03 01:00:00,0.3219333333333333,0.3574891107418644,0.3158333333333333,-0.0355557774085311,0.0355557774085311,1,Saturday,10
2009-10-03 02:00:00,0.2598999999999999,0.3376554992170499,0.2284333333333333,-0.07775549921705,0.07775549921705,2,Saturday,10
2009-10-03 03:00:00,0.5042333333333333,0.3898169474630686,0.3219333333333333,0.1144163858702647,0.1144163858702647,3,Saturday,10
2009-10-03 04:00:00,0.6542666666666667,0.3410643977574124,0.2598999999999999,0.3132022689092542,0.3132022689092542,4,Saturday,10
2009-10-03 05:00:00,0.4626666666666666,0.7211944156302619,0.5042333333333333,-0.2585277489635952,0.2585277489635952,5,Saturday,10
2009-10-03 06:00:00,1.9574666666666665,1.225480913191007,0.6542666666666667,0.7319857534756595,0.7319857534756595,6,Saturday,10
2009-10-03 07:00:00,1.5574666666666668,1.4900373215270035,0.4626666666666666,0.0674293451396632,0.0674293451396632,7,Saturday,10
2009-10-03 08:00:00,1.6580333333333332,1.601994600059692,1.9574666666666665,0.0560387332736413,0.0560387332736413,8,Saturday,10
2009-10-03 09:00:00,0.924,1.4419510565062907,1.5574666666666668,-0.5179510565062907,0.5179510565062907,9,Saturday,10
2009-10-03 10:00:00,0.3844333333333333,1.4789195960631376,1.6580333333333332,-1.0944862627298044,1.0944862627298044,10,Saturday,10
2009-10-03 11:00:00,0.4639666666666667,1.122931123156048,0.924,-0.6589644564893815,0.6589644564893815,11,Saturday,10
2009-10-03 12:00:00,1.2402333333333333,0.9972377428266036,0.3844333333333333,0.2429955905067296,0.2429955905067296,12,Saturday,10
2009-10-03 13:00:00,2.052666666666666,1.021323960610926,0.4639666666666667,1.03134270605574,1.03134270605574,13,Saturday,10
2009-10-03 14:00:00,2.816666666666667,1.020150236608937,1.2402333333333333,1.79651643005773,1.79651643005773,14,Saturday,10
2009-10-03 15:00:00,2.0856666666666666,1.4853618088900131,2.052666666666666,0.6003048577766534,0.6003048577766534,15,Saturday,10
2009-10-03 16:00:00,3.121,1.5860171763020012,2.816666666666667,1.5349828236979988,1.5349828236979988,16,Saturday,10
2009-10-03 17:00:00,2.2118333333333333,2.063581805482172,2.0856666666666666,0.1482515278511615,0.1482515278511615,17,Saturday,10
2009-10-03 18:00:00,1.4832666666666663,2.7711705887597846,3.121,-1.2879039220931183,1.2879039220931183,18,Saturday,10
2009-10-03 19:00:00,1.4484666666666668,2.323394947978023,2.2118333333333333,-0.8749282813113564,0.8749282813113564,19,Saturday,10
2009-10-03 20:00:00,1.3031,1.879440751024676,1.4832666666666663,-0.5763407510246756,0.5763407510246756,20,Saturday,10
2009-10-03 21:00:00,0.5019666666666667,1.4029228892970365,1.4484666666666668,-0.9009562226303698,0.9009562226303698,21,Saturday,10
2009-10-03 22:00:00,0.6548333333333333,0.8869891015486487,1.3031,-0.2321557682153154,0.2321557682153154,22,Saturday,10
2009-10-03 23:00:00,0.5618666666666667,0.6029908032809826,0.5019666666666667,-0.0411241366143159,0.0411241366143159,23,Saturday,10
2009-10-04 00:00:00,0.3466666666666667,0.4033497918331836,0.6548333333333333,-0.0566831251665169,0.0566831251665169,0,Sunday,10
2009-10-04 01:00:00,0.3102999999999999,0.3669566434584713,0.5618666666666667,-0.0566566434584713,0.0566566434584713,1,Sunday,10
2009-10-04 02:00:00,0.2596333333333333,0.401579525061694,0.3466666666666667,-0.1419461917283607,0.1419461917283607,2,Sunday,10
2009-10-04 03:00:00,0.2984,0.359959007666856,0.3102999999999999,-0.061559007666856,0.061559007666856,3,Sunday,10
2009-10-04 04:00:00,0.2058,0.3558022587567934,0.2596333333333333,-0.1500022587567934,0.1500022587567934,4,Sunday,10
2009-10-04 05:00:00,0.2962333333333333,0.6862684809888727,0.2984,-0.3900351476555394,0.3900351476555394,5,Sunday,10
2009-10-04 06:00:00,0.3950333333333333,0.5030472927628936,0.2058,-0.1080139594295603,0.1080139594295603,6,Sunday,10
2009-10-04 07:00:00,0.9543,0.7513824477759529,0.2962333333333333,0.2029175522240471,0.2029175522240471,7,Sunday,10
2009-10-04 08:00:00,0.305,1.078544040155774,0.3950333333333333,-0.773544040155774,0.773544040155774,8,Sunday,10
2009-10-04 09:00:00,1.6227666666666667,1.2741977422367332,0.9543,0.3485689244299335,0.3485689244299335,9,Sunday,10
2009-10-04 10:00:00,0.9318666666666666,0.9534293385733636,0.305,-0.0215626719066969,0.0215626719066969,10,Sunday,10
2009-10-04 11:00:00,2.5187000000000004,1.6957118554137809,1.6227666666666667,0.8229881445862197,0.8229881445862197,11,Sunday,10
2009-10-04 12:00:00,2.2893666666666665,1.4176455303066149,0.9318666666666666,0.8717211363600517,0.8717211363600517,12,Sunday,10
2009-10-04 13:00:00,2.2152666666666665,1.8012128465567017,2.5187000000000004,0.4140538201099648,0.4140538201099648,13,Sunday,10
2009-10-04 14:00:00,1.1509,1.6596604257567729,2.2893666666666665,-0.5087604257567728,0.5087604257567728,14,Sunday,10
2009-10-04 15:00:00,0.7968666666666666,1.6519982755831997,2.2152666666666665,-0.8551316089165331,0.8551316089165331,15,Sunday,10
2009-10-04 16:00:00,0.6694,1.2888791862588873,1.1509,-0.6194791862588873,0.6194791862588873,16,Sunday,10
2009-10-04 17:00:00,0.8353333333333333,1.406424824073998,0.7968666666666666,-0.5710914907406648,0.5710914907406648,17,Sunday,10
2009-10-04 18:00:00,1.8736666666666664,2.2490591990659614,0.6694,-0.375392532399295,0.375392532399295,18,Sunday,10
2009-10-04 19:00:00,3.4286666666666665,2.1738202637057187,0.8353333333333333,1.2548464029609478,1.2548464029609478,19,Sunday,10
2009-10-04 20:00:00,2.6879,2.226260602188108,1.8736666666666664,0.4616393978118922,0.4616393978118922,20,Sunday,10
2009-10-04 21:00:00,1.5933,1.59707393747268,3.4286666666666665,-0.0037739374726799,0.0037739374726799,21,Sunday,10
2009-10-04 22:00:00,0.4711999999999999,0.9087140054209196,2.6879,-0.4375140054209197,0.4375140054209197,22,Sunday,10
2009-10-04 23:00:00,0.3430666666666667,0.5169784144927366,1.5933,-0.1739117478260699,0.1739117478260699,23,Sunday,10
2009-10-05 00:00:00,0.3713333333333333,0.3979361059580952,0.4711999999999999,-0.0266027726247619,0.0266027726247619,0,Monday,10
2009-10-05 01:00:00,0.3598,0.3824651821832348,0.3430666666666667,-0.0226651821832348,0.0226651821832348,1,Monday,10
2009-10-05 02:00:00,0.2882,0.4053380790762548,0.3713333333333333,-0.1171380790762547,0.1171380790762547,2,Monday,10
2009-10-05 03:00:00,0.4050666666666667,0.3999227773869099,0.3598,0.0051438892797567,0.0051438892797567,3,Monday,10
2009-10-05 04:00:00,0.3328666666666667,0.3870862891349452,0.2882,-0.0542196224682785,0.0542196224682785,4,Monday,10
2009-10-05 05:00:00,0.8575333333333333,0.9357221138550498,0.4050666666666667,-0.0781887805217165,0.0781887805217165,5,Monday,10
2009-10-05 06:00:00,2.089,1.6782326833662244,0.3328666666666667,0.4107673166337755,0.4107673166337755,6,Monday,10
2009-10-05 07:00:00,1.437633333333333,1.5754003925910804,0.8575333333333333,-0.1377670592577473,0.1377670592577473,7,Monday,10
2009-10-05 08:00:00,1.4110333333333334,1.3910717034307525,2.089,0.0199616299025808,0.0199616299025808,8,Monday,10
2009-10-05 09:00:00,1.3627,1.1360246419719733,1.437633333333333,0.2266753580280267,0.2266753580280267,9,Monday,10
2009-10-05 10:00:00,1.1776333333333333,1.0250588684934292,1.4110333333333334,0.1525744648399041,0.1525744648399041,10,Monday,10
2009-10-05 11:00:00,0.3234,0.9839877837067156,1.3627,-0.6605877837067154,0.6605877837067154,11,Monday,10
2009-10-05 12:00:00,0.3767333333333333,0.7394119040828151,1.1776333333333333,-0.3626785707494818,0.3626785707494818,12,Monday,10
2009-10-05 13:00:00,0.3407333333333333,0.5314505401548194,0.3234,-0.1907172068214861,0.1907172068214861,13,Monday,10
2009-10-05 14:00:00,0.3063,0.5713092773181367,0.3767333333333333,-0.2650092773181367,0.2650092773181367,14,Monday,10
2009-10-05 15:00:00,0.3648333333333333,0.5515635979321992,0.3407333333333333,-0.1867302645988659,0.1867302645988659,15,Monday,10
2009-10-05 16:00:00,0.4257333333333333,0.5415228831890582,0.3063,-0.1157895498557248,0.1157895498557248,16,Monday,10
2009-10-05 17:00:00,0.9211333333333334,0.977178316281276,0.3648333333333333,-0.0560449829479426,0.0560449829479426,17,Monday,10
2009-10-05 18:00:00,0.9436,1.8107759160093375,0.4257333333333333,-0.8671759160093377,0.8671759160093377,18,Monday,10
2009-10-05 19:00:00,2.439833333333333,2.223024084273931,0.9211333333333334,0.216809249059402,0.216809249059402,19,Monday,10
2009-10-05 20:00:00,1.991933333333333,2.220248463441188,0.9436,-0.2283151301078549,0.2283151301078549,20,Monday,10
2009-10-05 21:00:00,1.4534333333333334,1.5351028513956384,2.439833333333333,-0.081669518062305,0.081669518062305,21,Monday,10
2009-10-05 22:00:00,0.9351666666666668,0.8559801939507692,1.991933333333333,0.0791864727158976,0.0791864727158976,22,Monday,10
2009-10-05 23:00:00,0.4104827586206896,0.5726996856915528,1.4534333333333334,-0.1622169270708632,0.1622169270708632,23,Monday,10
